"Zone","Nyanza","Kabarondo (OSM)","Gikonko (OSM)","Muhororo (OSM)","Save (OSM)","Rwamagana (OSM)","Kayonza (OSM)","Musanze - Centre Nord","Nemba (OSM)","Katuna (OSM)","Karongi (OSM)","Huye (Butare) - Centre Sud","Gatsibo (OSM)","Byumba (OSM)","Kigali (OSM)","Gasabo (OSM)","Zone industrielle 17","Zone industrielle 3","Zone industrielle 4","Murindi (OSM)","Rilima (OSM)","Zone industrielle 18","Zone industrielle 19","Ramiro (OSM)","Ngoma (OSM)","Kibaya (OSM)","Gikoro (OSM)","Gahengeri (OSM)","Nzige (OSM)","Nyakabuye (OSM)","Miyove (OSM)","Musambira (OSM)","Ruhango (OSM)","Butamwa (OSM)","Gisagara (OSM)","Kigali - SEZ Masoro","Ruganda (OSM)","Nyacyonga (OSM)","Rukoli (OSM)","Rubavu - Centre Ouest","Zone industrielle 5","Zone industrielle 10","Zone industrielle 8","Rusizi - Centre Sud-Ouest","Rugaragara (OSM)","Rusizi (OSM)","Rwamagana","Rukara (OSM)","Musasa (OSM)","Kigali - Hub Central","Kigali - Marché Kimisagara","Sake (OSM)","Nyamagabe (OSM)","Nstinda (OSM)","Muhazi (OSM)","Nyamirama (OSM)","Ruramira (OSM)","Remera (OSM)","Kibungo (OSM)","Nyagatare (OSM)","Muhanga","Kigoma (OSM)","Rwabutazi (OSM)","Butezi (OSM)","Cumbati (OSM)","Gahara (OSM)","Rukomo (OSM)","Gatuna (OSM)","Zone industrielle 14","Kabaya (OSM)","Rukumberi (OSM)","Zone industrielle 16","Rugendabari (OSM)","Nyagasambu (OSM)","Nyakarambi (OSM)","Buhanda (OSM)","Frontière Bugarama (Burundi)","Frontière Rubavu/Goma (RDC)","Ruhango (OSM)_1","Karondo (OSM)","Kajevuba (OSM)","Ntunga (OSM)","Kibuye (OSM)","Masaka (OSM)","Cyamutara (OSM)","Frontière Gatuna (Ouganda)","Kadobogo (OSM)","Gatsata / Karuruma (OSM)","Kabuga Ka Musha (OSM)","Runda (OSM)","Ruhondo (OSM)","Mukamira (OSM)","Zone industrielle 13","Zone industrielle 15","Ngarama (OSM)","Rushashi (OSM)","Bugarama (OSM)","Kigoma (OSM)_1","Mugina (OSM)","Gitwe (OSM)","Carrier (OSM)","Bugesera SEZ (Agro-industrie)","Rusine (OSM)","Ngororero (OSM)","Idigiri (OSM)","Zone industrielle 1","Rwafandi (OSM)","Rusumo (OSM)","Karengera (OSM)","Kaduha (OSM)","Zone industrielle 2","Marenge (OSM)","Kabuga (OSM)","Kayumbo Centre (OSM)","Kinigi (OSM)","Cyunuzi (OSM)","Rubona (OSM)","Frontière Kagitumba (Ouganda)","Base (OSM)","Frontière Rusumo (Tanzanie)"
"Nyanza",0,10.1189207284019,267.085760259876,238.387544213404,208.283197882295,13.1001330052719,10.3814738975051,16.9701467098106,13.0535387530578,12.0312623672124,18.7663863272698,215.891322915907,7.5137354876246,15.4016825246366,26.1020339657458,21.3429294174541,31.94425541121,32.6032385323938,35.4786160157009,21.559227137526,27.8676055523672,53.8780063575985,57.4934934456473,40.8509615510912,13.2866565072232,10.7403353508429,13.8031660544454,17.2280693637299,13.8670778345697,8.65270212059247,11.673663382815,71.4097035473567,524.436529631851,25.5924676306978,79.0374716715488,107.312416286235,16.2519328945517,27.3189826930308,14.7600561612205,11.8694602090965,12.5661908006875,13.6207187429845,12.3649875484051,12.8057215291029,7.56918492240897,10.1748849392567,9.74040243832551,8.83219837650664,17.8906615957659,312.059209988994,51.4427370339481,19.1330320283369,85.8719976553895,11.7890142688943,11.1103779787646,10.2711298259349,10.0273295912627,11.028987443694,11.6991238334201,6.71511012162922,89.9301298450012,11748.8887086466,10.1013392498869,10.4035438646414,10.7567280447608,11.8876285826477,15.4884863696537,11.7628445694869,30.0440715819363,17.5852089627849,23.4756444320168,9.73200936549692,44.711567511578,15.2005773540672,8.60636705505735,157.171913197356,10.4646991248059,32.3430090062056,625.707893848439,16.5341211604114,22.0480921129418,13.7088991418285,18.5546083481725,20.2743837626806,21.08753633718,25.3688236802228,16.974190173453,28.1144198801565,14.327901171491,35.7932987708199,9.65056591988313,12.1819361419069,11.3007400777082,86.62242128544,9.09404891133362,13.7472261313381,7.21505779798743,15.9910910810802,17.5307518383883,242.959285082618,20.4539639240042,74.5154877921722,24.1072249140728,28.9089879150929,19.7644952435586,14.5967751350307,18.6963633577058,17.2772031036018,10.2998709442445,54.2184990231962,13.2584686826452,20.2696407188994,20.0257468190969,50.0620410091278,9.95680226596814,9.68604717791968,220.265257399551,9.74184197410606,14.7367876146241,18.2921287334434
"Kabarondo (OSM)",9.67107327501872,0,11.3233175703735,11.0510283729728,10.9665419637734,283.818935287436,892.262968327577,15.9825751377947,14.2117329368377,18.9855813573212,9.0186540871362,18.0292236907748,64.0735951850386,23.8468848105639,44.371869255378,49.2375641303206,40.6513230165067,47.783237790638,53.3160313517345,56.3820275756883,29.9758147706508,44.6823852808191,43.3519327934962,35.2782266653665,287.00791709861,428.808304829262,141.687925633453,85.332235908219,76.2847922830985,4.29121496129043,18.1422483563082,21.3075043633683,14.7295686274705,31.2400735532529,10.8697720833531,173.764390528912,17.61058269281,34.0816283547415,42.2536912802682,9.01366836393252,10.5449533969449,10.464273350831,6.98371973320409,5.69592881824335,4.01050369376642,4.64845183273879,102.567893153556,187.126463119064,12.3023517505479,352.92555828049,68.9353750072328,94.2196179598928,9.22300750279394,369.405902084848,526.425756995126,1820.57419697998,3151.48379082189,3754.0502534663,1265.83524233349,27.0994936672986,14.1239555878399,14.239633090045,180.876298940355,129.623937415911,94.9071315022202,90.7298757674671,26.6550196007663,19.4088474268781,60.4492017141962,8.86865985883837,64.1932760685008,68.0217387920955,13.4848503232701,111.614348986045,132.671253794329,12.6560830453962,6.5471641828859,27.0359332830695,14.3739408341304,94.0739066639447,33.3105973359284,167.838257956903,8.97969205086267,57.6923608368715,31.6224274561289,52.0229800743814,25.1354315111911,34.114655003374,147.938527829115,24.2992967803764,11.1137751909087,8.31424894052938,6.92095778023986,17.1922472076914,35.6630686403047,14.7959317982774,3.91255422450322,24.0675686627231,26.0344125047349,12.7771964076986,30.2087340138338,90.5031479909759,30.6815478193321,11.2406323677214,29.5103935540396,17.081320643433,27.5884934004663,25.6426605995827,4.69658630181176,9.23854484771221,13.9217553331332,25.1722597999429,65.9911620214001,22.2431909389096,9.51784374097919,234.738799544326,11.0039994359428,39.1132657257765,16.1897106639422,147.824956717366
"Gikonko (OSM)",267.053690028387,11.8173501886173,0,81683.5644682418,15209.8990410673,15.0329104243034,12.0785278076562,19.6117673271054,14.818351859166,13.8408528331127,19.9093756057837,2018.94354503183,9.08032288832463,17.2692167287682,26.7289620229019,22.2212517070044,32.7413755437531,33.9086706740372,36.6059248057551,22.4002104762424,27.6404080631592,50.3170649449371,52.9311378682742,37.1556199773499,14.9453304342838,12.5019570342398,15.4548251678774,18.6084337267568,15.5119678079593,13.4443719140768,13.3753541430472,55.5954767544995,166.399415683939,25.8566068381956,393.246183055439,111.573091081691,17.7235548834184,27.1886596073238,16.4052170226998,14.1634299909435,15.2684317103414,16.3983930561849,19.040840618977,20.1125014735727,11.6695359174218,15.838240010262,11.3290141108243,10.5231622824678,19.2375107343699,308.075300454937,49.096746767197,20.2983816155448,182.244144523831,13.4869734503599,12.812829988549,11.9978959210708,11.7423618856715,12.7570030874862,13.4281404136724,8.21058508274031,59.3316034563627,357.074160511243,11.8014328924813,12.1095338074916,12.4700485934079,13.602383927026,17.0269568962496,13.4611315324626,32.1427646258189,18.9289973150101,23.9816817859151,12.1393413515898,39.4780430062688,16.7539268916977,10.2445692821169,88.1461989266984,15.9795880390206,38.9700904316732,177.384203675179,17.9804347244447,22.7951861577821,15.4034780747121,19.713249014218,21.3485705765923,22.0041983443094,30.7468624199326,18.3839802628813,27.6991020343801,15.9958661376541,33.4424441987469,11.3315628279957,13.8736270446128,17.2718775729404,156.845523281695,10.7598114359805,15.4469683908341,11.0992724327371,17.5772303097657,18.881867163785,111.494808976691,21.5261526789058,75.6836512486124,24.6179727254683,28.4712666194981,20.8646188194796,17.4159866895789,19.9658807346776,18.6526405473625,16.133214626467,47.837080105784,15.668530407784,21.5337336713833,21.2867955331382,43.4774355803243,11.7189616428819,11.3873518693595,26514.3614394573,12.3683842310371,16.3381505655101,22.4337492993453
"Muhororo (OSM)",227.186413920342,11.0215104361831,87230.3470785304,0,67656.1797643598,12.9165338619373,11.2912386179407,18.0619370523106,13.4316519384321,12.4282117390208,17.9889727546262,2778.297996475,8.50626871674168,14.802607481288,22.7470156406878,20.632017796386,29.3983480503453,31.157318165554,33.917647924185,20.8131029117978,25.2488451902488,45.851025806934,48.255694606886,33.7930386993189,13.9533514190685,11.4104957917975,14.3617099606688,17.3542378394247,14.430115378734,12.9698373080035,12.4850500819402,50.2076586794214,149.43387818212,23.5375267991703,450.21841872126,104.100416750631,16.5309231945328,24.9062091570809,15.0548846236979,13.2064246196621,14.7428305306096,15.7860855054706,18.5080933301632,19.0260967914003,11.1870005829408,14.0457155581569,10.3298407219352,9.64577803323318,17.8697417090707,261.585468139128,48.6754335583987,18.9229911571454,198.438811373782,12.5991904606784,11.9724953403224,11.0719418153486,10.8660307510826,11.8057110137542,12.4128004747119,7.69810361262426,55.0199537861574,319.093351687742,10.9973839318941,11.2805390694261,11.5993682490258,12.6270073671748,15.8620385752549,12.5751936906072,30.0843110163368,17.6518231405616,22.3416140956823,11.8362200248452,36.7131635363308,15.6325656594733,9.58785797626935,81.6455378825751,16.3140702069775,38.8206198229232,162.971741389456,16.7712398413255,21.2404632848796,14.1536520500294,17.8737307790875,19.6741619822451,20.4312578931205,30.5071942766504,17.1282557143689,25.7585084874144,14.6852163097606,30.976389660039,10.5975020119489,12.9575098960357,17.0094635008944,137.676457527981,10.0444438694796,14.1653434992356,10.6738802462664,16.0275860986515,17.6017382581862,103.057358237251,19.7534080625045,70.4083436550834,22.5125355902005,25.940245382583,19.386746314648,16.6980034366036,18.4221950912266,17.3952761745078,15.2774671710607,45.4621082384609,14.4161357364849,19.2050600056341,19.0984781988552,38.7258201906133,10.6377324797077,10.5857297098961,11433.3341669365,12.3813537549479,15.2503953803992,22.3624686525322
"Save (OSM)",200.893532592888,11.0309710061803,15633.0474629134,67201.4380945826,0,13.1441727017153,11.2910692480311,18.1197424538599,13.4904760622815,12.5243328087661,17.9866924025243,3979.78824778473,8.53490418240028,15.038063942076,22.9540261385786,20.4465647107694,29.8048970855497,31.6723725165475,34.4909412359796,20.6189858537672,25.0033701051153,46.3466987731996,48.7489143655649,33.2531406530046,13.9111035737499,11.4705645628341,14.3263819307605,17.2396364941101,14.3900301324523,13.453424337541,12.4700440352355,48.891291105627,138.580509341063,23.364202347761,541.471966678277,105.05710245593,16.4360586096006,24.6561483903661,15.0484024677942,13.2470396129111,15.1080463254314,16.1727336824829,19.5786456099209,19.8774041738315,11.5952121662228,14.8485034631464,10.3856415947029,9.7100237905134,17.7655796212102,263.255980682762,47.0522571915196,18.7685190736804,222.548867513704,12.580031243446,11.9630021197928,11.1072281377227,10.8968230264501,11.8245480334275,12.4262464148122,7.73192085146208,52.6606314098134,280.330656755055,11.0092597411603,11.2894248999633,11.6075416391493,12.6252880954975,15.787011178026,12.556412660532,30.662001290578,17.5299626520299,22.0870875239875,12.1365650000227,35.8659811338744,15.5570795035448,9.60726536097564,77.6102857906405,16.7843988469793,38.7774214536984,149.682879757849,16.6704388403183,21.0200724935093,14.1583088484729,17.8618164786315,19.5490239136556,20.2515049879432,30.5090741218363,17.0230109204689,25.3942661697432,14.6838034908657,30.4275007457233,10.6060283384535,12.9327363007918,17.953620637434,142.270697555727,10.064169032166,14.176231223989,11.0494574479917,16.0263511900644,17.4825253306013,96.9602047717092,19.6451081594956,70.8736031288845,22.3454902575377,25.6869842494033,19.2335208076048,17.1011551551257,18.3237675564961,17.2796823447142,15.9532521119783,48.3927613499422,14.7366076726114,19.2422849060347,19.1101338567002,38.1497427916811,10.7200552559215,10.6117265331709,5204.37118391054,12.4635644236109,15.1903252829356,22.3806403050538
"Rwamagana (OSM)",13.6864042094359,313.247459993385,15.6688794317156,14.162744707624,14.1655587331995,0,1018.99666904163,23.0129733904606,22.2063809503571,27.6610856885552,12.9929619982329,23.1214736602351,71.6405037433781,39.0284566203302,112.354948503718,110.336033600655,82.207842282554,96.2705735381774,109.2795619186,135.94783513357,56.0276422952649,49.9383697895951,48.2043119592395,39.2671766528672,92.6675604282474,112.172893758619,875.044813258608,276.086103038435,226.502751579591,5.33514105614446,26.0811799953892,36.306991046073,22.7689192755317,59.6761025773093,13.4403708463187,350.24778851271,27.3599463381109,66.4227694941702,90.3788542284407,11.8582949902337,12.5998441980697,12.4845182495841,7.97347099177983,7.41081704123161,4.98414492518424,6.59536621311721,484.805730192968,219.223147321698,17.8425570353729,801.880217293269,119.17466966127,75.1188024782655,11.6226291765416,50352.015897238,3321.64329119607,763.314074683185,611.008137434874,204.017763381237,158.492985351143,30.4892002148226,21.9514898230472,19.0178945820535,71.4556102351866,59.4998454114616,49.5750775341474,48.3691261827688,37.8956640529137,26.3258883636432,130.762669220913,12.1183477055862,54.7900809522557,47.0249103897007,19.7947490973973,478.785007987757,59.8203748817797,18.3556176944153,6.99460191423393,30.9579715780326,21.3681376679196,333.759743154351,62.4007226825584,1531.7109620784,12.8531379271893,143.634214293081,58.5377841483112,53.254283352893,42.9537191159695,64.6353131464756,1032.48116167692,41.3646600541153,15.748200605572,11.2536833981192,7.6437224990977,19.5206218929024,40.250113260384,22.8328378895616,4.82209662227686,39.9839483989218,44.9088494522122,18.5657882664963,56.2850982766938,167.934417633509,57.770092028247,16.5197860757685,53.2836444605624,22.8089380498491,49.3868366899296,43.999410873801,6.07095281309614,13.1066652046506,19.9582151694355,46.5239856780578,190.558594576706,35.0400861324897,13.8303933884381,82.2894488587088,14.4238204988223,40.5527618131899,24.6342717443829,85.8872509724838
"Kayonza (OSM)",9.88922685858605,890.612987232807,11.5372595092754,11.2912386179407,11.19658614376,954.64029066188,0,17.8005878150626,16.2207041276749,23.2220067459992,9.90984501027456,18.3835009877565,105.020165672224,30.0184653672773,59.3937464977001,68.2637983937797,51.0853463318313,60.6666236306583,68.4811401244376,80.7496567795968,37.6829627803517,36.0916023749484,35.23789006219,27.4999102861553,127.029360551045,160.474078155892,282.028146433321,137.929332269571,118.878330302913,4.52514169755583,22.1828763545534,25.4712999891004,16.8970285378154,39.5187824995468,10.3914269592086,224.68818727757,20.6441388694065,43.803426096593,56.570798881945,9.7225909223595,11.292945473376,11.2020240645733,7.33819835785513,6.01931001828427,4.21606217259282,4.87918906441019,184.755468000894,565.392222839894,13.8950150765588,451.51784440296,92.2606621130644,58.9388913678465,9.39604364889967,1547.59577644377,5384.56468655529,9370.74247115013,3940.45186508941,409.820115141283,276.0286348088,35.4271309029264,16.5618886378603,14.6087936882983,94.0196465055205,74.5040078660903,59.2546935067956,57.2767802925241,34.7286628044329,23.9726384199531,79.3667194694261,9.76876211265883,43.8326522368723,50.3194705186985,15.3760849032885,199.400070383526,75.7689382187421,14.3464388199297,6.87893722354159,29.1403877763155,16.4914874060611,157.327006151516,42.7356162446327,366.225752892638,9.86640864138629,83.0241791079776,40.1899748387528,61.8483444281886,30.8345803882035,43.9434584415869,301.249242054109,29.6520808758539,12.4566448392562,9.1168405726224,7.25725214848884,16.5507876971428,49.3732332661067,16.9842541126716,4.11056002268675,30.675008939319,32.1043278098845,14.4962092601493,38.0402742529932,113.346997229504,38.7194963595515,12.5786761103031,37.0846248893136,18.8815084213956,34.2704416117461,31.5525802389413,4.95941948001103,10.1746934764618,15.374513053998,30.6783221140001,98.0748924136588,24.1035442933753,10.4964524807913,111.778867970671,11.2307523890252,47.7301768022999,18.7882913868594,104.693052279635
"Musanze - Centre Nord",16.5479899160912,16.2310358737012,19.1525755647552,18.4033886263751,18.2878769319949,21.5745798203766,18.1353244295689,0,340.481661668433,39.8902405189906,22.3368242107027,29.9299500088516,18.7941670685982,49.8875500848893,38.7743734050431,33.7729500209665,42.3035901745593,52.35336616293,57.0052478091779,34.0688163426706,20.9110591108522,32.8322472411511,32.4445930612419,22.7652937335252,13.73921820834,13.7913712909852,23.2565978218137,28.2054753055561,23.3598359180201,8.56413830850356,74.9361644711959,32.7127664496724,28.2057293068371,35.9803668338113,15.4370212221623,173.151137457366,84.2008572669991,43.0302994811645,21.1141609775014,115.626901501237,103.406036459204,100.351135351877,13.7195198927143,11.6521795656875,7.90079295264117,9.54596661247315,16.7724236926363,16.1946348470124,70.5052339520951,448.573308664604,78.3220953910613,15.7065738912457,15.2212422239091,20.2923112792178,19.2581531269877,17.8722296401838,17.5124529982678,15.3195325475329,14.6842300220442,16.5641921042016,29.065197591332,24.1244865197639,12.3160498078302,11.7228412352354,11.2374282581707,11.9543662505426,43.8072471960604,40.5308515550676,50.1606265299649,112.318812569831,17.4839028065836,16.4964494762055,54.0255631963312,25.3278400354159,11.7300694459726,23.5924747892424,12.3886348974611,297.614126739441,27.2768222957468,27.2295002459842,41.5090406616777,23.0198673783059,22.1831426889889,32.2570753914689,43.029352560768,78.0059587489189,41.7837616040265,44.8331028567535,23.9157076925872,36.946550298085,852.790531793122,347.830146518263,13.3727750553422,23.9419372041447,23.3161824950165,130.183940333552,7.66651807528818,36.4503443859453,40.8701107993383,23.8491060161312,42.6696001053809,70.1472251805394,43.5697725759848,82.3498021550067,41.5267054504029,1761.37335727205,39.0950713448857,41.2942631430278,9.56103712050598,16.6582958727144,3171.5080642905,46.75317486864,31.6438030508949,22.7260229094384,1626.18057627002,12.8096596903537,18.4010922064153,24.1002964069143,176.875297762091,27.9181566863238
"Nemba (OSM)",12.8626458577452,14.6587127464939,14.6146122089368,13.8880164216396,13.7869081935668,20.8932974980675,16.7985041109329,344.443576640255,0,47.7463581237552,12.236342125781,22.4324189506887,17.5595868696822,66.2947575990691,45.7187616116738,37.8198417332369,45.1557085718139,57.6035839551685,63.3051990735148,38.2815364716797,20.0792453757701,30.0812775097456,29.4740125736342,22.3711844862877,11.986664088822,12.0549501914823,22.9939196475801,29.6082967287171,23.1255424827803,5.12154369755466,130.909109974389,36.159315584932,22.2180017460431,41.2772692439815,11.5382101236248,190.591442695892,162.279188812896,53.4010254427725,20.3259994782463,42.4306360806453,40.4467978309987,39.6106553228465,8.02793407199148,6.95208715680209,4.76016863347993,5.82177922994703,15.6459355462073,14.6277650065228,117.103769238795,564.923087254709,100.660262982449,14.0830713214821,11.3223908650382,19.3294719474437,18.101905576972,16.5027020202447,16.0930138165415,13.6685908654654,12.9880712297608,15.0257784528231,22.2358029045186,18.6708244242257,10.5294089721847,9.93540684273047,9.45624445446036,10.167982529413,54.8844381569161,48.9824672339093,52.0645911775675,42.0106110551551,16.056297830515,12.8301667850894,27.461606495875,25.6857355893752,9.94038462865489,18.1930307682731,7.32713487966256,111.392196404387,21.3370720065053,28.2537240474235,50.7110058120826,22.6927214251372,12.1489265316652,35.4890252060998,53.4437703324936,74.4764383551844,51.1983728506957,56.805445101137,23.8364597660939,42.8879496137281,347.282121144233,69.8742319224909,7.82811343922387,17.0257788314554,23.0699772765149,416.608501125812,4.6232854297418,42.035823296431,49.5774864870586,18.4098707111836,52.7458998350303,66.3293263829022,54.3825162626966,39.0897284562436,50.7321660244284,351.254135281798,46.4705465083692,50.3289323522019,5.70962842184675,12.5039860071884,261.931889570143,60.1636905671535,34.4830756916312,22.291726814045,120.389599450552,11.0198013985326,13.9140930793176,19.5024992238586,1013.4413884576,22.2412719187006
"Katuna (OSM)",11.9897956826252,19.8603474008786,13.7970537774028,12.9820550611142,12.9205554643709,26.2828200109652,24.4123549754338,40.8754497675653,48.3615738004613,0,11.6113561102518,21.1196571151751,34.843666114005,238.115245086867,51.5065464511268,42.5504805837928,44.8661463060194,56.8391341316967,62.2827328629152,43.0992899258059,21.8689518301816,29.8582843856004,29.2446601106205,22.2866696969088,14.4372972905857,15.7126680672057,30.8968592005458,35.2853503320807,25.8429931671885,4.97518961343541,197.408038230427,31.8646515615887,20.3094440839362,38.8722521758076,10.9483773737587,230.58577931685,36.3068990755156,76.3513337863873,22.1447456886571,16.8814842118643,17.8971093677266,17.6903698772582,7.74115912592082,6.76725363060173,4.63759900681565,5.74776714710528,19.1225941260212,25.6823550522278,26.9411893600876,562.989507455314,95.9714610738851,14.040207573665,10.6908422943767,23.9152941196079,22.35399991433,23.0706235533237,22.2451864273027,18.2511960738456,17.1694270241743,35.8752426831808,19.8683373566268,17.2027167647647,13.4063311711114,12.5308173485664,11.6648906665008,11.5539360699451,375.72627409494,73596.9600196036,62.9601547283889,14.2210013456681,15.9835962644625,15.2528974776828,18.0335754127885,31.5260683513156,12.5376224069956,16.7462604948453,7.03553175011012,46.2001203180734,19.4384073252437,33.5033043774999,109.909556009101,28.7726406619009,11.5224165574439,39.8160474811958,122.656029304931,323.717657329187,240.705749472843,64.2624713655951,30.0509008523246,36.9235808878755,29.5326111311201,17.9062320486886,7.53862323318417,16.0685886620952,57.6853561792738,40.4808936270457,4.50346532805589,161.280024067956,211.485300649249,16.9336509281083,135.99351218258,65.6819734082039,94.6014532150017,14.8226603192808,144.854230349607,40.3776662678682,174.302274386418,223.355950904833,5.55826662352315,11.8220862489409,34.0538390696861,66.6312509424497,38.7940771387794,22.3080039368945,22.6502330560133,14.1289147236881,13.0580127330932,28.831650076332,67.5945504722543,26.6463441168696
"Karongi (OSM)",18.4765292946766,9.26804869040436,19.6195874237475,18.6534099823626,18.4169834051093,12.3243022456364,10.2208458920754,22.603804517046,12.2393960758209,11.4992468663266,0,29.4163628588138,7.8828267252011,13.9449383435378,20.4159775225055,17.5340843981685,22.4549242313723,26.7923754049517,28.8782676394376,17.6576383752786,11.6745801719312,18.8966407716951,19.499374785254,12.8844617049948,7.96995146753018,8.07016800365755,12.7424023793908,15.0238821103873,12.7859000711414,20.5702863058318,11.2029303186286,37.5430899274642,33.0881180008656,19.9475337763671,14.8542908875406,88.4515736314673,14.3931838836779,20.834281829185,11.7678760550299,40.5922427200606,40.4159379216956,48.2045887775655,27.781252817994,32.7479434285526,17.0046192978892,23.9413632396579,9.51850785693265,8.99459556876531,16.7721417900404,230.428548288691,37.4078404186763,9.1604946930202,21.2616307863049,11.2879879695694,10.7794595957821,10.1422183093305,9.94990239447844,8.82507274508696,8.49746387060526,7.1859403435193,39.6393268392121,26.8696091341913,7.22604053770563,6.90832435636037,6.75049036872022,7.15120673302828,13.8905036857065,11.2685745571294,25.9583152008922,22.4292666264132,10.0937632199452,9.57806383307855,38.134009260182,13.6955744875389,6.90324464014317,45.6215541851317,22.4723988925768,104.504867894176,31.6038821939477,14.5770031280937,17.9317017587523,12.6883990947094,660578.262320329,16.9222530246809,17.3854363018569,27.2235715788073,14.8629010192233,21.1929641194476,13.1207023363074,24.8393973026108,12.3724266873506,21.4109940294777,24.2057048981576,21.2362080288674,9.20143501542214,13.6372879851433,15.9804004039736,14.2540536114119,15.2169767777667,39.5749143931291,17.0378569490859,38.3565906075618,19.130910411676,35.4901296839375,16.6006632714789,19.7718770801096,15.9635087565164,15.0552288802052,25.8294142008813,41.3393946064573,17.7173773582032,17.0082121334925,16.8455083234491,14.0657533331241,13.9570887579504,7.49816907041792,18.6171960744086,11.3338339299977,13.4061320857978,16.2902941048771
"Huye (Butare) - Centre Sud",205.885247477254,18.0887745181996,1967.97268373905,2786.55569779198,3966.34539665791,21.3004341892021,18.4929230886807,29.5595327369445,21.8549316834619,20.3741069545076,28.5915781865829,0,14.1781170348137,24.1687115028345,35.7781295161451,32.2105314302337,46.0571168895169,48.995487023451,53.1341385092512,32.461535447638,38.7396508799617,69.3382468346307,72.6112775695823,50.1713102694394,22.5084561903963,18.7596616387751,23.1356253442356,27.5026611283636,23.2324571718215,25.8894139343762,20.3092380492971,70.6621134933834,169.453890874777,36.4053571968866,1694.55379773864,163.1406213701,26.3071956673465,38.2490924191713,24.2193188495405,21.8949805823355,24.612582417599,26.2552637291754,36.4397606105642,38.6028689073393,22.1311065740586,28.4171646617005,16.9793032694947,16.0210220052955,28.2839223581879,405.591773655976,72.2913146719447,29.7599027055293,656.517993278038,20.4782840167769,19.5303109336246,18.2022586372072,17.8770337151958,19.312498463865,20.2374562509296,12.9016857235671,73.2037296011786,290.415330956189,18.0547101924336,18.4887870491204,18.9800130575791,20.5446708679127,25.3362748321755,20.4420798989524,47.7562051023818,27.933006039088,34.58646069686,19.9751122887223,53.7132824911369,24.9923159966856,15.8687263754497,105.283557022576,31.612790138272,64.1647673181104,180.34454193216,26.6565744160987,33.04508486835,22.8755538830018,28.4103189311711,30.8976668383309,31.926727789312,50.588122464669,27.180493910332,39.3035716326592,23.6698494543216,46.3213194438944,17.4296138042497,21.0181474030333,33.1258404943876,213.144492887508,16.5834268451415,22.9017221946507,21.0497936472262,25.6835815774242,27.8625568747877,126.852166046782,31.0357693807317,109.3358818887,34.9476423857215,39.7044662460692,30.4403752699633,27.6740512434943,29.0999837760571,27.5620686774617,30.8844412987948,103.261496898053,23.9030203375489,30.4346580733118,30.2436215068437,56.7355496556765,17.5941719458652,17.43645654562,1450.57180537315,20.971882366735,24.4451735858563,37.2669223920753
"Gatsibo (OSM)",7.1890992516341,63.8599889846883,8.71052442234724,8.50626871674168,8.47307063999705,63.7721495416786,105.020165672224,18.4429056157643,16.9498256207152,33.0689729235138,7.66526489140652,14.101979413727,0,45.7437546854441,23.7409396135702,25.2064435674318,24.5001901458033,28.476844413211,31.2626804275495,27.5072558768455,17.962378445932,20.8988399585582,20.6640536468082,14.6964659536859,34.0595297606362,37.7215033852636,46.6423395806476,35.3843213293475,33.1371490374452,3.87417257234874,31.381608681244,16.1389067366082,11.7952292668644,18.507720561488,7.35643423869405,103.702386774449,15.9009823602825,27.7242614297673,22.8027199092916,9.96602622963732,11.539647431148,11.4451868656363,6.38693977484055,5.10688059627309,3.63784665516686,4.17845788679105,37.4818166256838,112.151108410924,12.2368155513313,225.106882973835,41.0589458773316,23.2229032024929,7.30163830283878,71.3731344641118,84.3161159314368,87.5693418292405,80.8540845021973,52.3610761362986,46.1893862907999,138.964527149652,11.0086848702532,10.4949285634048,29.6209478977386,26.3504032986777,23.3118787591244,22.8830081594389,56.1822878796299,34.6065195529476,34.2756820249016,8.01954616525377,19.5900988780622,26.2919077338278,10.9181600784937,41.1396619396763,26.5661257499872,10.3314967872865,6.01493931508985,29.8244788451501,11.539092487812,37.4186159289261,33.814060747895,50.7327128939538,7.63662078024817,27.9319658859443,35.6325797390188,111.968945259118,47.8657384798469,25.317760846449,47.6757322758427,17.9756772916949,12.9294273182737,9.39466183982928,6.36541874834786,12.0295502058778,210.172904394911,15.4356363597975,3.55471493027218,47.4680273164724,45.4744160350971,10.4177364079086,37.2378007776454,55.2097038746767,31.0757526566154,9.31828619771317,38.5497786712373,19.5025901695047,41.7429103068299,46.4944698168692,4.21810587291347,7.83826954139297,15.8868325348844,25.3937204084429,30.4793951124429,13.5220945758156,10.8431863142579,32.213715352721,8.4896390884613,117.071909448218,20.3453794144784,50.171685571488
"Byumba (OSM)",16.1177419366625,26.4142874992836,18.029020099544,16.2893005992889,16.2575474679591,39.0284566203302,33.505643594731,53.910913573746,71.1164912374157,251.128159480362,14.7325092993886,26.3204444438357,51.2999687297475,0,89.9066394458244,65.9778892137054,68.931327129614,89.7478062246897,99.2198112038439,67.0107898173082,29.9158996073993,39.702187982737,38.5604563840656,30.6427152379725,18.3413405562327,20.5735164358044,44.5316126773478,52.1343607794588,35.9519139129284,5.72656968217268,468.775643521336,46.9876392880765,27.4870371661993,59.8198787656364,13.7005426511176,380.227825724992,58.9221596716004,144.840243595475,30.3230499940466,20.2443693596441,20.6918170639116,20.4244882205958,8.52424091323272,7.9933597910141,5.32947839433297,7.08723038709861,26.1906610553398,36.2033623073199,35.1369102593737,1010.64366213532,147.34986857739,17.7822676840362,13.1312268803247,32.7243659432504,30.2288068911728,31.7065560546697,30.3218708237481,24.1184716353275,22.5079215749093,38.6412709795467,27.3661501104604,22.5233089076711,16.9261983183292,15.6994276582263,14.5134112233619,14.3771965327709,3786.75743617166,264.226226547484,99.7785657430063,17.2397649493159,20.5797780019636,17.8816084839901,23.6075325547097,45.4561536546814,15.663507614621,21.6970596155367,7.43929331264263,51.6564107054541,25.7274159121261,48.9363705256097,245.182080918465,41.2656892672111,14.567562844338,61.0896697171541,292.966191932162,169.800273599516,1059.4541620471,112.734545621989,43.4945816558663,55.3231841822592,38.892219631201,22.1963196947894,8.14016731619465,18.9811012147839,89.8147511081551,56.9452240416899,5.1503246244934,475.935727803715,795.018179257803,21.9740859122885,351.26808568313,88.3437371752597,198.022828251014,19.2072815287281,387.177358043088,52.7199902825361,545.014936564041,894.060490706237,6.54055621822608,14.8938634463196,45.656155923857,122.576543668128,60.383627057728,31.0852270643504,29.5868716899732,17.9858309725932,16.5658338014706,34.6567843299168,104.192913999089,30.4922753438989
"Kigali (OSM)",27.4321434389714,49.5479879214896,28.026214707747,25.2715748648791,25.0240797040563,112.354948503718,66.7075729650076,41.7720300938304,48.9644263618978,54.4574593263,21.692486300865,39.3060169318804,26.3968121960881,89.9066394458244,0,2082.78380096407,722.035984041261,1612.39205658996,3551.63741196824,2382.80305458516,103.234781844523,122.599437693995,114.371956477827,104.58367130441,33.3625734403502,33.9121398498452,152.998505311074,398.966431370657,155.832211373204,7.01232573861905,52.0627400566003,124.833700021949,51.8851823560225,465.160581256849,22.2586374080328,5877.67361478493,74.3508919202434,684.422024972319,106.696056878688,17.4378784981689,18.0258351698459,17.8141059722518,10.3140839114088,9.93913808273093,6.44927901297659,8.70945523759363,64.8970102617979,44.8506337698751,35.5563795860368,11010.0266941401,1913.45810900492,39.0926990758718,19.0815062294054,93.8351625428853,79.5937399924413,64.0510756168794,60.5596136585417,43.018763038307,38.9281231427956,19.7958162853027,59.8184828267115,39.202197512042,26.4513634283726,23.9357659691078,21.5816660500812,22.5249080811365,96.913355330282,52.8789089063108,2610.4987783595,20.2249462406439,50.2086588445737,24.7509845576021,42.2864375311473,222.390865809312,23.9253175468235,37.4615345970283,8.85849088865143,44.7851014656621,47.9816325086397,323.488917989242,275.374498525972,146.117006733787,21.4153987425234,1148.47577405843,233.824038236502,76.1064273853216,122.405742976232,664.797666621406,170.350496661894,178.174561837068,29.5742877848403,18.2491302758385,9.73242017369902,31.5984417649436,32.6489974716472,52.2505443319884,6.21056187706463,103.087949730974,133.631913124537,38.1419620516854,207.616766279302,320.859755390322,376.832826759284,31.0655432382262,189.276552967915,40.9335423761745,158.594750962214,128.477013630799,8.10295990631778,22.1039917986219,35.6158587500593,192.7634292888,863.227666615021,103.12624278738,23.6637301193838,28.6036292894415,25.5671299536885,24.0030637637767,61.1012067964923,43.0205163255652
"Gasabo (OSM)",20.2861409468656,49.3016460818674,21.1712527538764,20.7207368047872,20.3178396615237,98.8053888053476,68.5809673377956,33.1702290198733,36.5261728517192,40.5426879866822,16.989140138434,32.1249724577474,25.3180377895426,59.0765298940996,2017.07864995122,0,349.923627489287,608.417668004282,959.270909896283,7150.26373774426,106.498020478698,87.420175509014,82.6706088185866,76.3034541251048,32.4401127470208,31.3387694018292,172.422459046806,551.111335917685,176.623117377247,6.06581428988692,41.9262318770479,86.2771288720347,39.3193833788769,269.572430640041,17.8936270881874,3557.17654345357,56.8320949783238,383.074042653531,110.878382604485,14.6522730277115,16.0997698444983,15.9296923569075,9.49762711700356,8.24523966050821,5.5598035184334,6.58314763113655,63.2862023296479,42.4353929702267,28.42722714096,4372.03013019478,1153.42109435344,37.7094861913877,15.8530117152985,100.119167476465,83.3313297568693,63.5558501371078,60.1624609666896,41.6418847256155,37.3577599675566,16.6566097529449,45.7114942479393,30.899076453909,25.194310814451,22.6757124808043,20.2953286398618,21.1601951959273,74.8149742119314,42.6180204693145,4350.0269731243,16.7589285721177,49.2058002990144,23.7328141676939,33.6947214418295,270.354518227525,22.8319462575319,30.0708009999722,8.77843885644979,42.5668724838359,37.9210733588026,424.919513666869,189.983746731949,158.684006796359,16.8798038908991,2196.23113716901,163.873846409001,69.2906702717292,92.7295946108792,386.4572051216,189.03948395938,122.539578796486,24.0547056416464,15.1900190686731,9.23117870725819,26.848677677666,26.823216818332,39.6887264848038,5.39350801892084,75.8605036496684,100.541082659189,30.5816993708123,144.238305828141,327.223561133275,237.848714309761,24.2919076756419,136.397466553792,33.3873096498759,114.900110414793,97.0956633405064,6.75584632064592,17.6162052408667,27.393639421823,127.338536635745,1340.10413587049,72.6785096526063,18.438232637635,27.1807446865802,20.455058122272,24.6049886919471,47.4518029997099,44.5905554324705
"Zone industrielle 17",37.8014098578946,47.2583682957986,38.3666275575715,33.5793531706729,33.8615258607819,99.2752655650071,59.9417413369782,48.1523840034513,53.1591418326181,53.0250733917321,25.7541437716147,52.3658125718288,27.6910194108344,83.0961729172486,880.217490939843,422.761378554857,0,1610.74082698441,2430.91952192023,497.728655625713,150.577897832237,393.009290131732,362.072013233493,220.633502407376,39.2045282837146,35.200896726186,113.110692812341,211.172852256301,114.432475452807,8.78876866382645,48.9313256820151,120.706463557357,56.281218479982,647.20657906593,34.2155585935992,2060.78607645695,73.9842003166234,290.450642067546,88.1483126531629,20.8879297877418,37.1647806270735,36.7578498399103,21.3165920042697,12.5541256141316,8.13053542496916,11.3619373925539,59.1487279504157,44.4452953317404,39.8762004066045,6568.95894160891,933.201807821723,64.069354064534,25.2965371309699,78.2585586578862,68.909580973105,58.9563431682135,56.1791154593867,42.3903173562557,39.0174810845456,21.4847409551464,60.7951931460819,52.7612195024942,27.8427341396483,28.8853053293578,30.1617206292602,34.2715682670044,79.944350648923,49.5060474689342,850.054576830704,23.5361406113036,86.1243029836189,47.412649812288,46.023505843734,145.692307324744,25.4251164092005,41.2858882676855,13.6641746108958,64.5080083020463,51.5077017867167,185.765401208511,166.296911686421,111.118107382183,25.4474328193266,375.262413112844,150.25417889295,94.9317946643522,95.1474839771524,316.311619338856,124.096100046662,157.91609511734,32.9091500213911,21.1960532849686,21.0873095126485,81.2247008774895,33.216869628168,55.5564846570772,7.82195871805404,86.0489952400887,101.364386670407,41.9613002780483,141.041117173732,948.596252426976,207.658602404612,35.5128581770768,130.177322504777,78.3179269202207,116.175056839628,98.4522223732107,10.3685876819665,26.2942632379676,57.4674236988411,140.035983586051,343.552724739637,217.611679588449,27.7171571278782,30.0412291953016,34.4305088222142,35.3380822970592,63.1543617168737,57.0317184872858
"Zone industrielle 3",40.335412138457,56.7492846948958,41.3998406510771,35.8639293945406,36.4485259692324,125.628990276973,72.839910846826,61.3059598373609,70.918983619765,70.6710638836378,31.8113959191089,56.288639338717,32.5617135400644,116.990249822143,2138.01167421498,760.860477549855,1710.65245267275,0,11234.4493675548,808.957349702396,113.749924171256,326.719298836673,309.086311491973,152.461948908679,40.0766528614461,41.8984256619579,143.974014176689,288.852106779139,145.799249240072,10.2271681905203,64.7108143972832,177.866096244859,74.1491401094403,942.094773637872,32.6455831168974,4112.68187861315,103.486839534591,591.122464324724,110.048464477055,25.2289816411577,51.3074620729819,50.7183022585261,28.2057510302524,14.7120476935244,9.45145483886518,13.4278580251645,72.498568956538,53.377368473906,50.8711238194291,21207.3959467808,3563.87359224772,55.778661848124,27.2473979985973,96.7001125577726,84.4371386352383,71.7107048156164,68.1299650455072,50.7157044092618,46.5259442779737,26.4636064274152,83.2431037417181,55.6340572746377,32.7581115729066,29.9611820732401,28.909690391133,32.4425585002392,113.218407693639,65.5611375035618,1726.63938464258,28.8428686492122,71.4906698930139,63.3692808482647,59.381967238946,190.148708967353,29.8209726272479,52.7293494027339,16.8270512017498,82.0940438228764,67.224390977919,249.645874047173,277.861252234098,141.324965046031,31.4215351047532,567.908003018419,243.544433315141,124.497905739284,139.020308931624,679.868688090513,159.435628039092,248.16202255793,41.8291251367141,26.0861445633096,28.0692652399952,89.5980222856041,42.2577462955677,74.5440224521468,9.08084706933586,122.980005469744,149.972856993047,53.6708805236025,223.864544264551,710.040730024789,369.10578693591,44.8247352869651,203.399458038104,113.582554873857,176.438474636358,144.83459558235,12.1933538711035,32.5873947384466,80.2194915444431,219.739028724407,507.958036948517,154.00317186678,34.8261194093479,35.5143364788916,36.979480001486,44.086405457831,86.4027184462092,70.2311883351291
"Zone industrielle 4",44.9179861547229,64.1235591098364,45.6486138640516,39.3359976541803,40.0656238099433,148.002596431551,83.3547576952586,67.615378529332,79.5713876511792,79.2784169420069,34.8364674567901,61.5517071960304,36.0206959155019,134.142489621281,4884.84348021902,1212.4614117557,2650.30512765011,11526.0246368076,0,1313.75091524676,130.072191742394,397.155035682819,374.297240085488,177.395837389622,44.6438317670189,46.7617923786839,172.832489756391,375.97017620476,175.243562204254,10.9867673841227,72.3172501772273,210.101652938257,83.3352181523348,1052.42773824887,35.7035772009979,6410.07370453709,118.189381021538,808.016528529466,129.146333863234,27.3016395852694,58.5901114607351,57.9063770930882,31.8927052697025,15.8558385605856,10.1481200671303,14.5246325547075,83.357063344594,60.1413962896661,56.4132903987299,38507.3161971277,5078.97593934052,61.854611986871,29.697232611949,112.596483854017,97.461868352472,81.9599440069615,77.6636806394512,57.0211121618209,52.1270519237225,28.8257169189021,95.0981418808595,61.839726527513,36.2480187897828,33.0643525022225,31.5117889372857,35.4528564235429,129.952158519982,73.3039170571032,2840.93446643002,31.4740356913621,80.0028761512672,73.2041106439155,66.1460039248993,234.750215490014,32.9015330053256,58.4912137394358,18.5018982776135,90.8410130864622,75.2383479331292,318.426764899186,342.903450150441,169.151616641904,34.4046708730154,834.597388916279,296.322901163581,139.161990071582,161.62236069018,959.729705120032,192.87947594201,302.472669780977,46.0686899843811,28.406417977292,31.7987406153642,103.336587818151,46.5584718900722,83.797138147558,9.74432664425657,141.731921842787,175.273146847269,59.5713560816849,269.807404219605,866.078068323332,469.400769341768,49.5014204895654,243.403896047724,132.023794290157,208.54439372361,168.860792975541,13.1607608039302,35.7342833744347,91.9112234539709,263.536626738357,719.069540514427,179.152094131889,38.2323420809397,39.4211309975738,40.6319599807094,49.439050944224,97.8391855297312,78.6535196428257
"Murindi (OSM)",20.470724601856,56.4017080836344,21.3205569675938,20.8843078413131,20.4719874333965,121.755937160898,81.0457676773981,33.4316949497894,36.9355176805353,41.0235481089737,17.0931942688767,32.3474023763484,27.6050168881923,59.9294261146557,2321.93868793727,7151.08395241049,412.879160947483,648.064475830544,1042.90379844921,0,132.899761425676,92.6873672856788,87.4085477011299,81.7093172732974,35.9279406437183,34.5824577355997,233.244558944984,1044.43088981682,240.044390639505,6.08322815044629,42.4753747054678,88.0638161223791,39.7949854911884,281.182832177006,18.3615745828323,3352.97724347575,57.7493494803026,403.543259083429,139.183566630039,14.7185991852845,16.1692227694195,15.9978976065748,9.52601753374882,8.26825206449819,5.57412168922964,6.59316131420193,74.9140504941107,47.8888640964587,28.7068946423917,4624.49191344079,1232.10197584929,42.2149596225046,15.9549666148734,123.910913335423,100.710827324715,74.4612051272725,70.1009999300808,46.9510962894058,41.7685729382079,16.7679276094865,46.4520586395296,31.2201733143669,27.4573883667229,24.5663139543914,21.8581956259969,22.8368929652439,76.2620366533262,43.183424676345,2957.71037033156,16.8714622511182,56.2893770861253,25.077955782406,34.0739575123268,404.444186627932,24.7494311429631,30.3828592896615,8.80838713787552,42.790266853542,38.3849189457942,728.624372478783,196.63173416726,211.362976164733,16.9836845293825,12584.3231877703,169.097091515905,69.8659187187954,94.7935432843246,407.235007165477,260.585438820656,125.791145025911,24.2669058453903,15.2844828865941,9.25882721855361,27.4868391148963,27.0781279708016,40.1734572269334,5.40736943322823,77.304529442375,102.899950548174,30.9028862010283,148.450660701043,415.016517916141,247.341965611504,24.4966974758213,140.273808892431,33.636058571371,117.812314415425,99.3239713979534,6.77445945608474,17.7306717736415,27.5821280150609,130.689185825486,4569.29417974303,77.613747490339,18.5587154363394,29.7454382803901,20.6085678526149,25.8282361843945,48.1267189662194,47.4484297307417
"Rilima (OSM)",26.9685947164164,30.5737650807824,26.7868817158586,25.8250096407222,25.2618208636189,51.3314864788157,38.5782398275345,20.8898241345368,19.7891953605553,21.2948891174167,11.5236676995335,39.3213634365504,18.3497860588471,27.5679806547396,94.4731369762568,108.513005226663,124.876222280411,91.5975066633854,102.651502971934,135.485278587658,0,566.733150077991,461.798581794518,663.623254528574,46.6617736157858,30.993233645765,69.0656847963095,121.947231957081,91.7546791292265,6.35440152849562,21.2793536155814,32.9259776840149,34.4433026220437,76.0405660500847,25.0339707907067,326.084535977652,25.657312063667,62.3695597419814,110.276041473581,10.9070933445208,12.3134878972558,12.2065156540445,9.81234761373062,8.71957170481077,5.82056682058708,7.08175469109364,35.7649455263917,27.6383836019887,16.5010179142388,668.502558592077,132.046778715115,97.7585172330583,19.0995075557924,49.6127509784493,44.0134910370077,36.8363641217417,35.3999849242696,33.1383864164826,36.5694759570685,11.8654680981438,20.5905614608108,41.1269319706192,28.9762115049172,30.393779574129,32.0479445727577,37.8672421864986,30.0819056775179,21.4919274344822,119.406019754239,11.2242798671622,162.104594010063,21.2555918858615,18.4440681381341,87.8335281286243,22.6269519548122,24.6881509331906,8.94728415279399,31.6037006595813,35.238966161885,109.020229061287,47.496871919823,66.1731703113078,11.4531243833291,160.07213101089,44.604221497419,44.0818735783348,33.7800287859406,62.2326898745554,73.0889565128819,38.9648142875662,14.6241858657912,10.4174393798923,9.47561295704547,36.1506276376683,15.8082091304437,20.7391886326216,5.63669292734033,30.6653503645454,35.2200952727327,27.3960020211801,42.3284726724182,1269.54202960157,52.4953639014075,14.8895386312426,40.9933623705254,21.6332397600031,37.8671741367539,34.5842472857081,7.1346735895107,16.4368746354397,17.9207333908607,40.5700697938494,168.189749534958,155.772447562822,12.2636216618714,26.9054068342133,25.5331105224693,20.1709090202585,23.048074822779,43.7245347869084
"Zone industrielle 18",68.7901356370242,53.0139140810185,63.2236840629815,54.3098368883529,54.8160168040573,65.720531294868,42.0334441340227,37.418754307509,36.154938111957,36.4516785599946,22.0928193938715,81.8099456631767,23.2841317556069,51.9710408099555,164.116386589646,107.827907725733,421.143010856042,330.995373081749,394.09526270023,114.539226172797,728.519214557082,0,56020.7420176405,57984.5391912027,87.2673426404729,60.0795768392766,65.158175824873,93.821698888383,78.8398498488011,11.6017389770202,32.9702695012292,60.8028411054873,80.4467338549711,146.441749508153,55.2319342474806,738.24009096048,43.4943228354672,94.2756815730927,92.6460207305766,18.566492441719,40.0757862542523,39.8430420510155,32.8669166657871,16.8442881364213,10.6636599338061,15.3434445691491,41.5727724522894,34.4253276681736,28.8089794096803,1487.42288761146,165.95237058669,200.748543090423,38.4508095945321,50.720102415946,46.4266641212516,45.9187870529174,47.3962956372496,62.093559733297,69.1358379099493,17.7822234127646,39.9452506452156,97.1488092884047,52.9060631395257,55.6733200254848,59.0998953614949,70.9096623707699,45.7886115587815,33.2069262299358,290.382031401388,20.0425326524815,372.903748438505,74.0815322599936,33.736819443137,75.7681759474965,40.4392481685085,51.5458565202045,19.0902345486196,62.8888990879361,78.5322542756533,87.3437544006391,69.8883743344651,65.4036605990309,21.8654146056059,114.809425606325,66.5924665656671,82.0741936118333,50.9844844734791,95.267832038229,70.2475284408866,68.4800487814868,24.7130382061012,17.5927844934851,32.5798588834615,153.405832969096,24.9436759349447,36.7331942875311,10.2253478003693,49.3531854645454,52.9204309635216,58.1929022453697,65.5065172778843,1435.5344344145,80.7069872186915,28.2746824167418,61.4675482536883,72.4291225113777,58.2085935261227,51.9735844224479,13.9488571728276,34.6403694205448,51.0648393537475,68.4486619491448,129.195975538176,358.914044203638,22.3780964426788,49.6872349807088,55.7999524740133,36.9388055995197,39.6125217902613,90.9098657172494
"Zone industrielle 19",73.9523838585121,51.383205404795,66.9576179847082,57.4098108937101,57.9207474533103,63.860349793259,40.9812187481216,36.9744505140327,35.4756826753988,35.7877012709314,22.8909216072241,86.0396849266125,22.9831751790076,50.8053118956467,154.195690219558,101.941468108754,389.730296446374,314.556480409756,373.179275620926,107.986911399044,597.962442235022,56351.2479286856,0,11191.1083430469,83.1693976456676,58.1676133671914,62.7772865711138,89.1628194295352,75.4589214103854,11.9305954831908,32.3284518141753,58.8475914757906,86.0069502132918,136.925715925799,58.3436802091174,710.597421648485,42.3696587986856,89.7876456790848,88.3110408916129,18.4824151828003,40.4455771845211,41.4946742609254,34.1695934662628,17.353120911606,10.9565230158925,15.8107340945243,40.541053655571,33.7865121190832,28.3527905313255,1403.88881773061,154.509264299239,183.636462100683,40.2874206094827,49.2066487802666,45.1496613170042,44.7318645205322,46.1205776169275,59.9561782304046,66.5354200604468,17.6281906468429,42.1263490611717,104.723804818322,51.2868756631739,53.8915082750175,57.1160450539322,68.1462651938001,44.5523300956869,32.5529348694877,279.537890641518,20.7492059885669,325.894263514806,74.1119012567968,35.2476137867921,72.5865043078848,39.4643970923397,54.4078345331415,19.6946026607356,63.0410262070286,84.0171676996419,83.2394282120951,67.1402124831706,63.0956915712305,22.6534853195435,108.378552309495,64.1061746561868,81.7075604649919,49.4617241164907,90.4985010529188,67.6189927639327,65.8689734884885,24.3679444458188,17.4431925972304,33.8602408497281,163.810523341167,24.5956884135008,35.9890451719931,10.5022813153267,48.0333087179065,51.2820640076739,61.6392643998832,63.1854096164581,1288.42299404925,77.3329946783829,29.4214607792199,59.319697397702,72.4676358196823,56.3153531436587,50.3882518103612,14.3713871828593,36.1822538090137,50.9505194739639,66.186231095313,121.908535714085,318.336501674265,22.1574423544488,48.2905146301837,58.9789967601777,37.0660149094291,38.7121471242169,90.0009262201085
"Ramiro (OSM)",39.6358822056184,36.1095844688526,36.0850265681595,34.7013955914008,33.7062319364644,36.2044250337606,28.2234975410377,22.7995595068055,22.1080866407582,21.7659656109225,12.7470373158131,51.1139028507564,15.042137675359,28.3282747776001,96.0616598948794,78.0325691076173,182.194498107442,121.473532457596,138.238288466823,83.6359828947888,665.064084101961,55052.9023027267,9600.21019326693,0,62.8009798090632,38.7725443263746,44.7460133139108,67.6843607485708,55.2874077928842,7.09847048171764,21.7067457992852,39.1263608319932,49.3128424642179,103.244221764575,33.3474302403977,299.549592012866,29.270960182811,64.7643337210624,63.2925198485601,11.5809616381105,12.9597192833075,12.842577756185,10.8191447404691,9.83863635762705,6.45782376379859,7.95199618119143,26.1665309975953,21.4873544745314,18.4071814709976,863.588759474522,177.443259843587,159.887995224273,24.2661120282518,34.5627838501507,31.407834914042,29.961646085482,31.2370731523319,41.9255596437884,47.017835019755,11.3314489664601,25.4445025408394,61.8644148695409,35.9352826313191,37.9591180861922,40.3464677773722,48.9927827919754,30.8122935134089,21.9249686821607,97.2297880253196,12.4001253757934,327.191385736449,23.8933633034723,21.197194080145,53.5061352234628,27.153831208204,32.872128172775,9.78276289721501,33.3157729150873,50.8749331416715,62.5508722896056,48.9785233437191,43.4198323420959,12.6627094913193,81.6392216533115,45.9559916938586,44.6068375433891,34.6533061002873,68.5706224876664,46.8338099773162,47.2773111469308,16.0189476338341,11.2036377436787,10.3678860395543,46.9358201945919,16.0801446944348,23.2538088318414,6.23996093651218,31.451915362109,36.1506109818601,37.2727537422643,43.600821006015,694.888229293508,54.2791209735397,16.7884104757201,42.1777433688151,23.4324774365369,38.9284489698778,35.4881539128702,8.03100028206877,20.3306634113141,19.4637000280575,41.821480655342,84.8715473852857,266.203923310223,13.2972376516394,32.9985084363364,34.1584205559567,17.7749690498364,26.0462968030384,50.1720043031036
"Ngoma (OSM)",12.6208776733607,286.21153230846,14.2357007676642,13.9533514190685,13.7843376185176,82.4827497019428,127.029360551045,13.5125083099459,11.6086209819749,13.803724916891,7.74897664052746,22.3672407501742,34.0595297606362,16.6200215984028,29.8921306398111,32.2933206037205,34.0525135765262,34.560992437435,38.1456289827066,35.7976464961532,45.5680395681808,71.7150114667549,68.406764818361,61.1173756657567,0,356.367878399355,57.5140987828134,42.12447810265,74.6454967209576,4.80920532662622,13.2650531362798,16.4357321074958,16.8359566321743,23.5940608538398,13.6305363963619,123.348227834298,13.9603290645884,24.196825666194,41.6325583233536,7.97659186345211,9.4937748148083,9.42689470170782,7.74718843671505,6.42181515643844,4.46609056171982,5.18509798250204,45.200216309522,65.002264138861,10.2242336511574,249.593127329968,46.9668954126452,315.747603399181,11.306961195401,90.5555872399709,104.96271081931,155.221292685625,176.040044274489,511.951310678463,919.382848308177,18.2401799027485,11.1923564974669,18.8386012481282,161.367780641932,124.811081878894,142.197546705196,225.054449773453,18.0100499078343,14.0094729472202,42.2848542304895,7.62634273954935,154.911991850975,52.3767307825825,11.0735555627504,49.8899567793035,120.546464863706,13.5321794063385,7.24732432043476,24.1935649547405,17.1160937671721,44.8434150483476,21.6952295975708,65.1671580469021,7.71982541629629,37.760236392795,20.8569199737928,39.8377618358653,17.4455677052391,24.2015168867323,58.9447200532298,18.3344907513525,9.33498502585732,7.19403200457374,7.6371673465856,21.0917342587114,22.4719376886614,12.0168664756403,4.35028182041663,16.6569007064057,17.9339611786993,14.5198741781188,20.1539205584714,97.5185460669002,21.9242831841047,9.435781334699,19.7767645950369,14.6846098775378,18.7792891295716,17.7210514399209,5.28552980807196,10.141047466839,11.9136500194871,18.7583165475542,40.0351609535085,32.6035040578066,8.1370308955125,205.732037727601,13.8394404712048,28.942505485726,12.9988107082081,139.758114324115
"Kibaya (OSM)",10.5205704933741,438.371013304134,12.2611864605776,11.7098970752951,11.646957131603,103.644701216109,165.432106899272,13.8605509619495,11.9821134979732,15.4410589563501,8.02603742952567,19.1209591534433,38.9470823238779,19.226458233979,31.4892538663988,32.1923978668605,30.3945313907093,35.0336429224944,38.4558558414281,35.567063475565,31.2488237915149,48.9685638332786,47.3518689183512,38.9727308570398,365.722246352524,0,66.4080081534252,47.5987052160118,51.4489110072556,4.47361993843347,14.4962744825262,16.8358271094624,13.9460360084001,22.9397658468925,11.6304253593339,123.80199103563,14.1301079156274,24.4732712738343,32.5044553480404,8.15669704243952,9.45266768722069,9.38508782707173,7.11780424444592,6.00685428168002,4.18431529816541,5.03311159125276,52.7889757856254,79.2899889663318,10.4102149454572,263.763895742824,45.2416853779607,107.923315616702,9.73918065859243,112.778451688733,133.13574775184,210.763968597826,243.944863184087,952.862622000796,2305.56172561784,20.1816058189469,11.3273893049925,15.2317379753557,1115.20702807033,496.628144448728,268.834372637612,210.955570268998,19.9327982544003,15.3340956140963,42.5208592288917,7.76947899992261,71.9223373837447,91.7853947180995,11.2418090956209,56.923752674061,520.27273883362,11.4018570566814,6.57011496601744,23.7868776077828,13.9616426188547,50.8473013792146,23.7937033941045,74.1144733543833,7.98120164199219,36.3650715773685,22.8882065127512,41.9102271305084,18.9989099008149,24.2631860508949,68.7059312344617,18.5194998078005,9.49406050263838,7.33222432016156,6.99919563546863,17.9346620810871,25.1395700750684,12.3126672101994,4.07384729889151,18.5931351017281,19.5413895279669,12.1214568796703,22.2370192882427,72.0695081910203,22.5522840019431,9.70479929878233,21.6558873086419,14.7167091409479,20.6096134256601,19.2978385569836,4.945191647289,8.96279063520303,12.212394596162,19.5604862869547,40.820455419334,24.4374391478,8.42671536833002,2590.99696742966,11.7342607464462,30.7051139172126,13.1685867892827,294.671945756015
"Gikoro (OSM)",13.1804390121265,142.034688371064,14.7942516653621,14.4349932784415,14.2614630096329,818.111608262493,283.427911829939,22.9018240903597,22.2798154445419,29.5184313175249,12.3894682138804,23.103294427896,46.9187971197837,40.0400435905419,137.514026339798,172.626040597984,94.4169457463137,116.199207276134,136.892668031478,233.699908334092,67.8429949994654,54.1210007003352,52.1783998960647,43.8151224447665,57.8560501960989,64.6714397866598,0,755.821060001482,421.827882164087,5.13896620081281,30.1906676513302,39.5625089341818,23.4410469894905,72.6836340006223,13.0936790503461,454.018898570473,30.1485853817826,84.6180320584703,102.374298050232,11.563035529327,13.0937271340322,12.9754025449435,8.19089404502538,6.90532575426088,4.75780541444899,5.58619425258787,271.122129197791,107.475151263683,18.4503395057568,887.324367674944,193.746366838039,48.7506179030693,11.6539394790091,798.490744748685,461.75480242855,238.672853167403,211.866816890989,104.160743351021,86.3846840185494,22.4855098311527,24.2056034098319,19.6248461914774,46.5459449645512,39.9196210827813,34.1018628525355,33.3058976450897,47.5173655345505,30.5904117382598,172.774541751851,12.1901573173483,37.4228118350534,34.6151811433982,20.889107530487,2462.22845102167,40.3467022591212,19.2029903325725,7.61972249821112,34.0573378038344,22.7609563500309,1092.05095167296,91.3814721119518,8841.23940766265,12.3228276220136,246.81253498145,82.9490194079525,56.3238886767579,55.7279819772153,84.9954146218047,47971.1877394146,48.5264943195781,16.212320642116,11.2557033385726,8.03624659173711,20.2809779671233,28.6032069427154,23.5916284419918,4.62820600675901,48.1167512597633,59.0977679628425,19.4457395010392,76.1716986803817,204.534399632628,78.2751525379197,16.3945294491933,73.2768067191298,23.7202295243717,65.0557670669581,57.6227817609892,5.67580768889705,12.7559036102024,19.4397222963756,55.1374848346147,347.136745077702,36.7414505093832,13.2391259282887,52.0191718681827,14.3322795955456,33.9070318352514,26.7155551039873,67.9544918117912
"Gahengeri (OSM)",16.324567188653,85.0506719207284,17.6802891777698,17.3542378394246,17.0708117824414,248.66090632999,137.929332269571,27.6128271605855,28.4894694030897,33.4860437442953,14.5133986345771,27.3212883749453,35.3843213293475,46.4820323351749,362.369740809426,549.36180765078,174.627908880521,230.515774503137,294.514610186867,1042.47279392966,119.167570975752,76.8252993469987,73.0681787641746,65.870859015875,42.1244781026501,46.0845652278227,753.130971325308,0,297.434012366162,5.5911410529828,34.5545473367591,57.6984700911254,30.3398466988885,131.419546922674,15.4750428703929,982.857222285594,41.3043810798443,164.508772542742,124.463708299846,13.0461599492228,14.5875864116175,14.4447718002006,8.85605683454331,7.54312491308307,5.14758566275498,6.02772375563819,128.511067821658,68.8431294337084,22.960207002283,1747.22687657259,423.985274974197,39.907752159567,13.6378387854294,255.25071955041,187.491479122193,122.658413093975,113.096335277767,67.2745422290947,58.1518236966621,18.7082218329672,33.190301588559,24.669535623429,35.1425428187205,30.8570215438216,26.9543419614788,26.4081341141039,57.1741140788723,35.0611172136277,440.646125648916,14.341753007034,52.6807792397116,29.221379471532,26.5914811208962,2645.92740533096,31.1426287281429,24.0968668718553,8.23682775463018,38.3800261596722,29.4277134910082,29493.7361230433,121.96937649162,627.496020586668,14.4323948928918,1193.6156379089,108.660444615736,61.5777869503758,68.5066743244552,165.952499235159,946.973842614368,75.5847923478881,19.813419336278,13.1188683627125,8.65706640138676,23.623561862264,23.1348195878551,30.5827478587764,5.00182725252725,57.7812960458804,73.2723859738936,24.4522360293047,98.110297439358,368.665985618439,121.005530488124,19.9807015569691,93.9330774807974,28.221782582272,81.710419282531,71.1859432942514,6.19125147642803,15.0116749973531,23.0721023150699,77.602149856903,3296.52144945664,52.3073184522778,15.6291994737837,38.5811073107935,17.1579680929468,29.5199427502012,35.6007508143054,56.4759073779632
"Nzige (OSM)",13.2229969806418,76.3725000840115,14.8292288536473,14.4860484045439,14.3084433213732,204.250681499301,119.394494602722,22.9763991023105,22.3763830948043,24.6817943321521,12.4164700003323,23.1723550413373,33.2832950201616,32.349253116465,139.85877849862,176.599198317678,95.5044472043872,117.718857259408,138.88998647392,240.212208835667,90.0185710220724,64.8900438832068,62.145954113691,54.0513284714675,74.9803202119728,50.0354386593736,421.374796754216,298.538618197439,0,5.14440201930915,25.1430782392583,39.8623226361579,23.5558075774329,73.579693701398,13.9632536807784,460.974731899197,30.3521024747149,85.8007529872439,323.285236290053,11.5844793137592,13.1251243164297,13.0063637085779,8.20508840773156,6.91000047240255,4.76179962873227,5.58108155074314,111.153065079912,62.7725387902003,18.5298680998984,897.935056677988,197.41889282358,61.4213036494172,11.6872441035263,207.912701004256,157.800339164887,107.335548164731,99.5787403249829,74.4715604434028,63.8343197182882,17.9920552386981,24.369558000606,19.7121966584183,37.6362677549864,32.8783623569352,32.3048281539867,38.2880437883364,37.4016760349819,25.438037986562,175.771384341182,12.2266343311091,45.399887793114,28.1928532420629,20.9928049854494,290.941481985582,33.1857715130524,19.2914861409795,7.63841464904292,34.170697970968,22.8826595909778,368.340406944143,64.6225603572165,485.560566551674,12.3505872120577,285.948204586944,59.7279069025213,49.9543278056582,42.862309738572,86.226111657623,494.702538820653,48.9931771994929,16.2763387040228,11.286714319745,8.05190486566634,21.5005492227088,22.1102195018453,23.7089162159747,4.63233687723222,37.8343109167972,45.0473862329433,19.5363363175596,55.7012026538132,274.060772298311,69.3933348418372,16.4502476308829,53.9323674156022,23.8038025915384,48.8516196406509,44.0939222880013,5.67976748115318,12.7883358060308,19.4907553469663,50.3020961051573,350.105262163847,41.8442100290195,13.2703954487239,41.485720429934,14.3769723285707,28.5524937562532,26.8780666196126,59.0312471390557
"Nyakabuye (OSM)",8.26214357215619,4.28388782112451,12.8232860605498,12.9698373080035,13.332361582486,5.02296413172206,4.52514169755583,8.45634051373838,5.01003258712629,4.83437473947096,19.8240521553095,25.7210654505465,3.87417257234874,5.37715164287075,6.53633559572846,6.04811033793533,8.39250270118998,9.81058409556939,10.5553866081819,6.06908179361344,6.25940594742222,11.0569588992429,11.3611344985793,6.97154631911533,4.80920532662622,4.40028972234786,5.12153395787866,5.5911410529828,5.13112635026864,0,4.76862215854221,8.46774328634626,10.1904838271545,6.44482946216868,12.4557437802368,32.3462362252679,5.46714024387449,6.57752625042746,5.02017841371981,10.66284447524,12.4470437491794,13.3567465458979,141.358082323907,236.450682628455,516.232365306847,96.4939021245281,4.14963855285188,4.19204644323694,5.93698368622213,69.2138166239627,10.6925684376369,5.52016387160741,18.9858584904763,4.78913060951116,4.6655908523457,4.50233558913137,4.45291441580836,4.44993341415578,4.56423677299681,3.65671721429654,7.47462219332809,11.3805756505299,4.28061227689434,4.3370147413344,4.40120586633186,4.59448017912344,5.36527951187072,4.78448735844682,10.1897417497158,6.80162229772896,5.91565214965847,6.0534092544508,8.49684248850428,5.32504394925051,3.9777635353109,9.87557938571543,226.928773425443,31.4924133463757,10.2695800607582,5.50370409585455,6.11492363611778,5.10893600879741,20.0147096925627,5.94287057327136,6.02256875746119,14.2560715676096,5.55991824248609,6.62583007021561,5.20306743233484,7.12396265156877,5.03991381360112,6.65716341816214,137.305915889226,14.6787556834564,4.2541961443977,5.31260659780974,335.155959630671,5.43952629802408,5.62832064512766,10.3372857893692,5.9638291950589,19.6592616968002,6.31528631846961,8.28104268854421,5.88466642378046,8.82505089081001,5.76954584561883,5.59719857547568,506.185777377176,12.3026780226411,7.36182852349923,5.97973346591981,5.9469805932874,7.37851265169944,5.3873649739627,4.21201421725523,12.4749898793764,6.88183258881259,5.28761018053754,10.5068567862346
"Miyove (OSM)",11.1160917332977,18.1059502439829,12.770947404028,12.496697099249,12.3717880133916,23.4922399341754,22.2061849931517,73.2063575177422,126.045266754927,188.039268243935,10.8617640097027,20.2037879206552,31.4159685163675,428.062635902504,46.4817568263146,41.7798835788201,42.0489057394544,54.1863792166502,59.8290827429404,42.3671433789916,20.8398598149162,28.7688671658942,28.2499310713855,21.192619160107,13.2776270512147,14.1173645479388,30.0504091151412,34.5926801167277,25.0626182486311,4.77157130796768,0,30.3834392932527,19.3061814776069,37.3525465888707,10.3294153856528,224.161283459494,79.9891797345666,75.4973243852516,21.1345646495664,22.6801956621808,23.4845336610247,23.1553764401488,7.68812090814639,6.37063407207634,4.43357851520015,5.15258524051403,18.0829186547966,22.8671783947082,49.0293287656524,509.022766199297,102.399211630715,13.5270264646849,10.273003754736,23.2352795415475,21.5348124396367,20.7548676680089,20.0787483674463,16.5572145038832,15.5853932363173,24.9842294695923,19.3181723125507,16.4869321535801,12.3101528719643,11.5194351096099,10.7260376788705,10.6125216289572,293.450076205011,217.607863851965,60.6734138159944,20.1407011240981,15.4246262954968,14.561253129238,17.4334785926561,30.8184617864235,11.5616243565508,16.1711469626242,7.18991645444376,64.2046327780858,18.8142127681039,32.801315117536,112.384543756967,27.6193944674056,10.8106422097593,38.718244045045,125.591359051851,155.847835178201,243.348116062578,64.1328955629814,28.8556894222887,36.0843644842813,57.0768737828175,27.4165128676256,7.58048690160605,15.8121195005769,48.0963745583224,93.3131143540864,4.31889765470392,144.875780647451,224.220447149256,16.3539993281165,138.121456060162,63.7227214311699,94.1460080834949,19.1039506395774,149.69941473666,70.1429884256969,180.522652419867,233.215368881029,5.2439468747578,11.1673181355184,57.0683002876037,63.5281506078806,36.6670541387443,20.8484850593002,36.3049271647586,12.9286473274051,12.416859219986,27.7849851383365,273.602739390921,26.0676947500078
"Musambira (OSM)",69.6647586458012,21.8868190407544,54.2410584225471,51.8665189168192,49.8187319769937,33.6929009947684,26.2681578236639,32.9097184195671,35.8908983087822,31.2405712052027,37.2513673587243,72.4147507921064,16.6042515246738,43.510435599501,115.389818555975,88.6973925897137,100.426815347315,140.803658886002,162.389710596428,90.6180121695046,33.2019738719019,49.5250807781759,47.8728325388032,39.3317449589109,16.9115613459384,16.8370428422118,40.6126836745465,59.6095552048478,40.9797019603225,8.66841868309337,31.3195863454353,0,203.965451405097,125.37536077937,33.4706343534651,464.681906984814,53.7759246186673,147.21656776864,33.802001705766,20.7528226438076,21.6168965421533,23.7122698537998,12.9104950951052,12.2542009746713,7.7798637120639,9.79946259143725,24.4086726481678,20.3091909596491,57.0057833088338,1736.41813237936,350.616183763429,21.0524148602213,33.1726459638357,31.8309663294771,29.0743892898436,25.4578875281672,24.6532874960926,19.9059834653412,18.6330615537118,14.2735543785879,564.493866521619,113.549058010788,14.3543876623815,13.3604585317168,12.6778189817391,13.8563531045208,49.399492002631,31.7221679380437,112.045505537434,36.2609898114674,25.061585955693,16.1219988034321,137.966447829504,47.9549181091764,13.38963971008,106.851747608486,11.4783703307406,57.3120254583207,184.394826112408,55.4265544659774,95.2920917759913,39.5530534131409,36.80494495081,79.1847944238288,86.6034817105847,56.9547234545735,57.9646496034541,162.394157743087,42.4625786968,307.520327722909,23.601629794936,22.8947646030046,12.1901086048184,43.2552254663825,21.613431696737,38.5939089075731,7.48518865495016,50.5862053045061,61.4669674089946,110.832494702157,79.9823107027979,115.098414947596,111.023292450009,69.6067533310441,76.4219680835804,32.9750032930494,68.0557611392904,59.9137700617274,9.9553818105873,39.2661974900981,27.5077304711094,74.7497494461808,73.8065399250946,38.6198840029895,18.5346347385224,15.1549576674288,50.7101236603722,18.8919968786346,45.3278682865836,28.6238396880598
"Ruhango (OSM)",513.787090508315,15.0123895750307,161.435607086,153.089501959914,140.155654449364,21.102065719122,17.2838736658602,28.211468227714,21.9263518831118,19.8155410278125,32.6168685029267,172.485665089561,12.0418584529302,25.4053454672741,47.6521426151872,40.1399978006942,47.831563577475,60.63855187612,66.9234529222622,40.6648763021537,34.5024598371603,65.0309603582059,69.1040234997011,49.2377728683663,17.2211073476902,13.8680385840859,23.8750800473339,31.1007143001971,24.0248603457322,10.3939564335026,19.7394439770818,202.685038441529,0,49.3886652748482,69.8674586834382,201.698611166095,29.0179254117635,53.9296757670872,20.935732486428,19.2192602027608,20.246226264067,22.107275517516,15.1981070050187,14.9460123466123,9.18529478091723,11.6630811988666,15.9945475820476,14.1859705792922,32.3895768745296,595.825977328111,112.094621862365,24.4012610515278,69.8297977322386,19.9762380596095,18.6676104410318,16.904110069924,16.4853711415365,14.3272560420562,15.1582948070588,10.6415736183436,361.180825441538,1210.52250408378,13.2064754033414,13.586111975419,14.0214231879482,15.426463161832,27.3846256236983,19.9254732040878,54.5408340513535,31.8708521079315,29.6266463570598,13.22881639458,105.026536727091,26.8210489031716,11.3324250442855,235.812104582967,13.3877909709405,53.6988602686822,54723.836224007,29.6182178199904,41.9058663655339,23.4688449561748,32.2648918689694,37.4559252500642,39.5541489056718,41.7772691315471,30.529639384214,56.7104953364553,24.6914742578071,77.3435797926749,15.9165532464745,20.740719016644,14.1697341193713,81.047676279365,14.864673537238,23.5070683335681,8.80387906759663,27.9340859537172,31.7433862993851,374.89535536851,37.7198203141776,93.4053146903042,46.0255800789663,57.6652671284785,36.574659422963,23.8524364284502,33.9937810754738,31.2063774482282,12.0843519534679,55.8626371731913,21.4183200638005,36.3645208323087,36.0260991239747,58.8265269220246,16.1062294933943,12.6661594042316,144.782187226693,15.4058022567274,25.8348452566484,25.1057997746701
"Butamwa (OSM)",24.8915645609479,32.0155734021786,25.1809949776073,24.1786652130762,23.7036417532877,54.951363858934,40.6551565202222,36.0795003111892,40.814263760397,37.9517531607979,19.7382649838744,37.1085972863226,18.9915275340051,55.0831386100981,434.857005349504,275.16638987642,537.020332697361,744.881973671647,812.206187192462,287.192625397589,76.4077830650536,115.439418724627,107.740511176744,103.399658210491,24.2369681469488,22.8613016096078,74.3515081548926,135.087049977196,75.3757199283582,6.56415992877405,38.3793758621437,124.910158696299,49.5390263217802,0,20.5169316714987,953.957814754221,64.098192145379,266.576390285247,56.8885129758531,15.5378768951448,16.7849235833162,16.6009146927015,10.0803380941818,9.04363459142453,6.00372134209521,7.36442236104573,37.792294439985,28.9058836796542,34.2282508265276,5327.70583371092,1677.42255183701,37.9213619486178,18.1072777591416,52.7126822573617,46.5750488555159,38.8027278769858,37.2397017607132,28.2995674273662,26.0392316792038,16.0414841557064,60.3715118448492,37.6319323534938,18.9519053132464,18.1048454188334,18.8053027407905,21.1245150041066,65.2823302372371,38.9504546709517,305.640796539539,19.2216728106479,49.2815628107394,19.6256288108794,41.3054238061711,95.573285869285,17.4504562109096,36.3886851568874,9.14865155567954,43.8492875366119,47.1652436733142,119.984063068494,147.963761387293,71.1690441407464,19.5733514451715,220.65139849859,130.604831514964,64.9887651235664,79.1511197295485,308.074494389877,78.9474195521189,191.86237563739,26.0783795087022,16.2343301749435,9.70583882818631,30.1247860372641,25.2735712185342,44.2749328786247,5.80932865344931,66.8275122184213,85.0372924181278,37.076446553615,117.644082577663,304.579699980787,180.358752096953,28.9939018407725,111.386025048154,35.977431481451,96.1797295572013,82.4247164269702,7.39414780478213,20.4276961582768,29.9411094809981,107.159610143475,190.958357520525,98.4813434553333,20.0742046955773,20.2033284078437,23.9626765613164,20.5438767885688,52.9711979252868,35.5430176001596
"Gisagara (OSM)",76.7256561741305,11.0767970727582,383.820001501082,459.469342130239,546.133190676741,12.5961465801707,10.6147865852857,15.4633562723451,11.4248991148184,10.7364658627683,14.6925533530633,1712.98399233576,7.49488168662038,12.8350083270233,20.6732887534133,18.2594925583465,29.6324434568773,27.8023584536194,30.0134794697484,18.7553149766405,25.11685715315,45.4162960187879,47.7147728065484,33.3551086333703,13.9479038084827,11.5848077650266,13.3278763129768,15.8467781511231,14.2348045751849,12.7387489354082,10.5415246494419,33.3060442892439,69.9912439230278,20.4931308578968,0,82.2516228516276,13.4298328610222,19.0983397661461,15.1528608286519,11.5378156462337,12.9152533757221,13.7446969332509,18.1891056469113,18.7800954185237,11.0581962100679,14.3741927139213,9.8301014602345,9.24904724033881,14.3935950323933,207.657185957169,34.5783019576291,18.790134170945,158.975780058485,11.7654319958959,11.2160650340882,10.4926654108192,10.3934254349247,11.8949819100621,12.5009360188551,6.84869782870006,33.0290897416711,106.885415203864,11.0576611613649,11.3387634518072,11.661355482209,12.6853862474195,12.974233213914,10.6029321863218,26.7355619697274,14.1998778520234,22.0899203731977,11.7526849827656,25.8125649301613,14.3864401451247,9.64411348031335,46.5796648575846,15.7150026326305,33.1900967376304,73.0074330007845,15.3543743861088,16.5898337079125,13.2272146024525,14.5880094610538,17.8928079929651,16.0945101430448,26.2600733057613,13.8494806872831,19.4621973691659,13.6941019979734,22.6283865797172,9.1206843546147,10.8841496624219,16.6641209639939,213.957341893562,8.70776810630677,11.8806865928472,10.5446533443772,13.2515481274801,14.1686126260556,54.5600587941777,15.7530772789848,69.6746358232197,17.5955843598289,19.8027116108492,15.3976438594613,14.4597875346671,14.8106286879904,14.0245178649401,15.0899660507683,42.5919743703756,12.6203361486486,15.6528836164912,17.6691694508369,38.4260123555339,9.31220895885528,10.6652674642617,321.541556424812,11.0524654548704,12.5452587022254,21.918459112865
"Kigali - SEZ Masoro",147.268441555034,232.805420154176,151.112699044741,135.033076288267,135.70124552781,504.070128722922,304.107099764297,226.724525490494,261.143611041529,320.500156145679,117.00842935984,210.819358277218,134.481952336476,547.984948362976,8519.80869002827,4749.48305338435,2301.68185028819,4219.71951116093,6317.40443139123,4486.16125952214,451.956524482193,759.721829746599,727.44473946952,414.789056856017,161.772919864137,165.823808729095,629.086770155548,1361.46687278949,638.493756934686,38.0907246801104,303.534068167882,651.31320672887,275.269782249807,1340.2432243123,107.246382830112,0,389.059144295745,5657.50604529253,464.814533017219,94.218570041816,163.973605201582,162.140106473329,91.8633148474219,54.0324524754777,35.0652176844052,47.553279033969,297.237642774874,214.385043799738,190.42694130583,47388.5588905752,6082.03485648792,184.257736076851,102.41769869287,411.528897621064,355.939241637727,295.198555897775,280.299668103327,205.308595510596,187.360065156785,112.041469393148,312.963353385432,208.356968930473,130.549474548104,118.905533126119,107.938884361084,112.422795083614,585.518657835849,308.452737807761,21330.9192664836,108.457656058562,231.025709620389,209.91926855314,223.859038051179,856.453627956364,118.707476161778,198.773696405181,60.4541453995737,293.485810472765,253.380641552573,1156.91864679295,1863.49280581571,609.240863304091,115.712395286538,2911.33068925792,1545.38643088704,504.379141166569,753.1827020991,3706.84092689492,693.990006176872,914.068075261194,157.59777602196,98.0173280303315,91.1039906253858,252.501419370768,187.155572128706,277.041210060457,33.7673757605044,628.075287214063,828.587888559608,202.318652653369,1352.78583753642,1910.87649477934,2695.57328286709,166.316661863255,1217.57303595912,355.264135232048,1001.50228212845,793.749585226719,44.6169065353538,120.174450572601,261.030554001374,1253.6757558984,2467.66024751374,416.434193931584,127.922868624468,141.272669010831,137.558065202358,162.589079868569,323.723778984527,261.204951015111
"Ruganda (OSM)",15.4095936714032,17.5600973898265,16.8507137965639,16.5330390589901,16.2794043134385,24.5956546508567,20.6468914382355,82.1687359618482,156.247815326526,34.4558241420944,13.9110128697811,26.1387322977512,15.9030010082651,52.500967300868,66.1912067057651,56.5768412532491,62.5586111333915,84.8015625100934,95.417130519593,57.544861400415,25.088851037253,37.2530938916216,36.3400369411925,28.5214018818631,13.9620492680378,13.7514585833244,29.9800410937786,41.3102920049673,30.2241464621573,5.46761139403473,79.9115552434536,52.0620948589106,28.3172139389063,62.2927885973255,13.1288302821813,284.848264290037,0,82.2252675504497,25.4938127991671,23.975610694155,24.6311349758267,24.2734373266806,8.68178103400784,7.36503194140454,5.04064546473408,5.89574820524974,18.883390051609,16.2861350219858,191.717011465024,888.478588290373,190.794257135331,16.8020145324414,13.0857089152912,24.3986526256628,22.5574988629239,19.9633369250501,19.4323326216814,16.0844642176108,15.1568582334914,13.6820872605969,30.5033642112789,23.2167935475412,12.0190200132353,11.2582802669656,10.6411374605349,11.5270176023073,46.9742289375054,36.1146968718204,73.1624875010023,21.4870219805414,19.5774110508822,14.3178704342626,28.8494275905194,34.5369804014869,11.2991535921913,22.6940216395545,8.08153427664843,67.6732068856983,27.4898559646932,38.9261897051008,59.9046172345709,29.1604722272136,13.8353320601955,51.5871213641663,55.5352128505414,62.7211342123063,44.0298890762125,88.866846052161,30.95249234405,66.9540555105201,64.9558137775478,29.6916622072698,8.49745488363403,19.4698926051044,20.6435159400083,866.941827766731,4.899729244399,36.5890846636913,43.5077625608927,23.0157102529454,53.5093204906215,84.7160142633663,66.7065241589138,27.3957853623093,51.8956751772674,78.3207906997534,47.0727426154174,43.3598928028784,6.04764490465857,14.3750561786548,63.5208975968625,59.9136575069844,48.1899326124769,27.8685378127457,39.9059262706289,12.6138644533195,16.3586246360041,18.7496551131917,296.146760986126,25.6039134497955
"Nyacyonga (OSM)",26.3497562327924,34.654613689079,26.2651648330574,25.3918172088431,24.8362306152747,60.5747936207219,44.7012906132873,42.8323088218058,52.3623355915555,73.8763055140995,20.4604788974976,38.7014649552679,28.2721723703917,132.236584520448,641.413499600863,387.806819046817,239.681803178819,466.665397985157,625.128963187551,408.749697708654,62.1582443105714,75.9778522471073,72.3079509893589,64.3322034871704,24.6667246077685,24.2026402726055,85.841428287196,167.661261562315,87.1639511417298,6.66527969016488,76.9621471368255,145.531111184892,53.6526770526163,264.682344313129,18.9804975950569,4215.25222204833,83.8969175444967,0,63.9199235406948,17.1534356949902,18.3596452987888,18.1449094158817,10.2555890130816,9.17176422766475,6.08409013605782,7.39610977023354,41.413355814393,30.9835284320547,36.4507867489094,10562.2957712099,2433.69166959056,28.8220067713326,18.8230290624193,59.0827719869721,51.7071964947857,42.4075796866126,40.6143318216263,30.3728237666341,27.8203365512807,22.8688375815296,67.5721456928704,40.2369620171502,19.9808328061989,18.2654013545329,16.6101086063821,17.3708808292052,191.532792407137,78.7916285435737,500.240677670721,20.0205141346813,35.8600276779557,20.3591505622044,44.4560276083547,113.461120832489,18.3479110819693,38.907961393054,9.34566760857138,48.5259507701875,51.1419063468698,146.507167410179,1656.21690813657,81.6023013029852,20.2951787375847,296.536943297639,1054.88921310418,97.680300427769,283.260048132781,5992.26490428196,91.4437051088476,236.374969626031,31.4662984246216,18.5402394727327,9.88029477508949,26.5386391191585,41.7183182114219,54.2380846037379,5.88764341454882,197.639319914864,331.743063263699,39.6801720132575,756.369716976122,187.763779010499,4269.61161190075,30.5533290527484,650.018327072988,42.3137231400042,440.555593535165,309.55153087551,7.49776763037202,21.2349458387571,35.0252070626778,569.29527084983,248.246311472579,62.0300984926443,23.2457727851184,21.342672780549,25.0888879339052,26.0457298855613,72.2207714299137,37.208934680858
"Rukoli (OSM)",14.3000790790174,43.0443574702168,15.921498880582,15.3441278760408,15.1720834753775,82.5330491031015,57.8329449747229,21.0639548538948,19.9999417623207,21.5269664907715,11.5991624000576,24.5124162580522,23.2772365882948,27.8858176100501,97.4556125402334,112.774086869096,73.9310502185256,88.8076455468079,102.086644627261,141.636974147069,110.086083929219,74.6281970585214,71.0770234024277,62.9731392613734,42.5530307964974,32.1826511402191,104.004993072291,127.135813079415,327.949540517099,5.0825277939644,21.5463728126209,33.4633036636593,20.8687668319265,56.5156462136351,15.0849580564092,335.366319387368,26.0291795247058,64.0244971144047,0,10.9653132745839,12.3843399336345,12.2763644343213,8.03762008145772,6.85862873688247,4.71671059817183,5.6454823279427,50.8389721262405,37.8299187775372,16.668000866236,684.730950173489,136.497554114151,38.6016950940722,12.3135651775453,80.6196572610438,68.6951823641052,54.3190901879377,51.6637770262312,42.5400269575384,38.1786090986712,14.1186610115693,20.8897939084474,21.1184122603771,25.6946701106845,23.1291193599244,22.824444746139,26.0717893520871,30.570586743328,21.7644480899138,123.143535714341,11.3087808473934,50.3979938590414,22.5138289408489,18.6518538758106,90.8482851006713,23.2612141763951,17.2632832368923,7.41733106336419,31.8252028670332,20.175919257376,113.333028288208,48.5707776538721,113.857504002409,11.5290106759381,168.100178110545,45.5620074499094,44.5126350633793,34.3780459476009,63.924231148081,111.653062680109,39.7235138834468,14.7611803382091,10.4910300551229,7.8663042347243,22.8468017933972,16.7744590481613,20.97964845391,4.58547491203811,31.1418824264574,35.8637646714275,17.4644271883233,43.181727181825,339.901742580858,53.7238350618908,15.0191807693804,41.8232472539034,21.8169341975928,38.5793229065967,35.2085903601144,5.63603274658504,11.8857083525061,18.0536655338983,41.3078556361971,176.668572071714,48.0875199391745,12.3484657882747,27.7469619000615,15.2845730095722,23.2663552293187,23.3547091809984,44.7192782066098
"Rubavu - Centre Ouest",11.3878041589223,9.02487083086583,13.621425704026,13.2593521300697,13.1934446693721,11.0318620897608,9.75706111561083,113.391143287593,41.0349662665429,16.2485941141185,39.246201116268,21.8573445766702,10.0017556188148,18.5511422572812,16.0414252682269,14.6593679655646,19.1368701582634,22.9195401568162,24.7101519767552,14.7367821777115,10.7681801093981,17.3398079304337,17.2892123327347,11.4034836867897,8.00221801513762,8.02574695780624,11.5575112212656,13.0982213007752,11.5908742517323,10.7022076668798,22.7631570267258,20.2790291306333,18.8959370186281,15.2555497555045,11.3593802107393,75.9494247990913,24.0854175651809,16.9438193635143,10.8384015359221,0,5876.17327712548,2011.67722482612,16.3080538071695,14.8328799790282,9.65885033930875,11.6333648573876,8.95648750817361,9.01403800450565,22.1475949299113,174.685050791667,28.9723766327923,8.81555085714325,13.5188593339448,10.5426334795667,10.1715472930833,9.66186828868978,9.52444985694001,8.66070796279711,8.40008816780455,9.15542857159111,18.5971413121231,16.6363318555602,7.38151923914565,7.11391106672959,6.89071931833319,7.21888043817191,17.0970553573962,16.3429097910433,23.1461151395664,88.3356244280298,9.51079189418358,10.7243104484734,33.9939191501434,12.2213690019505,7.11740311564693,20.5449089888817,14.8850846425726,1908925.9213664,18.4382185133532,12.8068488089232,16.5715189057124,11.4857057501091,38.8996373900016,14.2594799398677,16.9251866331221,40.2425108191803,16.6365734277752,17.3241282150692,11.7805952508979,15.9695619240775,51.1054512380794,218.350385276128,15.6132966982777,17.8791322392716,11.5758467295423,29.2970430516674,9.32859224713152,15.3763313008009,16.4231202745264,19.1286551353427,16.8610817854386,36.011001466657,17.0691145003653,46.8420798900348,16.5801720805832,76.0779092020407,16.014521886973,16.5216353028195,12.0918735583967,18.9633140756823,72.0483211765609,17.845984157948,14.1389311729071,11.4155021044877,61.8730783289779,7.6087905690351,13.2338444164454,15.2368583863942,33.0941525199002,18.1430347240931
"Zone industrielle 5",15.1320969977532,11.0088698906005,18.1961572661664,15.829741368717,16.3889387634082,16.2934772490489,11.7940077819102,127.520632939838,49.9643545266854,21.4139959175759,50.0166440373239,26.6073508637424,12.0792793851758,27.2245789625877,23.6075798570818,17.5883472095711,39.6177251060051,52.4486032757378,58.9500147888928,17.6412836689428,13.5903448938608,40.5304498630056,40.7655403194046,14.457866651503,9.73203083367118,10.3628812883525,14.049032134426,15.6461779793846,14.0473831908313,13.1332718535787,26.4295372497345,25.3706685616613,23.3871844315548,19.191869221875,14.4103229828597,158.020132633629,27.7976880094052,20.8601606340307,13.630014929731,7034.8220520891,0,4179.88265741098,38.5343100816121,19.2384943530694,12.0134757070721,17.5115755627994,11.5405029784457,11.5355374120693,26.3431368894251,256.679833120537,24.8996838491988,10.6913216316059,16.4759502689114,12.7079951127995,12.27876875712,12.0912045435199,11.8436138068361,10.7780275768077,10.4817417547781,11.0903228180605,21.5078274078761,20.1019672391324,9.07221651995238,8.75403288512266,8.51166335960967,8.94093736267714,20.2347411743554,19.307551435882,56.0679140026699,90.5423440581419,11.5063616200313,25.4193626310538,38.2303640440947,14.6438411112943,8.68093986299781,24.6360074029554,21.7336072278238,12325.4495125686,21.6357219979827,15.3137518039419,19.5628781571076,14.3858631237694,49.2950626853022,17.4809402866318,20.1583949259208,57.1862579243848,19.6918206346718,20.4704909882579,14.7653234680004,19.1154369587958,55.4602483364056,198.862701801428,38.0817255584001,43.0711240928426,13.9874770607384,35.1710779731583,11.4983545570212,19.3838730274107,19.4165585330054,23.0121291356716,20.7390516930505,73.6094090302448,21.1313809006356,54.667494757584,19.7442710347278,181.532753588537,19.4825154139551,19.5071927852946,15.9254575318675,24.591497203509,143.264571077369,23.8043241687808,18.7125464112668,15.2394686597167,73.3092145084417,9.49384893383118,16.4928526443799,24.4264874029832,37.931757389775,26.6389216161199
"Zone industrielle 10",16.4864350561773,10.9158306398731,19.6353470860391,17.0674847642309,17.6538555884789,16.1388800165771,11.6890163444684,123.55623914279,48.870946490648,21.1502040223397,60.2572405323069,28.563004967977,11.9699835284891,26.861318082243,23.3208961089894,17.3845628364556,39.1792480704358,51.8440266003835,58.2613354321892,17.436177520362,13.4616992145732,40.2945567567579,41.8245683511838,14.3158369210395,9.656059286418,10.2822761418369,13.9094239305636,15.4774592087581,13.9075044288173,14.1969250578764,26.0254266982107,28.022452044621,25.7165186477883,18.9642833240377,15.4186880434469,156.219279312026,27.3575351732528,20.5954612701983,13.5004108109641,2534.26562162138,4179.88265741098,0,41.4436096100413,20.9574124678441,12.9171151716033,18.9895541402261,11.4369383959791,11.4385143554382,25.9488182648403,253.385447413679,24.5696875225448,10.6023136099478,18.0511394787522,12.5889718548218,12.166434832006,11.9845376902279,11.7400596582327,10.6895314289913,10.3974252796451,10.995652683214,24.3008226597457,21.9380557869339,9.00517297254885,8.69092985140908,8.45163067864209,8.87589130302162,19.9761321555841,19.0677065523264,55.4535030579226,87.4598451089953,11.4056405258353,25.2613077991969,37.4834805793009,14.492842029241,8.61828984822712,27.8056513445747,23.1529116642343,5258.66054656144,23.7588299545294,15.1509958237989,19.317711682161,14.2437599432537,59.3093847496463,17.2821518223129,19.9024572710484,56.6504673996693,19.4444510283572,20.206669266235,14.6170554838731,20.8137640159252,54.0801487328885,187.824890288393,40.7386205209481,45.856632129356,13.8482864690301,34.5432751382716,12.3427596890877,19.1528721589005,19.174618510328,25.8263985024949,20.4766942487737,72.9129904202394,20.8620443431915,53.3731727577354,19.4968303838137,176.993489409297,19.2438683653135,19.2631908353913,17.3159705500415,27.5545771821817,139.442986865856,23.4940654449494,18.5023100766019,15.6646146217407,71.2661662583951,9.42253645062791,17.7748060941852,24.2645006730438,37.205879732031,26.473531538079
"Zone industrielle 8",14.7017642416286,7.04755646700183,22.7421230880252,20.4091746691899,21.7641017333998,9.91191602919986,7.39337096282164,14.5911418891025,8.79287310667324,8.67221853823155,33.2384703223281,40.9281651397064,6.34173779495733,10.6214855260769,12.9358145627676,9.91033455118476,22.3057195647418,28.4085696340723,31.6617016326428,9.92555482433553,10.6260894315103,32.8024065250656,33.9896494533975,11.8801367359934,7.84961102511222,7.61824618725591,8.44296438982665,9.09752843164389,8.43591208834069,176.66541942287,7.80086959518781,14.502643094556,17.1098976460319,11.0328963177357,20.8117801654504,86.3511566359011,8.90284558193573,11.0831968785042,8.52584022429055,17.3741776023293,38.02910718802,40.8927033905011,0,301.075064356836,234.007096585139,2717.44912294541,7.19837356158331,7.21313517177343,9.85787503970635,137.017628335479,13.4120396277024,8.98472228311094,29.1722277866549,7.81742042393112,7.62021550303304,7.59620852267135,7.46627643640154,7.44860449602168,7.65184048105481,5.98849157708865,11.9544209881745,18.45864225877,7.05710299799896,7.15199326412292,7.27916237784437,7.62155181354767,8.77106712639743,7.80997367413098,30.9259248601899,11.0077615082839,9.61212853688841,17.9694410102984,13.6430350178148,8.67413719578922,6.50966857628262,15.7555489676483,142.106180067655,58.4071135687502,16.3545723286431,8.95854916660198,9.9272036654408,8.6574067759112,33.3391354586718,9.92459854905077,9.86967006244492,27.0603179538696,9.07096030444912,10.7650234061531,8.82743902063552,11.640069959348,8.21900389958443,10.7826832435869,871.076049365583,45.0468491282862,6.99497286030077,9.04061042504082,212.594040953239,9.35853373069262,9.16473749235301,16.4594441600086,10.0598799824674,51.5138230553246,10.7080959782137,14.0386340024004,9.63825982831518,26.5469257504855,9.62147988027985,9.10715159485683,143.488022548579,20.8749620250023,19.4955243186217,10.863824740006,10.6490387757967,13.2048062167245,9.5020352663326,7.04736029533273,20.5538584824505,14.3297776634522,8.74309962191034,20.1180925951074
"Rusizi - Centre Sud-Ouest",12.5166437327192,5.77709783512586,19.6490227159695,19.5269587130322,20.1693931283693,7.08543524807978,6.12005991604089,11.6875101421367,6.9111533598553,6.67917341192416,32.4208918658818,39.3709442167055,5.18336290555882,7.62758477628084,9.43372452788273,8.38233981886882,11.5385131418029,13.3208402171452,14.2559180515515,8.41137909600678,8.75391476659568,15.0849662216878,15.4990629665094,9.85681885344411,6.53360568330703,5.99857428627406,7.00459584417412,7.68654391801949,7.01560267653563,242.940654454654,6.47662439592191,12.2296943096751,14.9964736057096,9.05052594675721,18.8189953390703,43.7691637392808,7.50264564591434,9.23002100782238,6.88966111938207,15.1003564686318,17.0282490192424,18.4277012483745,234.769720709979,0,121.336461109844,350.414260276833,5.67844605424385,5.68862101598001,8.208638304484,100.44180615516,14.8722125042899,7.58102225148521,30.3718949102361,6.50428648885778,6.32431898765016,6.12036266399283,6.04173785652834,6.03562767550436,6.2040538206341,4.87396059514665,10.798733763816,16.8983309445504,5.77444447918431,5.85637162921687,5.95243697719865,6.23699357363987,7.35591923144426,6.49750703045177,13.6372227570077,9.51211092586954,8.17116571631736,7.73765626242955,12.1484285724488,7.29182383746424,5.33137979985465,14.3586271788998,111.323508545787,42.6780656200495,15.0008706891715,7.55657602407596,8.47050769089647,7.01867774370841,32.7307773324191,8.24945512139238,8.34391374954588,18.3999719557447,7.64330970508061,9.24861116421322,7.16006889034864,10.0242005418232,6.87157291070614,9.29192834610597,141.748497854616,20.4957795857279,5.73364792590295,7.32714692415886,101.546773225137,7.53114612237045,7.74302163257526,15.112011331564,8.29509835553964,26.5884531126553,8.83752595406187,11.9102171841847,8.13520119286819,11.6615528282458,7.98602885166823,7.69555755907382,874.649686811452,18.5267193366387,9.9967144291667,8.4084359698917,8.33990640931512,10.5609173556275,7.47580416371596,5.67913128408242,18.7832630436195,8.72137459799321,7.22810416496683,13.4557452466826
"Rugaragara (OSM)",7.27457811801926,4.01482256821323,11.2044328516521,11.2371100193766,11.5448857942423,4.72210942612198,4.22791902937081,7.8293265016838,4.67552746870638,4.5261752788331,16.4932560125251,22.0939892045032,3.64696400534577,5.03707797454499,6.05495923387324,5.5628637131645,7.76716414025637,9.05148948309007,9.72511065829814,5.58038862001754,5.75713409166918,10.1468326745307,10.4159417095185,6.37044022948324,4.47916935240182,4.13050895102347,4.75686942488204,5.16408988522489,4.76457252167632,518.248655611259,4.44387267189392,7.63755786536936,9.05090459505955,5.92004912136571,10.8709591381823,29.7902844047133,5.0561872255759,6.02863625658162,4.67565394267918,9.66079804348647,11.366305556585,12.1394971320596,185.338924991497,118.473734735528,0,125.195507499376,3.88667019562681,3.94281156130049,5.46932883342856,63.8889751220969,9.63017857395211,5.10231112447682,15.7910249593876,4.46145721632899,4.35234505265698,4.21525434061365,4.1697913671538,4.16673733777659,4.26875739502812,3.45121883226006,6.66513391580874,9.99419760823274,4.0123713852793,4.06272306670664,4.1205690485472,4.29305802916039,4.96827557073242,4.45735948915256,9.41868165698162,6.2063319176775,5.44558112398826,5.73204733504731,7.63258345370228,4.93208105636033,3.73991097846254,8.76665391551092,263.328360391062,28.5433571398123,9.08677336141335,5.08797353755834,5.61766491402537,4.75326588438891,16.6263690846181,5.47771863025766,5.54080479250912,13.3632275668688,5.1376563571387,6.05732478457625,4.83641466391761,6.48450959400727,4.68225732330771,6.08309401445264,377.493511165238,13.2514932722945,3.98821391058513,4.93349308035857,7941.78618032326,5.04801232003767,5.19668032672509,9.14168114899636,5.49909931927658,18.1201202853921,5.80498053860234,7.47651783896067,5.42116900629169,8.21767157129044,5.32671611213,5.16935883248261,173.777028785877,10.758063905905,6.86221199207811,5.53662557454404,5.50328353565773,6.73657693614592,5.00908403904573,3.95355929213777,10.8763279764069,6.52109115819819,4.90167825385931,9.88616743015509
"Rusizi (OSM)",10.5992807967078,4.91083845797892,16.5185834855595,15.4354784184804,16.0480215840402,6.59536621311721,5.17647174279242,9.98497576677136,6.04388520083715,5.92021290597762,25.489733776824,31.0669566950927,4.40523610436142,7.0872303870986,8.70945523759363,7.03750345775837,9.72175931652061,10.8213387250185,11.392326467659,7.05404449339783,7.47503594986679,12.1263552335323,12.4117857951514,8.39772591996834,5.51422841709851,5.23317385157065,5.93132217859534,6.44737237371667,5.9320109084416,108.356847305162,5.47378924553673,10.3547098708464,12.4443340402507,7.75316564314402,15.3782277732306,35.0921480456866,6.30025653213545,7.8366179295491,5.92816067060294,12.5261125640764,13.5074577478003,14.6063578870427,2011.38237409235,376.978996011732,139.460063094337,0,4.95254140482286,4.95313561544386,6.89791176333182,92.5220843813606,11.7104929786801,6.36247475371001,22.9511472942296,5.4903365138892,5.34389501173717,5.26460584795474,5.18170795458621,5.17197765773405,5.31697962130088,4.14854573216901,8.78533466936775,13.6852679666911,4.91409471244428,4.98284875471902,5.07039624053209,5.3149591356369,6.19312252399297,5.48481083739384,10.8230172835912,7.90071772709794,6.83599750836346,6.09204774697513,9.95158840592787,6.12928212075165,4.52769060980652,11.6313857318441,73.905458658405,32.3183079678482,12.1132213107559,6.3427921604289,7.07501057076983,6.02902771773907,25.5819419753832,6.99817482206322,7.00672352352729,14.2623834619602,6.42109830520374,7.70500008311088,6.15081007008519,8.35099606174968,5.7890460483268,7.72751937744204,251.943848417401,16.2212621241141,4.87339974272131,6.30007502224098,128.308195871149,6.50736508969926,6.49577896851445,12.1971433035515,7.07241300469741,21.3610628864715,7.53926556374848,10.0425564308826,6.83501204275007,9.26471525543345,6.77670405600705,6.45461966272504,144.517782061457,15.152887157417,8.43384921677519,7.41482639827971,7.30600888855288,9.17132791554818,6.52758527897435,4.85132109745233,15.195788622696,6.75904332035058,6.0735307305523,10.397583189185
"Rwamagana",9.55085424349205,105.649211813193,11.1215666599783,10.6119952948433,10.5552413595393,456.413087464133,190.466888301715,16.8788045397312,15.5584341982644,18.7907894202354,9.46973507136167,17.3236000258177,38.7560401260674,24.3924703360412,60.0484319395689,65.1507192619573,49.9391005985113,58.7749087462791,66.1641938247529,77.1838540827376,36.1112793399648,34.3100686438292,33.4202449422809,26.3290954203709,46.7490553401008,52.8551932057242,277.491572776208,132.704978257388,114.339170329515,4.22382155107658,18.6281513987256,24.435560694126,16.1076973092901,37.9783731528228,9.87757095861381,215.553149375207,19.4752049488755,41.9595819182965,51.4302136837108,9.12702510350646,10.3259795297451,10.2405437909511,6.68540357831013,5.69044860626438,3.94143144501746,4.7606067512566,0,83.518955544963,13.1039101276374,454.43268337365,83.9203994663865,39.9342916541465,8.82014297431807,432.597857825574,283.428078695095,166.160410069458,149.970687912317,80.6492143345555,68.209635401627,19.3943547670609,15.6233151716547,13.8205624948902,38.5452095605403,33.4099997968577,28.8453000178012,28.2349243814999,26.0839543946586,18.8062801459649,76.8328425147836,9.17241483881233,31.2377051175631,30.0063311869934,14.4788000163252,193.473035403241,33.6752085914635,13.5035575237775,6.15449117785847,26.2628948108896,15.5356674296394,151.781062216801,40.5108825316861,367.268070534905,9.40944339141528,79.8389249914674,38.1677831439929,39.4519933868582,29.1790674369345,41.6977667659667,299.870475189758,28.1102931462011,11.7145760039925,8.55657131661433,6.5561241500458,15.2972369555898,24.4027345587289,16.1765899147768,3.83439925665076,26.6928581069872,30.3761860228493,13.6457706904991,36.3844415398626,108.181793958663,37.1030012848303,11.9716638942442,35.1866976172046,17.5323825489856,32.6462079703907,29.8438844807656,4.68090554593688,9.66384412471366,14.6035994179888,29.8316479640085,96.3859885907674,23.3148191670417,10.0364954248746,42.8151176304272,10.6363974766008,29.0659622856912,17.7112504745361,57.1272338805306
"Rukara (OSM)",8.6355129116925,191.527994537871,10.3027509979106,9.85789655839594,9.82724612906574,202.633961849654,576.662115603887,16.2376126413931,14.4900643846921,25.1054351713264,8.91972701728877,16.2692894069688,115.337424451549,33.4633242798437,41.3763520256948,43.4596836329911,38.0694152819384,44.2197951343777,48.9586614696625,49.0982702048246,27.7665172516103,29.0452327819015,28.4889127124893,21.5183573854017,66.8993835363734,78.9996448435915,109.899010074317,70.8506458565654,64.3122407584952,4.25189275144108,23.4634663611022,20.2407792657931,14.2228172615268,28.9075245122622,9.25809475814603,158.481635051368,16.6994177464336,31.2311385453626,38.0768245539036,9.14928443066379,10.501834909255,10.4207161652115,6.81309881125932,5.68544093960411,3.98561982601988,4.76063957759665,83.1109404696213,0,11.8854130309587,335.09681835446,59.8637444021,38.7794494267396,8.35588589469042,237.691240450165,338.433024414886,373.430480414689,311.372904732959,134.134829409192,108.480665347279,37.7565963913876,13.3907050897592,12.444991633982,54.583995188138,46.2325329302676,39.0564502208008,38.1044831640168,37.0283950781583,25.3756041912233,55.0033000151096,8.65498452077257,30.8855399170964,38.3778185675973,12.9513412912888,89.4641047040746,46.6964478912006,12.1885752490623,6.31286624640014,26.6288814433844,13.765748636769,77.1550936593583,36.9285026156803,127.415882365102,8.86925509579985,50.3426555328861,39.0629043790601,63.601343691639,32.7658588140648,31.0264501830512,114.69513526271,22.6653177955464,11.2106859454243,8.41059130681597,6.72161215586344,14.6078124045689,53.0625032859766,14.2735189928156,3.88395230263149,33.0097781859044,31.4809477373128,12.3005379890762,37.2986474645167,83.5257546187805,34.1629113736805,10.9811927908299,36.1478231493407,17.0839669651909,33.636726599469,32.0189441657261,4.68485325618274,9.08774362614847,14.1655575186686,28.1082128899568,57.629562480516,19.5035100768626,9.74760521817786,61.6779397900805,9.88923057468197,49.4332649992605,16.3840506186902,74.620908820399
"Musasa (OSM)",17.097415672978,12.3371394415126,18.4268892696053,17.9809558199761,17.6985836742199,16.3563646347737,13.9748015144605,69.3420620496823,113.553478605238,25.8332889120537,16.3104530598455,28.2716857449453,12.3037559520698,31.8308684061746,32.2059721620214,28.499907365904,34.7332078423669,43.2778149239977,47.462082077872,28.8061122671015,16.2718175982106,25.3936777481433,25.0200258182127,18.0951382634291,10.2759107401676,10.2177613133007,18.4705069603602,23.1123818149946,18.5732684368989,5.95823950986586,49.3378774937168,55.6464579418902,31.843273537371,33.5514442952055,14.1590581487829,144.314333223519,193.062804575087,36.0065760826711,16.4602236878772,22.1817581318349,23.3861414426957,23.0640415857639,9.47158380458093,8.0920786414564,5.47060226827721,6.49068085132077,12.8249734919378,11.6890670794348,0,383.804301436582,73.0042196843213,12.0103838316794,14.0809976398728,15.8552592855953,14.9480009696281,13.6697707978789,13.3785515532004,11.53699623466,11.0071808935256,10.8416075362464,35.4159823494693,25.7442804142463,9.10564675173727,8.62897464145591,8.29221863680675,8.86562401258739,28.7473704267907,26.600526118382,40.6420179514106,33.8604961914285,13.5394198539991,11.8418538142028,59.8394794591525,20.4088536852552,8.64679102116738,25.1080175877616,8.67455593770075,62.8113935967451,30.7856219560358,22.1872669654075,29.7861665899854,18.1624057930262,16.2068023159476,26.898149193539,30.9074776822549,51.6753721535641,27.4176988307364,37.5529126178812,18.96552751293,47.5812437755955,53.5456347161635,26.4353015593872,9.225981879045,21.0355369491155,15.2609176321405,401.189502871174,5.30840250428686,23.7372199669262,26.8211480176983,25.4855229712116,30.4973485637455,55.256820324448,31.7419937644134,55.1316869778391,29.7646423670653,67.6800375392088,27.8414302534226,27.1039091553717,6.63497270894624,15.5612149043697,54.9923887724779,33.2385120428121,25.9428990427161,17.9004178747395,34.8401917069849,9.48876377907099,17.8055663084653,15.9582301242816,117.248685328911,20.4932175675978
"Kigali - Hub Central",328.29695034214,393.192718023673,323.39804997181,291.343502822424,287.632907765945,801.88021729327,506.308512512996,484.160929064539,605.685865085627,595.457140461446,245.217114454115,446.635619530751,250.040506035658,1010.64366213532,11010.0266941401,4770.83206184867,5388.84293963439,15993.266901462,27951.4798745126,5042.70923315801,730.43531518622,1112.85675027678,1042.96681810226,940.323231772644,277.763442883518,283.485519757595,989.741015141047,1951.40156105041,1003.23139149594,74.4075859566066,570.494452666483,1874.07744954802,649.497931346244,5675.41180604297,223.597123559221,32490.4352083544,997.837686741814,11108.3037253127,749.699332035,190.330285921151,195.456597704813,193.028680901181,109.045287383583,105.982543714113,68.1773441192098,92.5220843813606,490.57910793319,362.540295350529,424.595799589356,0,266478.065894042,368.231141398224,214.644137643553,671.451303387045,586.698803010178,491.377793381871,468.159597106125,348.468354091131,319.270075512785,207.841981946996,803.748486193339,473.490546073673,225.775839520406,206.252869285942,192.199851533692,215.121051527002,1110.67413519847,580.03554238937,5739.88811779295,228.582889394462,468.21492466044,221.081401606723,517.045829652986,1304.95963094155,206.017765760935,450.90246172697,93.1841280029235,486.964563386442,597.242009470967,1697.28878389765,3597.2616705114,960.188561708124,241.941248949064,3634.98714493894,2970.88850965988,804.747329825637,1434.21833450541,14959.0304356557,1079.97706940904,3043.6468423365,346.403317949952,204.562266455149,102.509840896895,303.931569462424,349.267180558499,655.081263301151,65.5810698462022,1183.57766908353,1580.39766618931,460.123591266286,2584.14336417821,2777.93523145138,5197.06894314066,364.070935856491,2332.94415398896,473.756420393568,1908.36321375735,1513.203410478,86.3017702884228,250.601226946545,411.174224823945,2358.41220490384,3187.31001267677,930.190485542846,269.428779136597,242.493066900345,294.17809187237,232.789665336596,789.920354903534,381.577260111929
"Kigali - Marché Kimisagara",64.4678345782521,92.2709881152234,60.8465598365168,64.9065541049375,61.7853911186586,139.75871042911,124.683070410601,101.521329556902,130.074700567471,121.798427707538,47.0741407345952,95.0655460013899,54.5283558202613,174.018397476151,2485.74106618387,1598.06313428665,1042.08896982066,3954.42024999302,5537.51684297276,1708.58575769759,175.002839280531,160.801912335932,148.428009388639,235.69713782719,62.5760200452793,57.8461180339814,263.463928984356,585.175522496257,268.912409912322,13.6412678434239,138.479385936775,469.022104817228,147.750755812848,2298.00960952652,44.1762993933329,5927.55218072239,260.874199985832,3357.14236910434,181.379816768428,37.5171691996367,23.8488990678764,23.5421213021201,13.2999589452526,18.3591039738654,12.1548956920906,12.8804958865509,109.102878255954,77.4640617577042,97.3691593411385,382456.125557874,0,87.5799020717166,45.8363786782078,172.369113034136,147.615576796667,113.636634413362,108.789511125551,77.8408608976225,70.1924552234419,44.1738424403148,210.410764930053,108.655927979659,48.6360720133541,43.8076453012524,40.5129723252468,45.8596847864183,292.136979365435,141.621750133058,927.408086772688,49.2438006272478,115.624973590496,27.3754673237725,124.416932821758,369.164021437039,44.3870581936777,106.557997631385,14.3763687660606,81.9669720660774,146.44097515075,498.81157849716,1081.35922837987,241.471845658861,46.915070987442,1129.12685543996,862.188643507581,147.021040329243,389.600311934027,4923.33800326341,275.34278185861,883.514656184951,79.0168944746551,43.3801606548707,12.2715372055331,38.5184719992442,78.9765783051855,150.192985138928,11.7817004871039,284.409073430303,435.410987354066,109.00787437701,699.659169533359,546.829995906665,1478.43910073167,76.7354675150921,662.093722606864,60.3403164447769,512.824758967793,415.514280784312,14.8681498209068,49.948700671962,57.6967648442302,546.429219094781,844.463865268899,212.889735972852,52.1130773948792,51.957543569954,61.8880132285508,37.0167173677772,199.34989557754,65.9215707933835
"Sake (OSM)",18.114415392892,93.9106537329035,19.2687024540897,18.9229911571453,18.5801202566007,66.8619436268973,58.9388913678465,15.4320673719725,13.6186184517475,13.4284598391905,8.89230496671178,29.5602475054527,23.2229032024929,16.1250786614805,34.9527192637856,37.5369455771937,54.4613359644669,47.1338885756582,51.7154741739276,42.060458585896,95.4902282909208,159.797426546612,146.097938013848,155.862576703923,315.747603399181,104.540508805594,48.4630692567087,39.907752159567,61.1457421982836,5.5201638716074,13.5141557394294,20.4347218908422,23.8215450206686,36.8662646507909,18.3335087610599,139.455110066293,16.7998571269243,28.2622252778826,37.7714420364137,8.7858697216426,10.3344877981301,10.2567652336154,8.7563635155378,7.44054393887063,5.08612097923188,5.95119959178765,38.6192723207955,37.6965656424124,11.9456763704254,329.480989171297,65.2535883566743,0,14.6760383066292,67.9357711154123,58.6520691358551,66.6592412570561,71.8111629190296,123.942943407177,156.837258576563,13.9986550075358,14.2500490946902,27.5235515289744,92.9801238775556,102.977294236392,115.612672068488,172.388052153677,17.4152862482742,13.617580635166,48.0168588732977,8.75948390210737,1394.63997887814,36.4599396463113,13.2791481115985,42.6214471602058,57.4093969200853,18.2270221561789,8.14841780832041,26.4956233538057,24.3946446971494,38.6857897034217,23.8076219187683,54.2125157768239,8.85587776574395,45.5273576489027,22.8292603845619,32.9672240321906,18.9011499255831,29.3327502189913,49.5591929655234,23.2508970500901,10.7247764391337,8.07006496158153,8.56596168611935,27.4863773400932,16.647149584529,14.170864281905,4.94317261592367,17.5934105076585,19.4602429676523,19.8710531455232,22.0054728481861,171.350692466911,25.3302329893593,11.0723675737689,21.578322081201,16.5752493281568,20.4236354172746,19.2167538835247,6.10855695078888,12.8435018085009,13.4723033108434,21.3174204411431,46.403706217889,57.4457025545183,9.20317517167127,79.2463372841221,18.6839321914964,23.4775212731235,15.484076731661,87.0988143943355
"Nyamagabe (OSM)",81.1292406939779,9.19979335452998,172.616096867292,198.438811373782,220.020105208679,10.6586229432043,9.39604364889967,14.9586201700338,10.971440662714,10.2607532721827,20.4858519238587,652.612271233757,7.30163830283878,12.0003934300448,17.275078332792,15.7884929703041,22.4983192201314,24.1347331795987,26.1611333051107,15.9032492158973,18.6931974150394,33.2216401059989,34.6836010891811,23.6560848442234,11.306961195401,9.50450586615165,11.59801865967,13.6378387854294,11.64458796975,18.9858584904763,10.2639688683118,32.1396377471686,68.065056952259,17.6502272804157,154.934838779849,80.422399762416,13.084122742487,18.4798168944463,12.0941158879607,13.4645341144408,15.2882500186556,16.611066767972,25.720327570457,29.5295057233606,15.7141645003532,20.6968104285948,8.59912434202648,8.18670438578408,14.0003883673923,193.826594910349,34.6613976064266,14.6760383066292,0,10.3451782055286,9.89302303952181,9.24594607881978,9.091629454711,9.78073229101484,10.221313691293,6.67306550936425,32.3401806014558,105.011157894125,9.18272470516877,9.39122703617985,9.62577083917023,10.3712551938648,12.6310892539416,10.3279475480532,23.7825405009898,13.8364793925745,16.8664898922416,10.4909872103249,25.2037830353015,12.4722438692928,8.12766669090149,62.8071512350961,21.8007991758759,39.116569699504,71.8123667100381,13.246306471515,16.171182058622,11.4648168384714,20.3431242971585,15.182194251033,15.6596823937089,26.3134420489145,13.4877851678498,18.9691975507498,11.8371298194518,22.0336461063293,8.88405944525058,10.6017329021804,22.7582436442969,64.1659190814465,8.47310229081075,11.4752129242128,14.8259204247144,12.7703973292389,13.8035829708659,73.4973442298686,15.2399119072006,53.5233280785299,17.0039965094306,19.1159603157941,14.9834313019173,14.2863863306686,14.3614344240305,13.665280508217,23.3557072977154,126.111749887105,12.2210611223825,14.9367272252243,14.8559687089595,26.3984981383976,8.9417688703827,8.8849544351684,156.422608434927,11.1074020398446,12.2235719610927,19.4769230317558
"Nstinda (OSM)",11.2129935381195,368.445799537862,12.863385373634,12.5991904606784,12.4697826423195,58668.083386786,1547.59577644377,19.9032306317583,18.6451701399955,22.7528605139423,10.933336235625,20.3532159345099,71.3731344641118,29.3285820658386,83.5239886994102,99.6650148662799,66.0477713439608,79.47406454177,91.1127006629424,123.472930720897,48.4474181132097,43.0074839080762,41.778550384297,33.6583615375121,90.5555872399709,109.255542423025,795.720609950958,255.25071955041,207.081924544928,4.78913060951117,23.2107301865735,30.8436895170456,19.5165422145515,51.2231950713295,11.5098911504501,300.780408523861,24.3953192259992,57.8883705954476,78.8696691094868,10.5041017549384,12.0816675264828,11.9792302553562,7.71839896145588,6.393284539304,4.44846522809071,5.16347631821824,421.995035566863,231.75044076473,15.7608099479509,597.819500005386,126.833653974373,67.9357711154124,10.3451782055286,0,7775.32258523062,1033.08339939423,793.523018152744,220.791477603452,165.934983287449,28.7797623601558,19.5777960473346,16.6505738478051,70.5824981253957,57.9429793493067,47.5413800628609,46.1557275990151,33.8052880971789,23.4711123163107,108.844275731012,10.7845904731176,49.2866365050654,43.4555775042534,17.6178762996547,443.959762723549,58.7791822473753,16.3327913675435,7.22145353207838,31.3321036073527,19.0248495265633,309.122780439466,56.2593550085909,1320.46138092278,10.8823604218328,128.003680967323,52.304381874714,54.1949837477118,38.4193395276704,58.1520053890941,904.17282011273,36.724443861895,14.0091067400384,10.0172502611517,7.61049193343342,18.1343273995439,38.3477015575024,19.6293637908735,4.33339525421982,34.1292474356084,40.2502269284505,16.5188453290009,48.9954960074043,145.470197493776,50.0174549282706,14.1410330293327,47.5887956287215,20.9085585991573,43.3864912993476,39.4539838077156,5.2624319906776,11.2450485144533,17.0465245998508,38.0697572535609,159.479398190459,28.9388425470138,11.6254666534652,81.5567485795751,12.5137573608571,40.9761114511612,21.9521115462896,88.49941054343
"Muhazi (OSM)",10.575565225757,525.231357395577,12.2295554845198,11.9732354746069,11.8610075712311,3290.53253030657,5384.55758047006,18.8963145530759,17.4705381821227,21.2807773582304,10.4463092005782,19.4138986443919,84.3223935316895,27.1273664240197,70.846605020451,82.9550009051704,58.4158337028648,69.8167059923091,79.4111089235691,100.355299006476,42.9876517788124,39.5930599279276,38.5560556946048,30.5954723825085,104.970405244883,129.049709184364,459.78957565956,187.504245797306,157.151926070258,4.66578167671043,21.5138215622463,28.1834101826046,18.2446158791107,45.2676226951126,10.9766020511045,261.401867973398,22.5560426054913,50.6674969665658,67.202378313611,10.1354655626005,11.7102655390059,11.6133205084743,7.54078603113063,6.21841432905211,4.34005477007611,5.0311576099597,275.615010031608,330.639644313563,14.8615807913499,522.730665035014,108.910800953864,58.6564844635943,9.89359988098761,7775.24042925521,0,2232.83469742609,1413.25215301976,285.91709626561,205.998971668102,31.5633578235667,18.0988341118486,15.6646067880848,80.0725792768449,64.7601207842694,52.4331404342615,50.8095529012423,30.9861616123072,21.8993395149058,93.4124227255159,10.3007050149229,43.6586012872839,46.4105461378269,16.532753774023,294.367176784573,65.7647742436194,15.3739308993362,7.06136356891931,30.2972876628262,17.795071873921,219.767950135215,49.3371390554688,656.656419148321,10.3989367625548,103.589441122106,46.1309061247721,57.5060058335676,34.6197688531431,50.8645947396528,503.217524474642,33.1900651224327,13.2636070354206,9.58924288750971,7.44556856956094,17.3806778678059,42.8687666535604,18.3446482990596,4.22947281933561,30.9994588218829,36.1594880054356,15.5420794538841,43.4350679855601,129.127756759524,44.2763988585329,13.3911975791092,42.2651772736597,19.9392852237552,38.7908531950043,35.4901884593127,5.12079193643636,10.7351674273565,16.2478735549765,34.3731489716622,125.4952215842,26.5530576050368,11.087287386884,93.6305861735632,11.9002924732153,43.8693073163092,20.4080077652771,95.4060652273549
"Nyamirama (OSM)",9.93894343793515,1829.42409161522,11.6318857004971,11.2289288356896,11.1580709255234,716.156706056881,9333.66907073785,17.7767837413831,16.1882992923493,22.3310825626244,9.97071858589869,18.343476926417,89.1155615115931,29.0042933928894,58.2394519063125,64.3895584514792,50.1045578925489,59.046310270816,66.3319427546188,75.5067515362292,36.6169462177146,38.5061114002939,37.5115775704914,29.6928237231504,157.814688841151,207.973933410286,241.135909565983,124.7667746278,108.726008633525,4.54420438823246,21.0737418983506,25.1085433849157,16.7883916835683,38.3885790985139,10.4155624859188,216.531017460277,20.2863950737068,42.2940603828442,54.083938541225,9.74154426595355,11.1846910993603,11.094565810099,7.28606291910435,6.08007395854211,4.24063911908986,5.01741205586165,163.721381881428,370.166451432873,13.7875749720518,447.481520378933,85.9188434353561,67.8481581773069,9.36937117161023,1042.52732084903,2243.50453666768,0,36689.6847772987,638.589254281547,391.291774765177,32.8260513471902,16.2731642391264,14.5030167396903,113.005731697468,87.5663021518898,68.3558392452518,65.9356256858652,32.2347636063893,22.6844523121228,76.4606331103604,9.73581362351877,49.4161212216851,55.8756697943511,15.2074784248019,175.490072224691,89.0729019935257,14.2082121461294,6.76969558685944,28.6105352359021,16.287388486681,141.002317217327,41.0698933853793,306.12380747895,9.91714048686142,77.7541427609656,38.7601169853099,58.4966208019688,29.9761538326298,42.2043132414076,256.984268870545,28.8939265079638,12.3679685875427,9.09478809211631,7.17950139051536,16.3851282096462,44.7982921712266,16.8646355529074,4.13065123994573,28.898299943836,31.1637349589802,14.3539294939026,36.9117300661927,109.947935993261,37.5830232945015,12.569887816924,35.8612231994424,18.6883752002751,33.3119258717814,30.641161905898,5.00641257558963,10.1995526765754,15.3974855053174,30.2873915495172,91.9504102036368,23.9130225432466,10.5541709469555,137.071644404334,11.2182963884622,44.8108240305733,18.5054486039813,115.61508986717
"Ruramira (OSM)",9.67550364523987,3156.76051327968,11.3536559870579,10.9884443264955,10.918653185371,568.154665453109,3944.89617298632,17.3745726802505,15.7396912605597,21.4648728777118,9.75637818273553,17.9663211282517,81.9967340603598,27.6463277227281,54.8540151022249,60.7356801011407,47.8637299243588,56.3724981894123,63.2300598241922,70.8350622037646,35.067987350462,39.8076015020877,38.7464420296639,30.8495035826521,178.340072149201,240.049213602233,213.423157261843,114.657851364957,100.524322669181,4.48581087056424,20.3195194724771,24.2355597413916,16.3225170814079,36.7152696932657,10.2891671889721,206.375928184524,19.6817287781801,40.3643164956084,51.2586552930669,9.58021874491729,11.0463973846175,10.9583689513899,7.21768590317606,5.99055419346148,4.18743887187245,4.92980896582002,147.24614896282,307.61274969763,13.4552006899136,424.777643394509,81.9967509858188,72.8305495889769,9.1880599193093,800.164020000763,1421.58404754192,36784.730975926,0,852.128766011849,484.608760616053,31.3182830280908,15.7874708554733,14.1388175865016,124.712534266351,95.1920709002562,73.3674815552928,70.6405262197021,30.7670294429413,21.8388504104219,72.6090586364837,9.54331601629611,52.3266880721184,58.3543827409533,14.8216162051663,158.446020893113,96.95331309698,13.8611352663591,6.721098834714,28.2786510551431,15.8579856171097,128.806178052681,39.2575531224546,266.112645270048,9.70640458951835,72.8321802742439,37.0969591098052,56.852822566536,28.8641864041428,40.3110723915104,226.244499458578,27.8392430109908,12.0883821287064,8.9216771240606,7.12177993711479,16.2453837711633,42.3440771517281,16.3967327587442,4.08032474513205,27.6331158108036,29.983484717469,14.00125626828,35.3490023222074,105.3965444395,35.9712611879364,12.2709073853626,34.3880104904906,18.3323998905178,31.9866379478096,29.4920949453941,4.93428109712118,9.9841443012372,15.0650706629019,29.0968958142133,85.4481185261608,23.0886425427178,10.3206810028042,153.18291029922,10.9714686629671,43.3468517579777,17.9838558711814,122.054618053485
"Remera (OSM)",10.6235898241965,3757.57866860296,12.3141800862554,11.9328640839566,11.8396057661116,185.411130399666,413.937885509243,15.1957189430317,13.3699705716627,17.6195760586343,8.65480972355607,19.3969615514165,53.0552736612002,22.0455880845621,39.0193543354741,41.995341887307,36.5407862565671,42.6415551809998,47.2813958432812,47.3967792904492,32.7989675305411,51.3847879239522,49.6238012931209,41.3533335562931,516.732651612774,942.817520467736,104.901565831518,68.1658947349058,75.1180496285381,4.48058641474036,16.7344633347605,19.563521455228,14.1788886011665,27.8863980717554,11.761421677181,153.364752004241,16.2697024198688,30.162644436318,42.1692763375605,8.70391379485936,10.1556874941687,10.0798104618663,7.21442492419162,5.98136556309359,4.18240680839653,4.91785883615151,79.0270853316227,132.147621786726,11.592738652194,316.801714600813,59.0385403562069,125.522906788743,9.88000120689314,223.374632193565,289.064165755079,636.699933899024,851.66069116906,0,7423.22447253308,24.3347962707802,13.0463306768458,15.591211439707,279.643165730077,184.301396581965,126.73301300487,120.216888768414,23.9730753466418,17.8268286248424,53.0759841303404,8.46428816593668,80.4368808438724,64.008580050995,12.637493095458,85.7973276093288,189.458646564769,11.8973450583771,6.7214837933038,25.8643792170292,14.2978075702878,74.1482698578133,29.4310536973995,120.856197160255,8.61364490485137,48.4673179963977,28.0815881863751,48.1839901062155,22.7000459208765,30.0896311548802,108.980234494672,22.0132771308469,10.5097136626995,7.95429693120807,7.12030836791893,18.3379505102972,31.3445717119785,13.853901343989,4.07568281757511,21.9092218153069,23.4491424066976,12.3633955233785,26.9957035031892,81.0293046209262,27.40111132465,10.669066749671,26.34725798333,16.2158433076836,24.7981168217585,23.11976933241,4.92695120638803,9.01234355477805,13.2966081703089,22.9582282236493,54.9529560102121,25.1471264312316,9.11673237177484,393.682114609188,11.8995266258293,35.8754768741522,15.0340070225498,180.64132005332
"Kibungo (OSM)",11.2733631514656,1272.07853635788,12.9664447702425,12.5589216703322,12.4513377906541,143.817385204349,279.351436164704,14.5781495430486,12.7190150994489,16.5982844056791,8.34208750594197,20.3437354712912,46.847531624311,20.6204996527663,35.3860113437789,37.7106554354351,33.7467239834067,39.2758098926029,43.4144285242117,42.2057996938845,36.2279444458192,56.8321027413463,54.6944131242659,46.4194749274082,926.561435998567,2294.68482172621,87.0947555104631,58.9837332116938,64.456101385754,4.59868800416918,15.7640197304458,18.3333805066571,15.0122783609076,25.6879986064142,12.3688342539108,140.51922896617,15.3426234610261,27.6566871493196,37.8862027637128,8.44664112418465,9.8824676560041,9.81011306809264,7.38036943458172,6.15085594007048,4.28727772794305,5.05445431595442,66.898656200935,106.950168283215,11.0683591400503,290.914472820178,53.4304228678456,158.931782237237,10.3347534975257,168.133057424692,208.618233320578,390.231220672872,484.632114340065,7422.06977540646,0,22.5450889894888,12.3017275614176,16.5725561528185,414.334092707882,249.111138469638,160.702487683485,151.249782021798,22.2281666621276,16.7493874950181,48.4494095895929,8.15237852103368,96.0884986818625,71.8017570509322,12.0270576891308,72.6938984929865,257.412426113021,12.2086644305657,6.86603553619281,25.1133157059803,15.1476539307135,63.6865708854861,26.9981793122091,98.8241227328277,8.30271215291701,43.1109902335608,25.8310454230346,45.7295935567959,21.1025308626514,27.5705259568139,90.1601151131564,20.4972747547091,10.0609094437419,7.67350306562655,7.27284596430353,19.1772373756738,28.6564055244149,13.1546298906895,4.17604251140058,20.4257225950594,21.7643080054111,13.0281243775587,24.9003989277509,81.3203122766478,25.2584023486364,10.2184533082778,24.316259911828,15.599401867784,22.966019296258,21.4727701213321,5.06422877551498,9.39666561265785,12.7934585566332,21.3860189803868,48.5124380029926,27.3217248416152,8.77599897275279,642.777909065705,12.518859983425,33.8187905637327,14.2241750758403,212.226307871949
"Nyagatare (OSM)",6.43598550058536,27.0127551935335,7.88915849889174,7.69810361262428,7.67922546958444,27.354918083627,35.4271309029264,16.2685533025405,14.5221204308902,34.0430860782607,6.99543569073731,12.835128989025,138.964527149652,34.5539633346421,17.9070515477183,16.5881070216617,19.2960218270907,23.4908372415542,25.4534646261411,16.7130047480559,11.6398732338853,16.3214553636555,16.2099109739917,11.0901573446575,18.2401799027485,19.5952965751622,22.3612336361159,18.7082218329672,17.9192979767872,3.65671721429654,24.957573812361,13.88737824261,10.4316600575254,15.6467573108413,6.72721078502204,87.4380973299401,13.6804099339163,22.4379168572298,13.8577657636918,9.12402946039506,10.6822262769917,10.5998171103267,6.06441285827649,4.80522994012268,3.44299352508128,3.94444500257337,18.8028455048536,36.7042449003495,10.7857158473252,187.812183469969,33.4354105145536,13.9986550075358,6.67306550936426,28.7797623601558,31.5610409079644,32.2651510998882,30.8914705441394,24.0342612607201,22.24860532632,0,9.59834076771214,9.36080353062967,16.6082921295916,15.3170344928474,14.0491289889815,13.8672384970029,40.7259161620991,35.6687773678679,25.9413719495322,7.28591665038267,12.3734786256922,17.9712012088085,9.70405054353262,20.6380619319638,15.3947628746024,9.22148188134577,5.71971896978277,27.452739311527,10.2112633102146,19.4088893932982,26.6108842992736,23.5981852316998,6.97072027090086,15.9718508362449,27.8367936720552,165.324813785133,35.6875889282816,20.7061483501386,22.7136626200062,15.2824311875469,11.3343173038723,8.4438875406354,6.06033856633312,10.8847134841061,174.858370738866,13.3328733194728,3.36692445474381,35.4866021584148,34.1950296436317,9.29265282578942,28.9230402668306,36.5110726666127,24.7753031213203,8.38963964338781,29.7628451719833,17.3928186377293,31.8460196881951,34.8328643878253,3.97236849244165,7.14410876760647,14.1465709413289,20.832011796303,17.0593605835718,11.0331039652454,9.66262986347427,17.6126721099947,7.69158397328379,83.4382170046751,17.080837916762,32.8776563707049
"Muhanga",85.0945594219988,14.0816203363923,55.9827185344538,55.0199537861574,52.0258473695984,19.7293693418013,16.5618886378603,28.4212173059872,21.401998736747,18.8970503673687,38.0632227375014,72.6492469225221,11.0086848702532,24.5107177608953,53.2438109501016,45.4996251191275,51.3600707630034,68.2036596422488,76.7644359383639,46.280902770173,20.1313822155872,33.9054692282776,35.6067754277174,24.7837229998027,11.1923564974669,11.0223102777027,24.0668659720746,33.190301588559,24.2633881061493,7.4746221933281,19.2976533930799,552.956332827729,354.350016732517,58.6669085596119,32.1461630523801,229.10862961759,30.4990178552048,66.2166771504334,20.4571232134605,18.5105958891504,19.1150691711629,21.3799282117831,11.1298522030241,10.5472689362168,6.63830493257789,8.07017913186614,15.1462709823111,13.0574522239937,35.1585347673202,715.552061434713,153.848416254777,14.2500490946902,32.3401806014558,19.5777960473346,18.0975559364568,16.0117605810297,15.5852617363743,12.8960706730171,12.1511724183128,9.59834076771213,0,150.268354778875,9.63262741913354,9.02215544158287,8.8829345169796,9.64552594083563,28.4091322795467,19.5199178643635,58.7978513176777,36.8524050127614,16.7098684598366,11.469709628709,214.915826327964,27.7350580416197,9.05506716664868,139.253708049664,10.0662509462949,52.3848955044384,307.162908734506,31.2696702816157,48.1859207576228,23.4064006607594,37.6048668905387,41.4730865194297,44.6591497775897,38.9617692218585,32.4241142178415,71.5922393161455,24.848219467464,110.036265843067,15.0724431433799,21.5757603906741,10.5118274668602,40.3907009733067,13.9269312027801,23.6335438518978,6.38533131950155,28.6821612020342,34.0248359004164,146.3982632183,41.7178914405983,68.9924354143015,53.6745580497402,81.3758367885157,40.4787715467966,23.0559274628437,36.7715957459594,33.3284446123382,8.55498890765231,38.7066268556892,20.6508596568775,39.0107144139227,38.7292500964107,28.2003312620953,15.6382013744606,10.1098625192003,52.8999149983036,13.6883268506831,26.4811701850437,20.5149189948625
"Kigoma (OSM)",12051.4340330319,14.3330407490389,343.636553959436,321.960056029518,279.711677756525,17.4208310202907,14.7478241337604,23.8507921592571,18.1960864437094,16.5825005036659,26.1318833224506,291.335840089713,10.5860369603483,20.5646184333212,35.5033701545649,31.090261217256,45.0918741224441,46.6198242994503,51.1407128575505,31.442730002147,40.6112573828515,78.7482952206814,84.3892008990051,60.8769711809029,19.027736191197,14.9572579309884,19.7158553435714,24.928017924839,19.8296123763762,11.481883713136,16.6315146271686,111.190500078601,1202.19294767892,36.9875243684571,105.186490498645,155.714494183835,23.4548154042349,39.866297010388,20.9065013311791,16.7140745932284,18.0055664639475,19.5081698524708,16.6284044283709,16.6353572104606,10.0360947477425,12.6284171433798,13.5566255402665,12.2683499027194,25.8307584514637,428.03046176154,81.608043465993,27.8158830861343,106.14532391586,16.8137344260671,15.8150478412282,14.4211740592429,14.1015722027704,15.5619920212085,16.5262979504911,9.4389899196005,151.777597580261,0,14.2967008033682,14.7346918652146,15.2329522919302,16.865234448674,22.280906362531,16.7751904501743,43.2480308134207,25.467690913258,34.4814846602101,13.9758794375406,68.52579364237,21.8799123654405,12.1639664435494,262.908255172176,14.6854059051145,47.8219323051997,1557.83095292711,23.8817302706818,32.2780207049599,19.3806134045735,25.9028492811863,29.2556443207474,30.6996699874824,37.3348365082665,24.5222029849744,41.672310640418,20.2765963767632,53.7258907837132,13.680933555766,17.3921881348352,15.4160363005941,113.395840022093,12.8467267883818,19.4025648171225,9.60179002466405,22.5988857672136,25.3771266007745,431.539900875405,29.4143333411218,108.598708798041,34.8667347302511,42.1241379721278,28.695277470949,20.8804690128625,26.8986780981751,25.0022156065394,13.41121334065,67.2800361739341,18.4175682909868,28.3844918521054,28.1794226287076,74.3403907326222,13.7632053283686,13.6579227082513,293.53542749402,14.2760812765689,21.181788750074,26.9442940660421
"Rwabutazi (OSM)",9.66442867164867,181.068017257227,11.3193367462148,11.0370361874903,10.9543287019503,63.9542637878084,94.4366861608224,12.1588983748826,10.247159321418,12.8797870360869,7.05601757100986,18.0114709303917,29.7504140140483,15.4396815129284,23.9110447318136,25.1909057165619,24.5788037774993,28.5111339458695,31.2751731443811,27.4787791144465,28.4447856009737,44.5478396549834,43.2244974402033,35.1486406116303,162.043145681424,1099.71589353378,46.479947193972,35.2984222876692,37.6364652924007,4.29046483232632,12.3445325851568,14.0200740332635,12.9782607467211,18.5456767865647,10.8612032035363,100.55050819098,12.0620695731754,19.6940282491948,25.2722392229254,7.37826412713997,8.83256641290566,8.77356069998199,6.97742869397373,5.6969866597038,4.01031120896417,4.65494095384358,37.447912312738,53.2792300981384,9.09163961254406,204.685650681789,36.9225750867842,93.3928683104694,9.21391665467066,70.9000693563179,80.4250989364021,111.565804191086,123.561926875537,277.605552800029,411.29061317746,16.6747913713913,9.66829456773343,14.2177014362224,0,4195.16983847895,913.158243464602,575.115746522105,16.4800829244399,12.999473644032,34.2768337997319,6.92366827761383,63.7644213200348,70.055309239893,9.77115050507762,41.0080600404497,813.06092789472,10.7526788587592,6.53766806613853,22.3602152856147,13.1091688893186,37.3173649425054,19.3229742455489,50.5848955873396,7.02918740805229,27.9215180502568,18.6401318943527,37.2814375420737,15.7853960331451,19.6528871623206,47.5567780126731,15.4059094356094,8.35163752796875,6.55680943568479,6.91322688779523,17.1669166036549,20.2737419104381,10.5557434516677,3.91214878993806,15.3514298276067,16.1955082003382,11.4163694198796,18.0842422370676,66.8570280852019,18.2947828783977,8.45862896397671,17.7430493943036,13.2948051355858,16.9256649769429,16.0156002370432,4.69729566741371,8.42153290564396,10.8036092854926,15.9520536815831,30.5306935650113,22.2022899737979,7.38644808501727,9561.98874305516,10.9934057159407,26.8956718833563,11.3160678684034,349.980670112462
"Butezi (OSM)",9.95223171706189,129.796496510757,11.6132685309978,11.3236343251674,11.2342590334048,53.3069008096692,74.8558871307723,11.5788181549041,9.67605714454387,12.050280791716,6.7501720171903,18.4474887572211,26.4699626175887,14.349619269575,21.6813678906255,22.6776067995982,25.4456801940591,26.2308771705845,28.714977160398,24.5905809552474,29.8401632115139,46.7213854157441,45.2656763237119,37.1332375171466,125.378737750592,486.711181826122,39.8725433195855,30.9994036998695,32.8859739119731,4.34760706374127,11.5531680055187,13.0575750427532,13.3521956081538,17.7239415424072,11.1378220363489,92.1137495653865,11.2999493041442,18.011338374887,22.7594655427574,7.11177800238607,8.54825550287555,8.49256448241695,7.05952024849838,5.77784608249172,4.06107678210169,4.71836498236786,32.4755372308673,45.143690320964,8.61769313459387,187.372016423228,33.3548736359729,103.454344215722,9.42503551367122,58.2179896993759,65.0622627282507,86.450558232774,94.3153191510538,182.884636995778,247.079566709936,15.3804038117636,9.05662035608276,14.6556037350359,4195.22930639849,0,3249.94423866751,1422.75566252725,15.2111325774728,12.1375500073089,31.3384851580124,6.6209384756029,69.1172485519927,60.4046206190691,9.23301644404929,35.5677329208603,402.074463025684,11.0269055747067,6.6110246459366,21.5914472366442,13.4923178424914,32.6251053578436,17.679395481473,43.0688634782518,6.725060590596,24.968034577277,17.0920343714284,35.178677738854,14.6020525207749,17.9646772728741,40.7303447337825,14.2704785135039,7.93721212749524,6.28058672624807,6.98957906433309,17.5556391548289,18.4995187310553,9.95079450339252,3.96086214112867,14.2334359211263,14.9612924162472,11.7198013273171,16.6184614366436,69.5140970632267,16.8030876230203,8.04095726540802,16.3135509183722,12.7117183460151,15.6061853391176,14.8034014330024,4.76291020233107,8.59994193704543,10.3239738102728,14.7781884838964,27.166040615325,23.1162505060082,7.056922201372,1469.46602427514,11.2758897583808,25.2241290830637,10.6337980637427,262.575870055252
"Cumbati (OSM)",10.3020376969777,95.1972356703752,11.9720195563098,11.6601975717236,11.5647066445301,44.5599894193757,59.6379494342371,11.1143732153888,9.22572513654203,11.2429938165525,6.60517808851796,18.9627076984084,23.4536667265664,13.313980180602,19.6244258024028,20.3289301109246,26.4902626943382,25.329036091718,27.4069665187988,21.9142768600403,31.5137397919003,49.3425567827363,47.7197515803483,39.532377210447,143.065785155225,262.881320810453,34.1192032504443,27.1213890805984,32.3662521878399,4.41597893532724,10.771338283431,12.4122037756271,13.798174284753,18.4354141248157,11.4688636067041,84.0447231961184,10.6942755341601,16.4083591676801,22.4964741056118,6.89525361349695,8.30571669133904,8.25273761092027,7.15109738736387,5.87743245329887,4.12235670264132,4.80360962593074,28.0963544992833,38.2103239265214,8.29147040111988,175.183038048748,30.9735732757929,116.335240020232,9.67334879886937,47.8481052508124,52.7681225741115,67.5931690415107,72.8077447712374,125.916153217673,159.543496807909,14.1266868843679,8.92891655349493,15.1730547736307,914.133927936685,3250.76139604596,0,2542.99842964612,13.9814567165409,11.2884555198829,28.5425186526464,6.4721111799382,75.7470557936212,52.0534969718758,8.96901671238307,30.7491158425914,229.955461534708,11.3489918586668,6.68777287954546,20.9272542919545,13.942057510973,28.4202638824287,16.1056559282855,36.6106298626025,6.58028492947731,22.2397521255992,15.606631970096,33.0338070838378,13.4516137572508,16.3508885491351,34.8148456194179,13.5048398447991,7.60303890958065,6.05639551175644,7.07228332271797,18.0031160067233,16.8083151942173,9.47131783609017,4.01936501582228,13.1508079776405,13.7634024716782,12.0760866257405,15.212631468936,72.6567823607016,15.3745687825125,7.84002785541356,14.9365008375209,12.228887808008,14.3328456150086,13.6258213644751,4.84350626684816,8.81444063272517,9.93778776235303,13.6503756059566,24.1002847352399,24.2207186305681,6.79532019230006,534.790014279166,11.6116700730909,23.5397938011359,10.0896767119877,200.279034893438
"Gahara (OSM)",11.3934161200181,91.1826141164803,13.0676702899653,12.7152559371358,12.5950948865179,43.5842290809215,57.7593986227144,11.8335330276746,9.92858077788944,11.1551431115707,7.00231086164898,20.557480332289,23.0637167705696,13.2174045196314,20.5083092833402,21.2335262069194,29.8822944422477,28.1483007922464,30.4957335599614,22.937483361587,37.2986044433517,58.5000380931476,56.2436642256873,48.0882847950329,226.717647024679,206.423882207768,33.3860438316867,26.6207046044742,38.4353561134193,4.61512235304071,10.6734792432235,13.5814219778456,15.2007251409159,20.7374105385758,12.4909243877073,87.1779502262536,11.6041663758985,17.1876060110835,25.7375683488788,7.23177407187631,8.65047775420196,8.5934745521215,7.43025844871489,6.16297491514039,4.29919882479847,5.03337867883072,27.5558092920283,37.3523070136859,8.8764151759406,196.033266198675,35.0307557934834,173.723101893844,10.4396287097514,46.5432478812184,51.2333260175779,65.3264222147174,70.237123707912,119.662138599027,150.424676676393,13.9665434061419,9.71208020315709,16.8263082627395,576.62962162511,1424.92277304151,2544.1270279482,0,13.8251072754355,11.1814916396508,29.6273857943687,6.85675962681019,102.420893558801,48.6300000090217,9.64222102137274,30.1287656589754,183.655142665564,12.356315335939,6.93153569650058,21.8397473818379,15.3745765968517,27.8778605082793,15.9034979579986,35.8033394700746,6.97430496969444,23.9193932075762,15.4177481145939,32.7138391132345,13.3054545232357,17.5699954355401,34.0750096753319,14.8603550857775,8.11018198108086,6.39956615297015,7.32887544430755,19.4138481682395,16.5919386372426,10.2084014764809,4.18862279269938,13.0221504983584,13.610742538807,13.1963506206343,15.0394996916265,83.2342609602137,15.8912944340818,8.37320454650828,14.7615598080676,12.9327015710541,14.1745339356354,13.4756841557745,5.07479417167182,9.46120191403028,10.5339709039406,14.1188364807574,25.1833307919526,27.8774861637081,7.21116477215152,375.997401350419,12.6543297695759,23.2927074337532,10.9081089101596,177.638727616922
"Rukomo (OSM)",14.7182970982758,26.6200472119527,16.2231974116233,15.8895512659005,15.6618402373732,33.9747079647936,34.7959394897949,42.8834561977631,52.8261105502182,360.369077245837,13.4506678252007,25.2148282085699,56.2930826405552,3778.06573814334,86.4739697820445,74.6160410598769,67.4061562220429,92.3442942854845,104.331577451735,76.1316253436605,29.4551673031826,39.0102692329403,38.0030245102716,30.0727257187063,18.0421027165234,19.3904785649502,47.330237516829,57.2868657838277,37.3085457978329,5.37152759106482,293.655589880761,47.9174737280981,26.7750881471329,63.5609938716731,12.7056489204168,423.827422557787,47.0598550359735,188.341385928776,29.9834549147453,17.0508462600273,18.3734838320699,18.1591906991046,8.5380951569199,7.23077318627042,4.95826596799315,5.80705883117804,25.3033974364216,36.0685925470037,28.6024483329556,991.502990835943,213.702720210835,17.4460803597208,12.6518244965131,33.8706426198918,31.0433498275013,31.7460735144726,30.4067373434825,23.7217902206459,21.9769707922125,40.8055832603139,28.4642548376502,22.0942154877241,16.4432044285732,15.1746315694718,13.9282980805825,13.7501009448165,0,442.799834926835,105.428887059925,14.5351328201657,20.4059536192319,17.8434364576613,23.6711193955468,48.9801619500488,15.2487812424327,21.6034906802205,7.94553758676029,49.1775455697575,25.9942819198982,53.2771243232073,398.886649492466,42.2732907363091,13.3776559760593,66.9208540727631,507.884712157705,199.793827140312,4959.16718134515,143.233770627586,44.7824479428939,60.6926785894188,31.7486971114697,18.5428214374943,8.36239165029067,18.9078723660866,108.241382096539,43.9802587132072,4.82064707904327,1001.21158788337,2707.31902453943,21.8995519304536,637.748463823239,89.1123464029871,281.420014556011,18.1660814048981,771.593837582446,42.3878211527981,1307.36478447757,3439.81976779751,5.93910132860276,13.8837526648003,34.7162482317025,140.735644224211,61.7595197524004,29.3694296512338,23.0657217144325,17.4318653678829,15.7387222334294,37.0301179915915,79.9562000064632,32.5787434108328
"Gatuna (OSM)",11.1883873374377,19.3496454088947,12.839061377561,12.5751936906072,12.4464551334605,23.6782965987451,23.9726384199531,39.6157484869985,47.0579022891327,77974.8244444945,10.914721264936,20.317298527593,34.6065195529476,237.775594307527,47.1408994617237,42.4217588562436,42.5324121944108,54.9050260889826,60.6622461987251,43.0252256780952,21.0252089146701,28.9972249682204,28.4698971381272,21.3822269499406,14.0094729472202,14.9130459256395,30.4148934285158,35.0611172136277,25.3294027125946,4.78448735844682,217.392685712458,30.7386033652646,19.4671532149115,37.8647124059669,10.3799022197998,227.76844408727,36.1095684220286,77.2065175015793,21.3253502642342,16.2731920892582,17.6599770786342,17.4601411037135,7.71173758183645,6.38668730064332,4.44438756889984,5.15847533177892,18.2356909719124,24.6967695796732,26.4203154018455,516.780501527747,104.555549751358,13.617580635166,10.3279475480532,23.4711123163107,21.8978003754274,22.3135950635604,21.554378452586,17.6177323354109,16.5405483702076,35.6687773678679,19.5199178643635,16.6124812364098,12.9505601238619,12.0904242416213,11.2301242284785,11.1066793837424,442.157802899746,0,61.5172028124744,13.79595985695,15.5391869317704,15.1028047073361,17.5758835139333,31.2028123320422,12.1382257655292,16.2957697236929,7.21546617974506,47.1783495753893,18.9771429206878,33.2290367310842,115.73396868027,27.9261167182667,10.8638868661557,39.2745091161878,129.59823956671,346.56192735911,270.000158138519,65.4573316404227,29.1863572558423,36.5837553585099,29.1670993239816,17.4481118752077,7.60431826685076,15.8912325789372,58.3706460440402,39.6554413931559,4.32948824818879,169.938731859835,234.503838500586,16.4811196539895,142.767004677834,64.2915246863607,96.6091352485075,14.1121940256207,155.037290705331,39.3801044140803,187.734959493055,249.044494545027,5.2570906163434,11.225554471772,32.2219483198176,64.7562062295117,37.1460870125983,21.022381327988,21.5069853167696,13.6214988825172,12.4902414539075,29.2457768024454,69.0794471689596,27.1498708859685
"Zone industrielle 14",38.0381473258172,73.4843541912655,40.0899985823509,34.5505178744514,35.3429553714547,180.32859078744,97.7302685132831,59.1560337060944,65.2369256202277,80.843603974739,31.2367566122622,54.8727787296478,39.7991428782915,136.894244500342,3660.69549466419,5192.73626262812,931.24103886312,1784.58943749439,2868.08610493405,3600.32466671203,153.225452328771,294.843532334069,282.522074831346,124.118897062905,49.9261875793465,52.2708193045134,221.033837860271,567.029667349525,224.703979582637,10.5256096528083,73.5918735548924,144.517700655811,67.5253417434185,402.242482153205,31.6391258306085,22521.2266971291,89.6813679203939,654.498209022239,157.960510631358,25.37934154808,56.0679140026699,55.4535030579226,31.3201407379803,15.1163912702485,9.76256369028053,13.9165452182721,98.1200527798226,68.36481868032,47.8728399707187,8053.51954527708,935.649079751636,57.2346200408564,26.7480961435932,136.200639844323,116.043141019235,95.6535526441719,90.2625742827919,64.6979774349151,58.7780136524214,29.4071436807218,72.0819413857638,51.8615764850585,40.0483592640114,36.3611986550762,32.9419243678315,34.3964005860921,131.97858563359,74.5885018676641,0,28.2108705867736,72.7298799540177,80.8839577512331,54.8016354593995,317.299028539947,36.1865055044742,49.2109711248595,18.1189681145338,85.8872499817428,61.2684239435952,459.98011777251,346.69624026425,214.623354180951,30.8723543379806,1684.73950078675,299.909920225442,143.224083002483,163.99560347525,543.965726502057,249.711478823482,186.944251339746,39.8217638971594,25.6784361390855,31.3875306119643,94.2021113053028,47.445328224043,67.7973342989387,9.38472343829519,144.103147913456,177.778362815048,50.009416030625,273.437291601582,793.599698056863,406.092852823311,42.7834219056898,246.575697419711,118.19726444303,211.521039106607,171.296502218895,12.5734465105406,31.9672460935274,82.0914002775461,241.232555561383,1304.97045521529,126.918420569686,34.0394525305767,43.7222159592251,35.7808923902371,53.6170964725354,76.9323351336798,85.9630472466286
"Kabaya (OSM)",16.6601238479012,8.84665131938226,17.9816182261472,17.6518231405616,17.3574308843967,11.099802234733,9.76876211265883,109.577373551131,40.3729083650872,13.5993228371374,21.6035575977821,27.7481524836583,8.01954616525377,15.6446643342712,18.2866306918759,16.6899180862066,21.0220032899702,25.442472012144,27.6002130177936,16.8161307779567,11.0143821170685,18.2117423428227,18.8154093173425,12.1290263492149,7.62634273954935,7.59778802592051,12.130910901651,14.341753007034,12.1814361336388,6.80162229772896,20.1198841687674,35.1230733194208,31.0892536761902,18.7308962908856,13.8753213896716,84.8287614156838,21.4841392548815,19.6513604134847,11.1121854689516,87.8721598571512,73.8361405413352,71.4610753432835,10.5301066646581,9.31664863397561,6.18440251078265,7.33419442489765,8.93948271685668,8.47733491697249,33.6218786922947,206.147457454681,37.1716617308688,8.75948390210737,13.8364793925745,10.7845904731176,10.3000964589008,9.60583240262483,9.44180334742861,8.38386286027853,8.07022952401502,7.28591665038267,36.8524050127614,25.2028750187273,6.90278320285807,6.60037664062733,6.44509910321378,6.81858423750247,14.5104654834968,13.79595985695,24.9717326456955,0,9.64779653522415,9.48492973304053,106.182573934602,13.0768200397632,6.61105364812877,24.6112697156871,9.705346752229,226.135635424733,30.1443245666409,13.9161730902982,17.1115140620803,11.9842318701008,21.4477776796853,16.0227030509533,16.5486462829343,32.6614023745051,14.1782335959157,20.2011885652179,12.3855275011205,23.6193758747659,46.1000338254136,280.506190759002,10.1703358235936,20.421793838974,9.40418079115037,26.9346686760579,5.98812848511812,13.3927414322265,14.5219939718449,24.9792979485675,16.0842572347721,37.0486539226632,18.0200804721592,272.923642014072,15.8083115640684,67.6682938548122,15.1263856352608,14.3716065656505,7.61604119988034,15.2414935400689,65.3244193445505,15.7389972624243,15.653554780516,13.0736176819928,56.3973252579252,7.14865327343181,17.4476587334882,11.8772132125752,31.2340393542018,16.3469103857567
"Rukumberi (OSM)",22.1952148393758,63.9792772978254,22.7299590904963,22.3416140956823,21.8558549685002,48.8325092901169,43.8326522368723,17.1654326655051,15.5095971062204,15.2646307470915,9.78792533245008,34.3475688646518,19.5900988780622,18.60044566914,44.7783016025389,48.9781284099541,72.4626488567008,59.599721477412,65.8766261357529,56.0819770608576,158.529862365063,294.033000893979,256.256320636216,320.000084007689,154.911991850975,69.6248699224323,37.2046209625009,52.6807792397116,45.1969502721835,5.91565214965846,15.40948736725,24.306154940583,28.9055211612875,47.8916379013592,21.5377080970363,172.804980987877,19.5748241719366,35.1491612958414,49.3006387116583,9.4775832247716,11.0436831626826,10.9562790236176,9.30958281513032,8.01413694044256,5.42763433822407,6.37770356098338,30.2261809991613,30.0396954912033,13.4629993832418,417.827879120892,85.678032501293,1394.63997887814,16.8664898922416,49.2866365050653,43.655330696114,48.551539425842,51.592899353631,79.3905569899473,94.7551553080326,12.3734786256922,16.7098684598366,34.1115668023415,63.4781395455177,68.7915287717313,75.2627369385908,101.584013978203,20.3689026805626,15.5391869317704,60.0771500670124,9.64779653522415,0,31.1058743258425,15.1180077448811,42.8346358136507,42.8838179293242,21.4282769349377,8.63765706337956,28.4505656802033,29.7357049891461,49.1659563582713,28.9245399746162,40.9104207104748,9.74535467681113,61.6617320796365,27.5755044990818,35.6056872573305,22.3113565218827,36.7233548227791,37.9381923691325,28.1511437767808,11.9904260095627,8.83963886380214,9.07009201979861,31.7448148831999,14.5038734495567,16.2127119885664,5.26880623629414,20.5712119494395,23.0503679657063,23.5956855332739,26.4339514249202,246.137035770712,31.0001613225385,12.3957242454223,25.8775903262973,18.2656193513151,24.3154204569664,22.7289914326309,6.57054332273599,14.5478944165891,14.8664814083655,25.441170323607,62.9730889487523,81.8769725055164,10.1519444943402,55.9002425831798,21.9997912389433,21.2576128853907,17.8757750778335,71.1637386752228
"Zone industrielle 16",11.5227483382381,83.2999132217624,14.2425166682373,12.422961626674,12.8972246483651,63.3978096721948,60.1819307423627,17.7864512817075,14.6277738727302,18.0531265006092,10.686227287033,21.1479844923006,29.8403606479552,23.4122854979818,32.7539702313789,26.8835517647058,50.6742331209294,64.8311084250963,73.6715124930667,28.5043495336288,24.5806283369038,75.0198225389384,74.7659308039286,28.0277095931692,62.8200569654573,117.445415336153,40.5541525111945,33.4752327476177,32.4116376621266,5.90296516402215,15.6480708681348,18.4936196545216,14.7426919787374,22.7249915958987,13.0050299370097,203.255894775639,15.3318435700073,23.3346313064289,26.0848897157138,10.8668176640966,25.4193626310537,25.2613077991969,18.172711588115,8.14585282885358,5.63155591467983,7.65527540323212,36.3757545808004,46.6615960674213,12.5139069763256,291.510954823578,28.6947745580672,42.5494909518461,10.8707372835106,51.415279501128,55.1873727593438,68.6766862981059,71.6316916889075,78.9266328867092,89.2104547369827,19.6815167955625,12.2803167808796,15.2374066624525,86.0473637090147,73.5405748428487,62.8804469139456,58.6075882781449,19.595514969329,16.2560130569806,80.8839577512331,9.72198039738833,35.8259411135077,0,12.9450213453322,36.9101472516807,131.25874349314,12.416432149784,11.1201165925135,39.1978970444248,14.0510235513805,34.7223627344787,21.9658281328996,44.3522443906288,10.6075142281581,29.5637206281768,21.6201507392289,57.9492709487015,18.9385827918006,22.3218309506219,42.7653657425207,18.7681503382557,11.3788462787006,9.28301755720932,18.7502279127581,40.4360264313115,22.9128999864211,14.4774319952324,5.46347305791269,19.7342010607633,19.2729746369831,12.7328017160567,21.8721501606327,112.260877121593,22.2298720208106,12.140119788,20.81244282503,36.6923296403849,20.5114102697965,19.090427289315,6.841672154515,10.9342130976021,25.6770549154019,21.724420336376,34.3539691257139,22.5738040335514,11.1899892596274,98.4029115078091,12.9588555015205,54.367031561085,14.8349316266453,217.612803832066
"Rugendabari (OSM)",42.1848343510275,13.4467857664615,37.2950089665528,36.7131635363308,35.4552868887251,17.9061075084727,15.3760849032885,52.7572907961214,26.43342966868,17.2006345709188,36.6398850254695,53.3189721964957,10.9181600784937,21.2768502247987,37.7743245381526,33.541773587655,39.6707444325964,50.0006254514655,55.0747619397337,33.9508655222181,18.0542844928252,29.4255448751631,30.642544255207,20.6753672821367,11.0735555627504,10.957900168352,20.774967245533,26.5914811208961,20.9055842168512,8.49684248850428,17.4159253589265,133.727504962398,102.421612444463,40.1497802938214,25.1524580170222,167.704654568437,28.8454079988758,43.5633039056016,18.2855773277723,33.8251714638749,33.0262702193212,32.4304701948985,12.8033341310298,11.8749440898896,7.60292755091038,9.16901387205329,14.0616197515661,12.6483992815083,59.3954551626761,461.017486709813,92.067339909158,13.2791481115985,25.2037830353015,17.6178762996547,16.5316485771044,14.9770176711983,14.6425850880354,12.5006587909818,11.8888046762424,9.70405054353262,214.915826327963,67.7766842145787,9.73739138233314,9.20013594293384,8.92606520318169,9.58071284568251,23.6271641615223,17.5758835139333,46.1123955210544,106.182573934602,15.1180077448811,12.2854298977913,0,23.1903293388103,9.22600007138995,65.0184099182593,11.6521595788602,93.1903415848899,96.5641059383869,25.4200496862856,34.932211912268,20.3507652006441,36.2675104324746,31.3931159880891,33.0957422190157,38.8709356292476,26.1301815686457,45.8461895960797,21.3307455786677,60.2213827261664,25.8150937478844,46.7567542383575,12.1783551189397,33.9686731975086,13.3228778047111,37.1415435977449,7.32853871794564,23.8569241963233,27.0932106527283,66.8329351279596,31.5404546563785,61.0410716779841,37.7443350492646,542.084269215955,30.8188960480135,39.2215028918351,28.736534557195,26.6747082670719,9.65612733266009,28.8516229106353,35.9939370445556,30.151711803441,29.9680511632622,22.8791446505776,27.5434972322594,10.1616591472722,35.8188783824307,14.697168106052,25.4149625203847,21.6580701393071
"Nyagasambu (OSM)",14.4195256540926,111.25335111652,15.9367497080996,15.6325656594733,15.4096284063927,437.034201691386,199.400070383526,24.8097783795505,24.7326525433977,29.9366744530389,13.2409165504271,24.8311909068396,41.1396619396763,40.5757353412789,199.518277196662,269.297003201832,121.031923726807,152.800958159178,185.185608176509,403.313378319335,85.782909858034,62.728520686069,60.1547637190242,52.073768816051,49.8899567793036,55.1043540162666,2458.71994697442,2645.92740533096,289.858284552482,5.32504394925051,30.7848142185093,46.4250889879948,26.1757643459274,92.9022439907532,14.0565553249606,617.540799556817,34.5320913681624,111.229621239084,88.8874249207719,12.1739966284054,13.7373232915568,13.6088429805436,8.48134650270745,7.15936040177034,4.91675137432079,5.74087205749141,187.687288943274,86.9494512143383,20.2783228250372,1163.36610329361,268.764909850277,42.6214471602058,12.4722438692928,443.95976272355,294.348904087285,172.649856615769,156.366780558057,84.6846921551069,71.671615343103,20.6380619319638,27.7350580416197,21.6572475120769,40.8253127435117,35.4025168222863,30.5572037177027,29.8849037698015,48.8839177075595,31.2028123320422,247.31510563072,13.0768200397632,42.8346358136507,31.9726739727788,23.1903293388103,0,35.7655607663738,21.1870063814877,7.90396401667009,35.9748963699972,25.4373409776244,1510.30277099052,95.7157740093851,1782.89736357752,13.1712178699148,434.974628664472,86.5784589362731,57.2016413209947,57.5496977004345,112.053778919679,3958.32084445037,58.5807145320831,17.6834905391542,12.0246509511161,8.31404166817069,21.6795812683204,25.9097477803658,26.3642697931159,4.7814359277093,49.378863346601,61.1245794338242,21.4740350205233,79.1820340320384,260.469581910308,86.8645331314545,17.8379479983872,76.2056894741091,25.5809127097493,67.3710532570737,59.5636204577501,5.88171753556357,13.6689880512435,20.8980390696827,59.9956105935473,714.66614024142,42.6434102500623,14.1966657864555,45.2329089360788,15.4798447135868,31.8532141871615,30.2435973435264,62.4904253024548
"Nyakarambi (OSM)",8.21850973427012,132.249883792145,9.80893536392636,9.58785797626937,9.53293520137299,53.2875618704967,75.7689382187421,11.5509425510281,9.64521335427688,12.0079750677292,6.72358155326573,15.7796903007219,26.5661257499872,14.2479032804015,21.557644387064,22.7327147840319,22.6059900955485,26.2423369150888,28.7530406574231,24.6629338952289,22.1315537362913,34.8159856944293,34.0254759841703,26.4609021465918,120.546464863706,508.333434731895,40.1104353661036,31.1426287281429,33.0400886820968,3.9777635353109,11.5510813513574,13.0332780235415,11.1044550589017,17.0132538619362,9.44759866960517,92.2821377825017,11.29783861599,18.0149821489587,22.7870725868914,7.09608384615889,8.56419889196484,8.50848670366295,6.53970807697481,5.25113908204006,3.73036421184247,4.28994549984973,32.5780841682963,45.3793078140112,8.60701318438845,186.199000320426,33.5926857573577,57.4093969200853,8.1276666909015,58.7791822473753,65.7598312221409,87.5273817109353,95.6150513055187,187.202564800345,254.294854416969,15.3947628746024,9.05506716664869,12.0548413990276,810.938097849134,400.629380480269,228.663132717551,182.256142489179,15.2226161045011,12.1382257655293,31.3942977478637,6.61105364812878,42.8838179293242,105.065478708926,9.22600007138996,35.7655607663738,0,9.36245638523793,6.1543710174135,21.6688556593939,11.2059565545863,32.7869650089475,17.7064582433646,43.3030429389226,6.70039423076237,25.0244591969991,17.1101537426902,35.3174650486308,14.6113516124614,17.9915396458215,40.931723087851,14.2742263229011,7.92826980730651,6.27060196042868,6.50943705099796,15.1996129199499,18.5278302606392,9.9301183224798,3.64379372977968,14.2137068343002,14.9731273762326,9.88724574831659,16.6167362889086,54.4443742016697,16.7981586161128,8.01859535800092,16.3282404937644,12.7281606678658,15.6075038019739,14.814953904788,4.33550681665723,7.48623323999989,10.3022646940189,14.7325252523699,27.1709563624413,17.8882415932125,7.02948243110573,1612.84592731797,9.55578525506328,25.3255018760763,10.6300232786763,912.573922080573
"Buhanda (OSM)",149.120844547359,12.6209435800796,83.1906032593945,81.6455378825751,76.6709998406607,16.6326592183538,14.3464388199296,23.11912772125,17.5566219906362,15.9849785517619,43.8140324052057,104.485093886595,10.3314967872865,19.5883343755458,33.5119498707272,29.9356734093789,35.7697647984292,44.7033518913002,49.076870709806,30.2741852836175,24.1406830664817,43.6622514362027,45.8898507058855,32.0157686771543,13.5321794063385,11.1126583396533,19.0995547882911,24.0968668718553,19.212468539366,9.87557938571543,16.1551120254354,103.491346768065,230.557880865709,35.3793366341541,45.3271099134758,149.824957273638,22.6909519839271,38.132248220448,16.9294136856391,20.4518701612827,22.0579731523735,24.642702694918,14.6019057433113,14.0180367553879,8.73067604004476,10.6664186738883,13.1207019162107,11.9082513556885,24.9398123044305,402.522863849387,79.0826425496309,18.2270221561789,62.8071512350961,16.3327913675435,15.3729190435496,13.996350629632,13.6964045846673,11.7706787337313,12.0677280354718,9.22148188134577,139.253708049664,260.45267363901,10.7143569185746,10.9852732804086,11.290254286741,12.2712241314527,21.5639065527758,16.2957697236929,41.7219882758847,24.6112697156871,21.4282769349378,11.8305919633941,65.0184099182593,21.1870063814877,9.36245638523792,0,13.1553964640107,57.5717687365651,229.668266523067,23.0988994111258,31.083305351285,18.7370593937698,43.3138956153506,28.1530817742054,29.5653371713348,36.8394059715134,23.7051582408144,39.9464402789607,19.5899092934653,51.2116638801369,13.31896006179,16.8880457996191,13.731940464127,55.871717834433,12.5093951270547,18.7506765093277,8.38728157298428,21.7761699749852,24.5232466444659,4665.13482888518,28.2798796115754,67.5846067288142,33.4129661182776,40.2097202894975,27.6657622463146,20.4305391513911,25.9214810732896,24.1676041540042,11.3526088718553,154.789541178579,17.8646694775445,27.1491989081612,26.988282243458,36.5255921204254,13.3202206664608,10.3213773274839,78.1325289457912,14.159349326636,20.5216146828735,21.9244927499856
"Frontière Bugarama (Burundi)",7.10197099784736,6.32609244574661,10.4554617495824,10.3037002586925,10.8194670847617,7.00214584883531,6.50711889405565,11.3593302780621,6.92485724223469,6.79415826124636,12.0235200660592,19.2364258655138,5.99062551804768,7.25354145978355,7.99084412497934,7.5219921871452,19.0729730612679,25.3126141301554,28.5879887416659,7.53279365730779,7.67649974058124,28.2869664523743,29.2272074892009,8.07521826032186,6.7142924114298,6.4450733688248,6.93850087821154,7.23696903608409,6.94317605697922,21.2339688627437,6.68659458918899,8.80791574452241,9.48488158532104,7.79067620353326,10.2441973717912,81.1309234696833,7.15852054382806,7.85041862885852,6.88903153036339,11.6980643900958,31.998538238932,33.0351963663598,57.7248368381486,22.0912747111146,21.6986329225949,18.0431342088474,5.94618532842253,6.27692332279612,7.61290524071021,82.111514501526,8.95127050862715,7.19213233119341,11.6886896283675,6.69997941226595,6.61089931129676,6.50842891627802,6.46723369568342,6.4639893411893,6.55135411150752,5.80330339136309,7.27509421287304,9.85524881242517,6.32464266756042,6.36878397434378,6.41994481961872,6.56767416001843,7.09526857351403,6.69666192968552,29.0883256313239,7.9348095238275,7.43599999840088,21.9335978893717,8.74471340596779,7.06632501855078,6.07708581940201,9.29813754222461,0,61.1962166799665,9.44251067589981,7.18166512942042,7.55362114836511,6.94892138489957,12.1161096722087,7.47479784464466,7.50693193952873,36.9965267947115,7.219208117293,7.84338137226384,7.01396593081427,8.112880245376,6.87539244716682,7.8576723850073,69.705299882546,34.4142804418991,6.30249923234513,7.08974712432021,22.4017551771831,7.18189226079355,7.26093896080896,9.46694104276345,7.49584361847475,48.9033762495348,7.70775789154255,8.71160255842141,7.42368095847534,26.7900821707355,7.36761569579485,7.24077328196591,20.4744965128455,10.4970009238193,17.8346505341156,7.68502627326503,7.63214978376505,8.441262528161,7.22827509190718,6.35603655951579,10.3254471662878,21.1161674512212,7.22355071830753,28.7465554646376
"Frontière Rubavu/Goma (RDC)",10.0595835566527,11.9668804250641,13.7127530957038,13.3777503950657,13.9359423663642,13.1178581489043,12.2518914240457,28.8593288404789,17.2039378347069,14.3351253176661,16.9687349207574,23.5624735310612,12.3449404645192,15.1034271381592,14.5698211409463,13.7524103699593,35.4699082505373,47.3239582341105,53.4231772951102,13.7667284238748,12.7036727532469,46.5702749333319,47.5919366515697,12.9309593412847,11.4960064307677,11.5954258061437,12.9028387931733,13.3340592737598,12.9081457080803,12.5619137219783,15.1973761328066,14.9921056328048,14.7214672978734,13.9981237436772,12.9173188841896,151.694388138848,15.3671768385367,14.3262415421117,12.7219534726792,31.7032253140045,84.276827444685,83.0826201170104,44.9733794892417,15.8429414455486,12.1980567635264,13.2915516358249,11.1932871509915,12.0390783277113,15.4886300411736,148.849251415337,15.2285725541264,11.867345002769,13.4067642907169,12.541641620484,12.4082365501755,12.271801858143,12.2058137303962,11.8381919368375,11.7230109310339,12.0113094517377,12.2054036604446,14.2194428363076,11.1946993487127,11.051110972703,10.930316282173,11.117287977759,14.2699322736349,14.1076384807682,54.713846798347,18.5961444970336,12.15550956395,42.4319745406099,16.371972766219,13.0844730013709,11.0416020740819,14.8179398765235,36.2587367681209,0,14.512964478073,13.2533930944038,14.1549221000404,12.9350863694957,17.0355101908252,13.6967452023306,14.2483736863148,80.2605945085593,14.174411542452,14.3124902863396,13.0322541334118,14.0539402409761,17.420571326526,20.0326331994614,48.4794417410133,50.7572569155029,12.8978504126384,16.0936725318809,12.0512386102115,14.0313700952003,14.1264625157762,14.5876339015789,14.3067807857426,85.6437153432656,14.3650456142555,17.3969884352746,14.1755768518396,68.2699884408295,14.0990707432624,14.1446737153659,13.5681394806899,15.1711549557153,45.4453159963928,14.9455971754071,14.0204943544315,13.210408908055,18.3565727609281,11.486524887287,13.5969418972138,45.1105242554516,16.7736921310219,54.0758898034557
"Ruhango (OSM)_1",605.015217835183,14.3327253792374,167.978294344372,162.971741389456,147.910365752911,19.2975406769063,16.4914874060611,26.7082951160669,20.5679746031376,18.5270070712336,30.3863219010273,179.005037327728,11.5390924878121,23.1496783985431,42.8086135693796,37.7475048144009,44.175300618931,56.2229469161082,62.1693251508593,38.2451240283312,34.4266116532667,64.8914376516406,69.0665896505891,49.5146416401202,17.1160937671721,13.5869498693725,22.6349318114607,29.4277134910083,22.7863274494646,10.2695800607582,18.7949957708902,178.9399320041,55925.7177770727,45.8370988997322,71.0368513134625,188.696871738035,27.4860455250391,50.1100398286678,19.7740052061647,18.356918169024,19.5908354518013,21.3389023279864,15.1086913784388,14.6405756448791,9.0489888270394,11.0952413279508,15.0811550176959,13.4385364886546,30.5717273988076,532.023487734717,108.050467606229,24.3946446971494,71.8123667100381,19.0248495265633,17.7938647636541,16.0367552396821,15.6634671790142,14.1380032639857,14.9629048849464,10.2112633102146,307.162908734505,1551.18091214982,13.0597342541891,13.4384358667573,13.8657593305856,15.2627578875097,25.9454242137198,18.9771429206879,51.167154736248,30.144324566641,29.7357049891461,13.232296706707,96.5641059383868,25.4373409776244,11.2059565545863,229.668266523067,13.5732537913184,52.7868406200209,0,28.0470090834456,39.4432153876392,22.138228610351,30.112887807932,35.1424264261421,37.2067362633763,41.01979676349,28.8822718550845,53.0094942933141,23.2671359314116,71.6227864914101,15.2023458014511,19.7424937069737,14.1644233107695,81.3522321138604,14.1950091897019,22.1531520190968,8.68506668627957,26.1953982137516,30.020738981883,364.404704033441,35.3151424298777,93.4201642525105,42.8676519656029,53.3659992988295,34.460797369367,22.9569310663001,31.9624117660126,29.526058775502,11.8434201541086,53.796303966822,20.2311034809228,33.6059708453106,33.3946294780773,58.8758756903628,15.1696500228076,12.5023989534955,152.474753479394,15.2504679435798,24.5180852851201,25.433891651801
"Karondo (OSM)",15.6725497633568,93.7653870983546,17.0899302703322,16.7712398413255,16.5088667472055,301.828255552327,157.327006151516,26.6622010259489,27.1920789906825,31.8033888752188,14.0853415290723,26.4820374900492,37.4186159289261,43.6529481532039,292.332677259788,423.446212019972,153.795901672269,199.585195542523,249.843318890464,726.984343813293,106.510586624164,71.7746320597687,68.4612762304858,60.8739597524458,44.8434150483476,49.2261227693603,1088.844676926,29493.7361230433,367.050553031724,5.50370409585455,32.7653069777189,53.6511985248846,28.8973200915044,116.687852251029,14.9967761877656,834.106051910298,38.9206366767143,143.702364491444,110.925006457499,12.7563502967448,14.3060829864358,14.1680851206268,8.7332182240449,7.41677776822131,5.07185614827806,5.93345462258738,147.066190688938,74.9734492508801,22.0425101754586,1516.95622742611,361.965585165056,38.6857897034218,13.246306471515,309.122780439466,219.753411994561,138.651655084195,127.072268239701,73.1808046467797,62.7886591632763,19.4088893932982,31.2696702816157,23.6355353921977,37.1519463935972,32.4745741801338,28.244298188084,27.6540583241051,53.1722983573596,33.2290367310841,357.36077324965,13.9161730902982,49.1659563582713,30.2220749147025,25.4200496862857,1510.30277099052,32.7869650089475,23.0988994111258,8.1278765937792,37.5822359820949,28.0470090834455,0,108.858637193286,875.008020099891,14.0082165329504,810.48720302935,97.6974218537227,59.5354028153403,63.179828083148,144.900995120784,1451.88606673948,69.3676603475907,19.0886466398639,12.7517542235891,8.54479400555841,22.9703162105845,24.1345630403011,29.1207955108135,4.92955690916188,53.7236276837002,67.3500901474132,23.4301989699931,88.7585962776578,327.024436012176,108.04471672715,19.251569004041,85.1941065383287,27.3281121074446,74.6861358377958,65.5266984710117,6.08939350808339,14.5595366103917,22.3366901351863,71.1510475542718,1743.70555123019,48.8598348925681,15.1461633831075,40.9219673951716,16.5901270629762,30.3757744634953,33.7303396400403,58.6532053917464
"Kajevuba (OSM)",20.8535797368601,33.2018096374211,21.615058141986,21.2404632848796,20.8026531717607,55.5743856837897,42.7356162446327,40.5682803059722,48.7159230312564,104.231235886535,17.2979955591023,32.8187378416689,33.814060747895,220.332550870565,248.007298652456,189.187093907769,137.865197738914,221.835869157854,268.822639127564,195.980479908085,46.3828289682132,58.120461453461,55.8949765204848,47.6704384809559,21.6952295975708,23.0836337873814,90.8493020108639,121.96937649162,64.332828713787,6.11492363611778,112.262437391172,92.27272668035,40.8566313427233,143.98839698947,16.1967234510629,1352.27497240984,59.8959853979148,1643.73046098735,47.5143484719333,16.500543064483,17.8725137819951,17.6684384649601,9.58629067391762,8.30499241704285,5.59882746942556,6.59270625390927,39.1759381769029,35.9009120427392,29.580315110747,3258.8485303053,779.866570750335,23.8076219187682,16.171182058622,56.2593550085909,49.3334300006171,40.3567636520146,38.7131083823669,29.0591322966297,26.6343739135178,26.6108842992736,48.1859207576227,31.9336526148221,19.2437115871126,17.604404651043,16.014543302543,15.7869634461439,398.289311892284,115.73396868027,269.90118945732,17.1115140620803,28.9245399746162,19.8633796573716,34.932211912268,95.7157740093851,17.7064582433646,31.083305351285,8.88111784321311,47.7928382167444,39.4432153876392,108.858637193286,0,76.7641926338853,17.1899409774236,156.98934713833,29969.1489229611,118.667555788438,756.015106244089,730.707394453166,83.5228546570404,133.730959534651,29.9247265833913,17.7701576530042,9.32095548734994,23.3263129157131,53.0127488805152,45.0107655461008,5.43179744653553,414.436385274247,1005.88461074324,31.6246710112132,7547.74895254661,139.537822782497,11253.5858563031,24.9321511363833,4626.58350236149,40.2583111307024,1778.19053989977,885.649370406543,6.80443050465761,17.9640285005445,32.9391248807167,717.696450802728,136.940797135078,45.9733227902718,21.9574658249389,20.5207943630379,20.9331080994422,28.895250866534,67.4652195428698,36.7254321970005
"Ntunga (OSM)",13.2744770070927,170.602819708317,14.941964989046,14.4080770220156,14.261173336244,1473.07563696308,372.314620010462,22.9426745060602,22.2987033071582,27.9068921028929,12.4911291806479,23.1272732532835,51.8054017573523,37.7726475553077,133.487835202041,161.122815267414,92.6848178961551,113.204102006002,132.589523893594,214.648062465416,65.984118827956,53.6099986956139,51.6944988803285,43.1562015236819,66.5465938992437,73.2730704930688,8812.79342510494,636.180477715138,491.373494689499,5.16988390537552,28.1486854523634,39.1088267283145,23.368426005659,70.6242758365403,13.1580783917948,437.199878125824,29.7511676290459,81.6456012168813,113.735017041928,11.6144229835391,13.0372573927379,12.9191623823707,8.16677364515461,6.98215604955011,4.79265209113539,5.73451422324155,363.637514106319,126.46267151248,18.3784915198752,875.781787006897,180.534394702752,55.3601325903784,11.6593250673377,1332.69484021735,665.543485120221,306.953957845887,267.671022625809,121.766967346591,99.480988892776,24.0668576589674,23.8840724477888,19.5549735367445,51.4212018654624,43.7665533859533,37.1348836481987,36.2457077555727,43.0762256581937,28.493060909087,165.882074692829,12.190230535787,41.7682826604688,36.9346637617447,20.745544054928,1795.80811766284,44.2136810550619,19.0951445010487,7.5352174661688,33.6356972521676,22.5736831168338,885.406806179551,78.3824560617155,0,12.4134045273383,226.561301094357,71.8975675271961,53.3947559467304,49.9233540164092,81.6259928184774,15555.1137356107,47.4357320024196,16.1588465911316,11.2649117015144,7.98688905980141,20.2000842571362,30.9015096705989,23.5056699341398,4.6582763041219,43.8839022053724,52.6896304474789,19.3332272927343,66.795427255819,198.940723731632,68.5298689593484,16.4314938519112,64.2254195840225,23.6252563767022,57.7367669091143,51.4706845671788,5.73598090633009,12.8203977497461,19.548346530614,50.1494534594914,314.609960738781,36.5373976346352,13.3406532428395,57.8578226931259,14.3603769671052,35.425429476306,26.4261983078262,72.0327001522251
"Kibuye (OSM)",18.2146749562187,9.20117474438444,19.3725485117906,18.4699992692976,18.233275632704,12.1674087054929,10.1450863078439,22.3866354234847,12.1202365415791,11.3834512324603,665875.430147641,29.1346555861001,7.83124586108878,13.7597919111234,20.1065111609941,17.3630000599089,22.2754211261958,26.6321154990178,28.7329832383295,17.485536189593,11.570645561816,18.8445666768741,19.4485897213862,12.7630198586974,7.91752100383249,8.00606960356371,12.634339400081,14.8903988452175,12.6780860863014,20.6975907265488,11.1156677349126,36.971190467149,32.6219927389691,19.7198050129804,14.7054507745644,87.9425537352298,14.2677558943127,20.5995472643462,11.6636246892369,40.090725148233,40.1318324810612,47.7918208582523,28.0323080673855,32.9552051225322,17.0866156557259,23.9620952164786,9.433398662224,8.92119176572135,16.6129929140946,226.78165158507,37.109407720111,9.09604797869092,21.0393130945592,11.2002937270612,10.697484951683,10.0597748001447,9.87117012994853,8.75923994148348,8.43479237541524,7.14100293700338,39.0164138736917,26.5422328153395,7.17938588706717,6.86461197102686,6.70778002787443,7.10412755429795,13.7703490456794,11.1811021957976,25.8636937442194,22.1887547037524,10.0193887138581,9.59923417342936,37.6069347866552,13.5790559696353,6.86092309197548,44.9332431255096,22.6749710431327,103.763962190315,31.2049449886332,14.4493085259856,17.7586197842342,12.5728855137892,0,16.7525548543446,17.2164602980181,27.1896773091091,14.7306477677929,20.9702095584022,12.9990679819963,24.5535862486579,12.2720658100717,21.1863036743144,24.4369110418551,21.1873306312392,9.13539782801406,13.5076788412344,16.0567035074829,14.1121896393938,15.0806575738427,39.0178512345997,16.8624659176157,38.2120549459151,18.9208763508515,34.9721124189502,16.4431389141043,19.7320724666752,15.8082693025023,14.9213365135399,25.986656185529,40.697011737953,17.6010340673358,16.8075460748811,16.6527569750041,13.9151277985363,13.8133608986872,7.44819288609256,18.420428503704,11.3440413920943,13.2948157686682,16.2933612089508
"Masaka (OSM)",19.4646573525446,58.3353989243625,20.5368975557704,19.9352532089915,19.5897990784229,130.266968784213,84.2208639648905,31.9559377955067,34.6144549338993,38.3250066644399,16.5441328096204,31.0846993064065,28.3218879703041,55.350784480479,1089.70710631526,2202.18032654203,310.017863739233,449.676066907785,649.146220604845,12540.1973879713,158.668403185749,92.1763116372582,86.9680552750169,80.6161007276451,38.3016540689887,35.7339154191531,248.636397988515,1201.74273872057,288.337536594816,5.9962257834446,39.2304886371626,77.7738365095837,37.0497000602234,217.858479707307,17.6900394138403,2119.67172747123,52.3287883970927,295.055565567402,166.91130171827,14.3607725747277,15.7561188618736,15.5919279902872,9.35738137034857,8.16820975948694,5.50635074207128,6.59655204135682,78.329977855881,49.6332086341788,27.0736166875386,3339.0471727043,822.131860360101,46.186337241044,15.3733414325211,129.785966226344,105.053498169009,77.5027615476791,72.8537172809892,48.5277101122339,43.1208212564585,16.175247215722,42.0754780211877,29.3519127385385,28.1884143722719,25.1978361671543,22.4051736077797,24.0552023641605,67.7588973137446,39.8390074593992,1320.18514057193,16.2268892030981,62.5581067926772,25.548927832742,31.8366962663061,439.678284948137,25.3691068879063,28.5464402675096,8.60487983604718,41.3416848996526,35.6437681212708,817.344283938591,159.120050392589,225.256582243341,16.4304814228152,0,139.399939625474,66.265421018656,82.7339769459154,296.676603673703,279.636484829361,107.032337054638,23.0272150928557,14.7474501168665,9.08440729839496,26.4730371377694,25.5883557622183,37.369260817401,5.3402607041931,68.9585782751837,89.1505319706456,29.0120845464629,124.471542102022,505.195164196566,194.985687631751,23.3438493716003,118.010204362702,32.1945035770024,101.021437320461,86.3163418372475,6.69274342060083,17.1052338610726,26.5700310870131,111.824319022853,6463.02771147287,69.4987257151631,17.9163555584563,30.5770283882551,19.7433612649976,26.0818526997898,44.1347746010127,48.0223689801803
"Cyamutara (OSM)",20.0450465847192,31.6627917143102,20.9663621718288,20.5191090828278,20.1245029163715,52.4445071974939,40.3757218069803,42.2274430435782,51.5812987560406,116.915840887723,16.8461940177483,31.8422762626104,35.7960570609681,265.429305127219,210.99389915048,163.874948110705,124.728775088739,194.316120810112,231.945950027077,169.247130544933,43.7642195405809,55.3062617852418,53.2813926752607,44.9412833782207,20.9469050073681,22.3073699679316,82.844292054863,109.152788624929,59.7371633181343,6.04018694773763,126.016771548653,84.238459156713,38.746554440156,127.618735055169,15.7805816537251,1114.74215797797,55.7861577263131,1046.39982558585,44.7815400586208,16.916733161424,18.2328607013659,18.0213271407351,9.46202079942227,8.20777242991606,5.53778745281849,6.55535421648047,37.087423997783,38.1484470152595,30.8271858140731,2692.3877830688,624.839122875104,22.9291305825478,15.7236598012326,52.5481784857892,46.3418536322297,38.2655472744322,36.7528544796165,27.8531137443411,25.5982727612915,27.9616918371061,44.8674221438156,30.5113350312074,18.6426576443416,17.090785870218,15.5822337280487,15.3677913032202,508.846293671713,130.174981002649,233.08852551085,16.6170588987888,27.6991005144051,19.4375086857095,33.2467282503569,86.9773908245225,17.1813720923861,29.69883638444,8.74722368951298,48.6816574146349,37.3779311270339,98.1439844360488,29887.0568565914,70.7384439283457,16.7383342905662,138.110045804298,0,125.305095573023,1082.56472838289,541.05533783286,76.6199179239119,118.969931046593,31.1885322258305,18.3278304511608,9.19892301304442,22.7646463996363,57.1052425257111,47.4920221563412,5.37255264831557,535.091301913334,1540.32041747317,30.1993437978333,38244.1510648527,131.642915834693,3939.95479849284,24.0320161554859,14190.8775516717,41.779835871416,3273.65613743098,1313.96998884513,6.72572249864469,17.4644605250755,34.2738871564491,532.117995107026,122.018798068422,43.4960866882903,22.7884843606642,19.8562332233527,20.2592503494766,29.717115439922,72.0378312293793,35.7414511724651
"Frontière Gatuna (Ouganda)",6.71217871744886,10.090271250421,9.2100055168477,8.95403624292436,9.33397899956114,10.6436142815646,10.3973925766851,15.8741799848382,10.9476885158421,12.8303260291335,8.85529596341309,15.8334256107616,11.3466896285202,12.5108970526502,11.3137037964211,10.6195477280337,26.6640881644934,35.416167238434,39.9175184614723,10.6292980101479,9.85138005672647,34.9906278610666,35.7578446597623,9.89019308961794,9.53812312697494,9.78422667861094,10.252696928785,10.3894865093738,10.0167601718217,7.08146030183416,11.7826130494581,10.3950385555377,9.74786010795019,10.6197435076743,8.71631658091817,115.660927671123,10.4232408568806,11.2513760423342,9.86357472810597,12.3746850758963,34.7422875831021,34.6583492621757,25.4543100907083,8.85713952088598,6.93290026972439,7.51110371386012,8.89483457358281,10.5812106334937,10.3127180782051,114.106137976652,11.5060002349658,9.12840659919085,8.61165972655346,10.1533268754786,10.2647328233522,10.3769182999684,10.307548459782,9.98423076644154,9.88401648830136,11.8464560604997,7.95763792518906,9.44682439881254,9.41623641675359,9.29132213654043,9.15957427357463,9.14589358916887,12.0684033078275,12.5675693472774,41.7993585357814,9.10764658381205,9.29782157106201,34.8601174448989,9.48626041420835,10.2545500509513,9.28011424803717,9.37156980464891,20.6524450949393,66.417087357795,9.59932535804366,10.3282139369546,11.4271126890418,10.2194734970496,8.89314046640482,10.5875687218664,11.5247315255045,0,11.8804728665232,11.0122194254139,10.2786560232042,10.4648379575308,10.1733237110775,9.47564694097438,27.64217967119,33.936126375293,12.2187987969525,10.6447216895017,6.86505823032638,11.827268280012,11.8137294223687,9.38918124560191,11.6703888252414,64.2838669594454,11.4365733221321,9.25041232349325,11.6261212534213,39.2678659478589,11.7824147464602,11.8378422572449,7.60132315202605,9.14437045305517,25.7197352935246,11.5124895747448,10.8651820360754,10.1193710361698,10.0646504389158,9.66343351000642,9.1136529309566,41.0026618138704,11.3736332914878,44.5047303222622
"Kadobogo (OSM)",16.1071591892134,25.0873613365141,17.4912406353297,17.1485942598106,16.8755769249913,38.4250593188563,30.8744246689432,40.8851502629486,49.250014852172,229.699861783252,14.3760484291515,27.0329177598265,47.9291863427726,994.861394820753,109.246611307253,92.427259174082,79.8077385917757,112.610759868041,128.749408522075,94.573629635073,33.0473325396285,43.1614860283387,41.9224848538758,33.7907533094577,17.4663583350961,18.4756601432834,55.4722524677088,68.5974478785745,42.7274965158075,5.5643703705536,243.390987089177,56.1825047726722,29.8229059212054,77.0222372621033,13.5503458053462,543.322985970873,44.0817765719777,278.735352884606,33.6891310869421,16.5832410490503,17.9417336315387,17.7362155966922,8.81250312335598,7.50758351171603,5.12520024263344,6.01014853378068,28.2773234784121,31.9050971663253,27.2645028036988,1281.55995853357,283.801412529184,18.9240165562219,13.5029612323389,38.4698084071041,34.6623725425656,29.5065048007696,28.510685480085,22.4504461170307,20.8535828111171,35.7342508706078,32.4668297209096,24.2990657106378,15.7415153707965,14.5592728403262,13.3936876635017,13.2268026496291,4959.14188650968,270.302079506745,129.927228560777,14.1943840867496,22.3390918506268,17.3153422145891,26.1633589870651,57.6261418478188,14.6281147440314,23.73488202353,8.19189279818025,47.9501288797791,28.9193555660022,63.263684325944,756.616475551086,48.9558403367762,14.2952187486728,81.665069240732,1080.7719217042,169.187311243213,0,198.668449365128,52.1589837886401,73.1710624638707,30.1605087656086,17.8774964329796,8.61471903116569,19.9951935532978,85.6222883230937,41.3070014571401,4.98015804903478,1921.01414472994,49389.3180164384,24.0811254101541,1555.26291817379,99.7503497424657,469.273064793703,19.7305683408246,2119.78228036888,40.5476661064237,5938.49894122761,173811.37048477,6.16243717019327,14.8619714578667,33.201373934027,194.632150989637,74.4987284769199,32.9005626573685,22.1210420527146,16.6623696261627,16.9637098713715,34.3707685317537,73.1071335682523,31.5303998897957
"Gatsata / Karuruma (OSM)",26.5994441262301,34.0552139153408,26.2643043730606,25.7969593545122,25.1552642825853,57.6648866762993,44.0118801993157,43.8680786577027,54.6507850976661,60.9876263936702,20.4503764758561,39.0831888167537,25.3554729005299,100.597212050893,613.809683475198,385.541231113226,261.347907869094,543.630951209311,756.814378149635,406.57908080995,60.8622880181676,77.8569253198272,74.0076565704191,66.8390334220838,24.2373561887599,23.5723217886899,84.6291025860824,166.192059024723,85.9763231252787,6.63266442230471,64.1611062278864,157.734702518057,55.3636452331963,301.199835157929,19.0135156988278,2750.2284866734,88.9912916374139,6000.38540110317,62.6276051055845,17.2713251786587,18.580565179689,18.362037348735,10.292497706319,9.07083844842943,6.04213328998957,7.16789520039254,40.3857990209307,30.2227598288241,37.3405003147366,14254.3773525943,3539.5978790684,29.3771758966385,18.9962415677174,58.2429804350134,50.9402698646521,41.5351420430485,39.8129492810342,29.7536829394141,27.2390690447983,20.7361130838419,71.7026330245427,41.2839121315644,19.6000959567674,17.9134751915345,16.2805963498475,17.463060688535,143.178844759847,65.5595942149448,422.080303345139,20.23030407546,36.7800140961748,20.1086513354966,45.9176777416156,112.223515352361,18.0169409075955,40.0083747864368,9.48934058887517,49.7912473772172,53.0923986417675,145.114207104173,731.402662179436,80.0682194157,20.3062571617932,293.519713385106,539.903783931009,88.8256781599533,198.710453515832,0,89.7522921757482,268.213560456669,32.544290267889,18.8657292106091,9.95400938540587,26.7466056093884,36.5103704752,56.0259736845565,5.85271883548099,145.85833113131,226.093058749163,40.8276143928254,423.473453094711,195.042015539656,1251.36849260336,30.9472609400777,381.100795156982,43.2943047415267,282.153335027748,213.767676343759,7.41893085261647,21.3202272076625,35.4470870084413,338.006581027465,242.674841780367,63.8534653128581,23.5197462138112,20.9163709198919,25.3502108890735,24.7057316893273,77.6379569881511,37.1873902926486
"Kabuga Ka Musha (OSM)",13.8800434594976,150.532439336675,15.5229423433855,14.9617908524923,14.8004251425824,980.165382258965,306.727121578609,23.8493962339741,23.4365190636497,29.1641744917298,12.9232168180388,23.948520061603,48.7209857400986,39.8291587520186,155.94190397348,192.009913843868,103.268855233255,127.234467641086,150.529518018781,264.652914819088,72.9384299739957,57.3334595996839,55.1566084595952,46.5851977720575,60.2415662969207,67.9795685286141,47364.8161174294,958.186270576893,500.878283338486,5.2682046780053,29.4340509595809,42.0164594862839,24.6033372373045,78.4066556895251,13.6308602777881,496.830791797058,31.6078528699141,91.5642910508166,111.619779703068,11.9207417047912,13.3340939653409,13.2112140464677,8.30253881427647,7.12582180485029,4.8790348492319,5.85010215950773,296.935310477554,113.918014793124,19.2060663607575,986.138650673001,205.548458818291,50.6469677388211,12.0476180175979,915.147494657395,511.056184830027,257.887725958498,227.77545148555,109.89476359209,90.834429281361,23.1794518258419,25.3781100164067,20.4753538560064,48.3800953885973,41.420900976915,35.338969952253,34.521136139403,45.6716345884042,29.8047601971055,192.1642687772,12.6086518111177,38.7606682337043,35.6640903836903,21.7638460232015,3964.71379931205,41.8231988438657,19.9818720155366,7.65074953098224,34.4387379683469,23.7460053500682,1464.90644028071,85.3453627846796,15549.565694651,12.8408186089753,281.377202148863,77.9347631567816,54.9699549342107,53.2339460109201,91.5613046881711,0,51.4642325802994,16.8296976453692,11.6313982346214,8.1098962549231,20.846673265261,29.5672714354761,24.7532535207917,4.74060998291862,46.5503520651392,56.3084137989318,20.2384771714307,72.1352794268238,220.571397848089,74.0985715183885,17.1172341830606,69.2384718827695,24.4828925374342,61.93852671397,54.9526887842987,5.85190330210967,13.2702808424652,20.2731458273753,53.5807744460447,410.736093113027,39.118975378614,13.8220811349749,54.1968508975746,14.9076881864014,34.4035005341832,27.943773652616,69.2053331929497
"Runda (OSM)",33.9786375621233,24.3502774577299,31.8006929453806,31.1443614597204,30.2412560596767,37.2043757244802,29.8121937061553,36.3050580693503,41.446005055984,35.2330379597591,24.0393801417119,46.2311423091377,18.0659794499186,49.635059490102,160.330759935226,122.647493303472,130.982071433802,197.853273524945,236.533426118795,126.016818218053,38.2711006795294,56.7404224096683,54.6130066853652,46.2743453962451,18.4269407294868,18.0817315030796,48.508753340977,76.004030583516,49.0451665377701,7.15095367279398,36.242318367428,300.668763815151,75.8154170399251,187.845809197527,22.1764711044179,657.253677237361,67.3171098368448,233.314270354843,39.083201946818,15.9733840422639,17.3444148137565,18.7471054427006,10.9816470721737,9.85371272560299,6.48448899491972,7.77438743210823,27.3586013163962,22.1849699251692,47.4881471850856,2762.16044545616,640.59202129917,23.3728064957628,22.1482629885296,36.9262966771837,33.3686689615592,28.5596717600399,27.6118795201934,21.858442679926,20.3358236203863,15.3566524963269,110.617800562999,53.4343807866711,15.4200961401422,14.2805555583091,13.4947676514424,14.8242160361404,60.9109436039278,36.7847837052733,146.904734765278,23.7434918174463,28.302328340977,17.0565264444419,60.5571589962204,58.9073885243866,14.3424566140515,51.4969935515787,10.0596799468085,46.0984574847267,72.0208025884392,69.7535046460399,134.440125245268,46.7155453529039,23.8461630756871,106.109612678957,119.07418606258,63.301253342249,73.4802107545252,269.121675654917,50.6405204732159,0,26.4915382255951,16.4424867231741,10.5607226328385,30.4761087474872,24.021448135634,45.3689258687297,6.2709973026865,61.7216653654581,78.8011633973855,52.732425328694,107.103429597931,135.464610293653,161.046400809878,38.295270632146,102.179628938575,36.2975794463841,88.3850328963071,76.4635681732008,8.04519356125667,25.1503445511959,29.8004669515812,96.5662541351026,95.5153792911773,44.7674051682707,19.9757190690698,16.3116667242815,30.5337487683961,20.2184612991682,55.1360487785134,30.9309886767029
"Ruhondo (OSM)",9.20150693261961,11.0840387860444,10.8335623159262,10.5975020119489,10.5198123272059,14.3229897225155,12.4566448392562,837.33210192117,336.059289279535,28.0548659731802,11.9729536203325,17.3284979601882,12.9294273182737,34.7756295633652,26.547030276506,23.9493904562954,28.8423614901839,35.9723563246683,39.2764673204415,24.1823155033147,14.3302662044679,22.0757135636048,21.8041128543416,15.6454799351975,9.33498502585732,9.26733246784272,16.1278328880591,19.813419336278,16.211831416119,5.03991381360112,57.0128097212972,22.8963545329772,15.5665602266772,25.3796306499986,8.93850566462877,120.350324595679,64.9464644157644,30.8495524641872,14.485439517216,50.8411876261109,46.6282817497352,45.5469565211592,8.07685344157957,6.75063214573177,4.66817647480595,5.43362200865985,11.3942564320582,10.959166723113,53.1506533837696,310.20446786871,59.0009369004209,10.7247764391337,8.88405944525059,14.0091067400384,13.2627643062648,12.1901279369891,11.9498639888369,10.4019509003867,9.95144644921532,11.3343173038723,15.0724431433799,13.5542982685605,8.32437782415794,7.91052290622932,7.56891308432304,8.06165723585093,31.6877641858037,29.1670993239816,34.2936784925871,46.1000338254136,11.9904260095627,10.9330164595252,25.8150937478844,17.6834905391542,7.9282698073065,13.31896006179,7.54291514030891,136.037872658419,15.2023458014511,19.0886466398639,29.9247265833913,15.8658469302323,11.9138327408964,22.7185617789198,31.0476768555707,54.7715086348523,30.1216714397575,32.4946088053066,16.510332708869,26.3510877739935,0,100.637599007683,7.94190719326423,13.9549674199906,16.1890728366391,105.426596256988,4.54376652646998,25.7214543921426,29.4241026378098,13.4511858399413,30.5783110327364,47.7789837468088,31.2296680411724,36.0437527984082,29.8891670599951,2446.37677778414,27.9086838961638,29.7581909468427,5.55154156532395,9.600273300464,1789.28229550136,33.2086713702778,21.9478144113622,15.4749033521356,202.065623715317,8.65488846682589,10.549165729491,16.4349261889464,152.301076593996,19.0735981775341
"Mukamira (OSM)",11.5832210341565,8.29456024898836,13.2281701996732,12.9583153620089,12.8188681995784,10.3308012202589,9.11734920743396,340.088312412918,67.1191694253944,17.081576289337,20.6302822024694,20.8900594257356,9.39519155983889,20.0313248247485,16.5397170885135,15.1297580956178,19.0518291099041,23.1785402208349,25.1101060180958,15.236389672619,10.2277609770213,16.1606060776735,16.052735119001,10.9665515680213,7.19439732706391,7.17456415491564,11.2029126315189,13.1196864870494,11.2466114235678,6.65748976476443,27.3888858123425,22.2153449796709,20.2616969245111,15.8348459010863,10.6539225007004,77.2002286585261,29.689646058309,18.2043777193812,10.3134907141053,217.295899900331,156.682295102014,148.25692069171,10.3328899196813,9.10332670573905,6.06210131673401,7.17925786960442,8.34490421000892,8.24031347832332,26.2582196426264,184.926879458412,32.8527646067664,8.07049494363947,10.6023550638745,10.0178275045072,9.58923415160452,8.97675463481903,8.82952911382993,7.8809720742766,7.59846715077125,8.44434545552367,21.577294696158,17.2233945058673,6.53784509381137,6.26187306622039,6.03222333831473,6.36539091483888,18.5109556355986,17.4492724295266,22.9078016403872,280.523526842189,8.84012654266386,9.0964917983656,46.7602096398435,12.0253834641298,6.27090060405723,16.8891618456441,9.53345580035361,526.262211207999,19.7438368729857,12.7525435642047,17.7713438161067,11.0795718857497,20.4858074370943,14.5667771840839,18.2521293203148,38.6711464877691,17.8573136169592,18.8401754607636,11.4309423886219,16.3629060862785,100.644885322147,0,9.9934803680443,16.2535653087128,11.2323146299344,39.3399010829748,5.87206526736037,15.9927413732451,17.5599323954507,17.0859108863546,18.0896164441623,34.1564614209428,18.3690808987837,77.7701500295998,17.7650299921508,146.015843391586,16.9332075966615,17.7008714648756,7.44513400868801,11.5365481918874,154.815649417041,19.284680283294,14.2713558122365,10.9123220290944,145.050419394654,6.76363366311406,12.86582942661,13.2674695812016,47.6439785061183,15.622692144783
"Zone industrielle 13",13.5138901217583,6.90568063413731,20.7504301110689,18.5280397353399,19.7837406859873,9.69452284950323,7.22296312534176,14.1467988904811,8.56802355036121,8.47137421463686,28.9879642030444,36.8432307052608,6.24289482549905,10.3503170302852,12.4621463608172,9.52951032413425,22.3364917714251,28.6239517483496,31.9707010520199,9.54150807492768,10.2096985237896,32.9328540936438,34.1169761157194,11.339514065515,7.64435441531341,7.46841279659723,8.19753791889978,8.78586724042574,8.18905929772402,173.457048998835,7.60087328080757,13.663596725578,15.8861982298618,10.5848137501906,19.0004920538231,86.7813993033147,8.60904660118726,10.6136325095943,8.29576443961306,16.4605383614959,38.0796234046196,40.7363412639601,888.687046319365,182.746517977335,488.176909075005,350.850485500766,7.04067538919368,7.0865925108443,9.50651199401974,131.524074098069,12.4888798375817,8.68332634576258,25.4925714483445,7.61469562817014,7.43285294786387,7.43150703463584,7.30684589292115,7.28935762801349,7.47906858088163,5.9108253567076,11.1544728782251,16.9650985350249,6.91581520629426,7.00434859328259,7.12443080632414,7.44415721275484,8.49176478685387,7.60783300557107,31.3858656072842,10.5038388220372,9.2520616149724,18.7493423512933,12.8208674815462,8.40035050100657,6.40024287573725,14.6379600874883,236.771366500962,57.0906012736117,15.1471257584345,8.6595169713378,9.53624329741893,8.41515806767847,29.0525108453811,9.5597221594332,9.49284008706035,27.3702160664671,8.76385629155253,10.2906482715425,8.57226378653035,11.078041158603,7.98391430058314,10.303323090058,0,44.5482440614272,6.85636511087012,8.7701471040949,602.471008783246,9.07014190941729,8.84765625864746,15.2362379515516,9.69150212592218,51.7610975744721,10.2824888772074,13.2426227806675,9.28276670592739,27.155578555846,9.28333728234559,8.79460889495523,115.209189130431,19.1254745338912,19.6736421548815,10.5017165470239,10.290684928733,12.5888619365494,9.22728784805262,6.92089318032759,18.7665900245479,14.7518912193152,8.48872891181679,20.4562697127938
"Zone industrielle 15",114.398443429257,18.8583083392564,208.510318025987,173.942432121762,179.174112678959,25.6310275398285,17.979558634734,26.6628442814952,19.8397031755434,19.0859208153514,25.1997715601498,269.543585446222,12.6478726057134,24.8992345211593,42.1235643545546,30.7440741622214,87.2880573582008,91.7778472534729,104.027459125234,31.4936936928366,43.5046544178483,155.565731646707,165.430358344611,57.687301203805,23.4581701771031,20.74491855094,22.6958649964845,26.5532157404827,24.1330720300457,15.7544029613291,17.1340412011639,53.2319934591395,102.466228127626,36.0234269085343,279.87055959776,245.319265902907,21.4950137111363,31.0743454290233,26.5014833419319,19.1114516034965,43.0686878469168,45.8540066762885,45.6622939187294,23.5132632691402,14.2258227321966,21.1648003067252,17.6563142656673,16.5120811666573,23.4745908249979,404.699934772806,40.6859671163198,31.3195938333071,78.0089035490286,19.8781458301989,18.9753481724867,18.3479297538347,18.0649040368785,20.5826788707176,21.6474182267928,11.3236638237603,48.3178428687878,143.583855723206,18.8664177150115,19.3429086224874,19.9424650432113,21.7275373272043,20.8810006064851,17.1930604241057,94.1959880116188,22.6436236133425,36.624960831823,40.4337674391668,39.4132433200262,24.1744918838041,16.3712409884507,67.3099680327137,25.1760012449653,66.0654682328015,100.310354206447,25.7522530191854,26.1885529811279,23.1567997209938,24.9321993067852,30.7216620754436,25.6911960372574,52.3660677531098,22.1755309368316,30.4752113585305,23.9909126708237,35.3205488142701,14.9003601978172,17.6271723089175,44.5482440614273,0,14.3325404719428,19.9868667950024,13.5616373176271,22.4192102617949,22.6170775253534,77.5327042480178,25.9189576199513,202.293035051086,28.9389118176218,32.540796752286,24.6210059632477,48.0164440589821,24.1628648520237,22.3812565398173,19.3758349542698,45.3113423148824,35.4507693512764,27.7876400364152,32.601358842744,69.9408367610842,16.3972455702948,18.4976208522277,175.253941152299,25.2283170783069,20.4981061028388,45.5114914429286
"Ngarama (OSM)",8.70040543705356,35.6511837311721,10.3202621082183,10.0679165534885,10.0057818857173,36.10390489425,49.5215202423289,22.9058782822593,22.2912750062794,54.832507352557,8.95217408219773,16.5262332078612,210.733674330682,80.2284030408083,29.3648539161311,26.7811035832031,29.065465516203,36.2217755674699,39.5334881945052,27.0602819605235,15.5257555190133,22.1809511520543,21.9033138454673,15.7468265433459,22.5352262609243,24.4539331754069,28.5227461567204,23.2002499352058,22.079437839793,4.26070343306202,48.1866942077803,21.0358501064261,14.5810031916492,24.6702258531874,8.55587247166716,141.280914418273,20.6981324547479,41.0058422551839,16.4961288527084,11.5569927817262,13.1086068045953,12.9901759310951,6.94078239572559,5.65242657117464,3.98329339201757,4.61331746507578,23.7021487993668,51.7165795173959,15.2092407125823,313.83966981317,59.1753259338149,16.6916204521628,8.49174033468361,38.4617324464689,42.9937340934891,44.1494613367854,41.8794356194474,31.0367175318793,28.3497867754812,175.339946041888,13.9644721515445,12.7617096460372,20.2458074497093,18.4705705347303,16.7570698251845,16.5131877888382,108.350148426085,58.5462091558792,40.1849238379302,9.42567105261938,14.5414564363202,20.5495993157067,13.3566866718928,25.984130995463,18.5783696399632,12.5406168373297,6.50942699596292,34.1513321538775,14.2316033421536,24.2032216450021,53.172143035678,30.3702595015106,8.91383899471162,25.3127628423511,57.011139104488,229.981916123941,85.7642650553833,36.5622079617994,29.0390492453185,23.9635814815103,16.232068415272,11.2588286206056,6.88132408805264,13.4014742962389,0,19.9606419942905,3.8864764635936,84.7181463535608,79.7411398126073,12.6599052587978,60.4664577404635,48.0053331750605,47.5293476625277,11.1452981483545,63.4095701947832,23.7498850062481,70.7190210524259,82.2863921661667,4.66130379142455,9.17002496707878,19.4273294798195,36.564466982111,24.4018923166988,15.5899127199281,13.2253805140586,21.6339693381768,10.035733824572,65.8339823020609,27.8163313205866,38.0526648175356
"Rushashi (OSM)",13.3432769348206,15.0546447750578,15.0179861360542,14.4522225270594,14.3085587089854,21.117365165396,17.3428637729533,129.872627041923,411.197370732449,39.3210350443684,13.4502441977185,23.2037063312617,15.7547572782662,52.1540033730532,47.8786988009228,40.4374814663062,47.2574045248346,61.0291003405767,67.3946015563355,40.9708917873009,20.7348525055742,31.039649797297,30.4024301925146,23.1781212974237,12.2496755350154,12.2265781402513,23.9840692477102,31.2895694450954,24.1363026548323,5.38559612008377,95.4049867968282,38.260023148269,23.4636380843484,44.0541359131976,11.8452536121372,203.142211980993,878.555980947702,54.4096118012196,21.0088578153566,29.7935517960174,29.6511676120056,29.1580579613692,8.46018648467431,7.29979472183689,4.9824896530761,5.99544137051906,16.0345972825898,14.2127759128937,405.766447304094,599.581174707163,113.65121652747,14.4578830688192,11.6945138665454,20.0557039842313,18.7367649719273,16.9514582555756,16.5318189799098,13.9747276509395,13.2565300810566,13.5987214837556,24.1777837394421,19.6236187983529,10.71363987368,10.0949051092627,9.59355499141453,10.3279434800764,44.9349423132996,40.5913876264692,54.8625453052661,27.5483625522547,16.5516269908995,13.05438681684,38.0144074811714,26.9633640873483,10.1112613225541,19.1544902885268,7.78039818105523,81.0882212630326,22.6442577208929,29.79035259047,46.0799591711357,23.5631193286365,13.3613728572027,37.7053457974642,48.395524914423,66.7985465580364,42.2279936854735,57.2737829329101,24.7957172346525,46.1884859451962,107.888142400274,40.2649622777193,8.25072050965213,17.5640369180847,20.3386235132734,0,4.83896089480025,35.1808651282556,41.0313575795259,19.3933859696624,47.641772681689,68.916971476581,49.0123075585939,36.0632917195442,46.0591439721823,123.893883011431,42.2773490033131,41.5928364386151,5.99208983044314,12.8709631190006,99.9375909022028,53.568842889875,36.2153505683404,22.9473936325713,58.3761361418614,11.2137878515054,14.4132625877311,18.3750418731523,430.991863024112,22.8801410193421
"Bugarama (OSM)",6.91081850823748,3.90741046018785,10.6198585602049,10.6788368308011,10.9626245085259,4.55937483101821,4.11175646752118,7.58002717713262,4.53053236212866,4.38553959838899,15.4376265120973,20.9301688908097,3.55563636572658,4.85742747081669,5.81677336440222,5.38059879521183,7.53093550788422,8.79532946837837,9.45853721146846,5.39744109699943,5.55954444431451,9.84878680990434,10.1097026670078,6.13738024800974,4.35160060578812,4.01261351866165,4.61495896024282,5.00348801003087,4.62260104358535,335.312488671007,4.31770191702256,7.32499949712605,8.64507118385901,5.71219756221989,10.3280470740637,28.9588109523329,4.90093962409013,5.81693560774303,4.53422491850315,9.29990837930025,11.024740898573,11.7545239177907,169.239414752191,98.6349486266912,7947.87751990946,114.450653875222,3.77255065405133,3.83399023248466,5.29300602343483,61.3027683101105,9.28870227286395,4.9448020758545,14.83344283732,4.33470535520894,4.23056785151583,4.0962721223878,4.05353274432125,4.05079577214074,4.14801270868954,3.36775610929888,6.38800574164896,9.52604814581747,3.90485337774711,3.95296636109591,4.00794799567038,4.17233518808306,4.81695417080311,4.33079634128694,9.17712369547897,5.99032815376874,5.27061060093482,5.63968948770655,7.33150084673314,4.78297958460543,3.64475834250855,8.39086363424696,352.784000526441,27.7039063675529,8.6888253091873,4.93117911739538,5.43369036135961,4.60830191663791,15.5618845371448,5.29749434269194,5.35969933757355,13.1114845069044,4.97806950376189,5.84917470397697,4.68720033850344,6.25109058432422,4.54518549714906,5.87392982575915,468.153278178564,12.8004067787226,3.88201628788832,4.77905601124963,0,4.88639241339529,5.03432824596929,8.73986121247768,5.31640600142157,17.6163409752612,5.60491318571401,7.17620541064847,5.24645988566766,8.02848823920443,5.15464312435469,5.00849215992284,135.454756188159,10.2277573503061,6.67110853186457,5.34371920424187,5.31390949953466,6.47575406909812,4.84737848504079,3.84836931877414,10.3388568204292,6.42479917190988,4.7553130703798,9.71621582591442
"Kigoma (OSM)_1",15.597806026863,24.6736996316844,17.1684076965483,16.4512376545818,16.2608506455772,36.9677066181973,31.5754155269563,36.5887078647027,41.6123065061655,157.705256004564,14.1295892987639,26.1699950497323,48.9038748260066,445.577731192383,94.9699246732198,77.7924747927326,72.1494641317972,98.4472968478925,111.004884350748,79.3480391330042,30.842758486194,40.733963288209,39.6083474636869,31.5340816795858,17.100946387025,18.5514941292829,49.2770096518401,59.5363186269232,38.7900866494345,5.53527816882806,148.885634919621,50.4542975804606,28.0467573478363,66.9072048005742,13.2783594932716,448.846865486578,37.6746612588298,199.350907625163,31.3755094694843,15.6762117244787,16.9085107390993,16.7220867929918,8.64269605822673,7.53136709689406,5.1164021066012,6.21348260502335,26.5965760301623,33.0458474374043,24.2242214712117,1090.72482623624,213.965628203968,18.0678647333861,13.0892751631925,35.1412269011099,31.9079925488324,29.2347382022264,28.0481391992728,22.2469461437884,20.7173183187656,36.5422417823863,29.536078486381,22.9956418492431,15.6903402426601,14.5389808145864,13.4077926973342,13.25419267392,1016.06697732697,174.722974716199,111.981051630904,13.7315082169989,21.1426581676934,17.1909787519555,24.5355761551445,50.8744269198218,14.5788169025923,22.3869291930925,7.91068721884693,44.1604786417577,26.9502783256656,55.3539918660844,423.999236701544,44.2710451812637,14.0291686248192,70.0275162794555,544.666508143239,142.676420613574,1938.64080294521,149.829432696505,46.9250788743833,63.2400741922715,26.4608956304966,16.4141699655172,8.40543349665124,19.3467324675767,87.0093271122038,35.3952425250342,4.96529588705527,0,3198.46624192568,22.6951100088374,694.369171909813,92.7381640777189,300.20121915287,19.0103373954901,839.712085530876,36.4489968721783,1468.58748655603,2538.3570250996,6.17808732261803,14.5094301548841,30.353419993723,151.088143635848,65.5989390505288,31.0907183242802,20.3347141970255,16.613206903346,16.4038675021827,34.4881996797987,57.3721174880324,30.7394076991313
"Mugina (OSM)",16.6166078234022,25.962962777881,17.9452238450471,17.6090688992469,17.3173144375967,40.1142961846999,32.118849576828,39.9629059876174,47.6510951036629,201.433443639551,14.7044015485709,27.6894918250062,45.4954077551145,738.022398682324,119.218378743681,100.130502626767,84.8812237279092,121.252162648968,139.33657489174,102.576135929793,34.4240013847064,44.7314445029747,43.4003552632237,35.2173977732672,17.941457004634,18.9851414886727,58.7757169000355,73.3061709885862,44.8667768118278,5.62990421892288,224.090869615156,59.5240187493006,30.9793246731113,82.6847154135547,13.8504874060126,597.450921220556,43.521573145945,326.414134985378,35.112551547142,16.3591394282238,17.7375673091981,17.5361689578697,8.90834541031528,7.60033403047588,5.18140116032181,6.07351437838404,29.4085638052228,30.6310924363521,26.6505941587582,1412.1033970311,316.533408263632,19.4684983216071,13.8090330815279,40.2687142035217,36.1733090452954,30.6476796086576,29.5899350242163,23.1711746083964,21.4889360121064,34.2105758287439,34.040503536288,25.1244626085101,16.1379159686838,14.9060276852185,13.693719249775,13.5199025818234,2706.46311211667,234.598081325615,140.542046051591,14.5277981948925,23.0604106793277,17.618065786402,27.1052606966879,61.1528831559225,14.9791544427177,24.5340216841239,8.28091082170528,47.3878896751838,30.0342356490904,67.3812236510689,1006.12596843324,51.6222943550298,14.621257119023,87.9278869369499,1537.7999744703,160.443621293783,49420.768762892,225.875582933502,55.1224228857249,78.4031944103366,29.4373050492607,17.5660723181302,8.70390383316702,20.3854869114862,79.5404010630879,40.1032413726517,5.03397869649193,3184.7242674411,0,24.9000195837089,2419.69555332286,103.843910513622,582.596907419055,20.3032148036296,3588.71856837334,39.6991502076428,16230.4533454987,327668.002140822,6.2372981233165,15.2119313769835,32.4914881241356,220.961168800213,79.8155841690405,34.2428338894422,21.6762477171629,17.0965381501326,17.4082005509357,33.5311770670099,70.15484374394,32.1560718369078
"Gitwe (OSM)",231.608764361952,12.7422833376724,105.30767455659,103.063524242195,95.7931277684998,16.8197991467661,14.4969764449683,23.3703381722889,17.76533384022,16.1628729013036,38.0225163765133,125.900386197421,10.4182398208741,19.8345821768423,34.1154253414873,30.4458682675688,36.3258906149804,45.4520919399039,49.9217234198528,30.7940132639322,26.7818156030471,48.9163579886797,51.5782160637997,36.2937999641633,14.52064290996,11.808986159715,19.3418495159325,24.4536585830769,19.4572320252734,10.3377840793218,16.3386326019636,107.363059790471,367.420477574769,36.0487608512197,53.0894817712506,152.349290553917,23.0139185464196,38.8904686500541,17.126815561006,19.0445092063352,20.7234418606435,23.0290169893556,15.1959543604187,14.7490583395237,9.10400641599242,11.1705710105644,13.2586361619989,12.0175162394966,25.3157115394261,410.70469852826,80.8708514972169,19.8721737515128,73.5018318707481,16.519745129812,15.5418896718072,14.1401082479173,13.8351694641906,12.2309543162853,12.8757033765434,9.29308501236528,146.406419768763,428.021879795549,11.3755022167646,11.6753314891556,12.0130603696049,13.1045368660215,21.8605934383921,16.4820169753018,42.3472401039658,24.9807551785758,23.5970516944267,12.1016642524361,66.8370275069886,21.4752613448177,9.88771546092579,4665.1435202957,13.6443229183075,53.9047030352593,364.422137608081,23.4315542310691,31.6265632376548,18.9709208232019,37.6265448818639,28.6133047835008,30.0651620237885,37.1377336398885,24.0523048703368,40.7668289217869,19.8417201523052,52.4433679945022,13.4518848525133,17.0857162272692,14.2384939099521,63.7935213804263,12.6289517737341,18.9846746436781,8.7364695947506,22.0758966052386,24.8905141155886,0,28.7430789677658,74.2959081081087,34.0226690012452,41.0363612559629,28.1137409077454,20.6100123117917,26.323032832878,24.5261313065114,11.9288604068727,115.2936352889,18.0326895075568,27.577881363642,27.4135999083154,41.8496185703972,13.4514067687988,10.9384464435831,97.9515810251877,14.2391687162441,20.7936578524364,22.9398592199311
"Carrier (OSM)",19.7401328555058,30.6942024545878,20.8115041858574,20.1145239479877,19.7762890311686,51.3363134973165,38.7924377828942,42.4522826863933,51.6914074602939,131.637839907601,16.7361531948737,31.3731592097192,37.9730436029348,324.083500854908,190.049409224962,146.329882815356,117.112616356485,177.510562567014,209.262368301024,150.730822299861,42.1634101447369,53.7406228364507,51.8167885884113,43.2890860656768,20.5236636764496,21.9834805483039,77.2342369846279,100.042770035228,56.5618876150351,6.03746339176022,140.604470107007,78.9827308815955,37.5089623736935,116.640036921699,15.6522539988483,966.995196437512,54.5738690704982,756.108144580377,43.0880138735009,17.0616364069383,18.2772142392167,18.0641775646197,9.39057072134627,8.24221747592884,5.5453807663647,6.69104865257799,35.89496998014,36.9775212027168,30.8531446624289,2372.17267701212,514.163010066746,22.4151143509787,15.5041257356348,49.9756844772792,44.2968860189844,36.9895420229343,35.546336139607,27.1668889088133,25.032508412999,29.4814204079523,42.553672453462,29.6646627817231,18.3341928028404,16.840708833002,15.3890749767821,15.187853257878,645.228528376908,145.477535134816,210.330010494495,16.3665283050136,26.9389249404775,19.1953822095642,32.1547904998729,80.760630526299,16.9104170168202,28.8244764041532,8.60568599197865,48.3105709827272,36.0097314502129,90.5181784757984,7525.18501584657,66.7223802268137,16.6155499615109,125.122975044248,37828.1631750389,131.713263920696,1566.49872010649,429.355847382684,71.9991079314212,108.607647407208,31.1721049090265,18.4136792893169,9.10354220200855,22.4521460302638,61.4933253017061,47.4657277496286,5.37609988897026,689.913107580034,2431.14234352856,29.2958519857296,0,126.692173636669,2126.71998720247,23.6086271771665,112906.023617888,41.9614094980696,6859.37272948822,1988.54767564368,6.75161704436208,17.2870543083275,34.7241541753092,428.019380384561,112.460417695126,42.1966802673798,23.0599505461924,19.5184565353968,19.9465726178878,30.4904458286436,71.1235071140412,34.8949227622994
"Bugesera SEZ (Agro-industrie)",103.459089587052,121.49423880437,103.718946740421,92.9748450818434,93.0868571459278,241.469081260708,153.636787814931,90.5396575564023,89.3418672567065,89.2417281301753,50.1810619921259,143.725034479546,71.7419817359071,125.255870295684,466.283083021984,457.875289750227,1062.74632812666,739.612344915112,873.545551907724,581.232064021021,1765.12378467955,1452.39495915827,1296.50909893342,980.109307025221,131.200902991321,97.1457095590966,283.967808972872,515.371423211471,382.609626343356,23.4561158505962,83.6714436729909,158.485523416962,127.04236044798,429.701344970158,93.4741880141684,1909.65705015152,113.116895447465,261.546351451656,478.938198999701,44.2775717758008,77.179602362382,76.465450849748,55.1655963068608,33.1659287031172,21.6042584134613,29.0734512445563,149.291975541997,113.186104945853,71.6368638940567,4028.79356405307,614.421844369826,236.114694495324,69.399455777484,199.290950382904,176.057272522297,150.073259145549,143.343960435916,108.707561341415,109.180736896548,45.9885834418457,92.2073370908186,147.680853260142,88.2449017212846,91.9865448346619,96.5012017965556,111.533839131682,119.439995074057,84.4062859559305,792.583916676127,46.7206725967747,342.386948516035,116.629070768971,79.8649180975829,362.704230973236,70.6784795479892,89.0158979667757,37.0123959594931,140.201084173025,125.402609669637,456.770412107483,190.852731211965,277.598904536317,49.7202102196696,710.432611902858,179.998112183551,186.464389576568,134.45069306239,269.982691882137,308.641544762261,185.512264463335,61.4456465513155,42.7924959677876,54.7023897116234,207.595220657323,61.8985511414823,92.1944354708198,20.8173112087845,126.366529807466,140.191698427634,98.4374964728594,174.124820377666,0,218.959341994819,65.2586860837517,164.792626712177,141.053683946726,153.764193940412,137.498310003074,27.3760510392752,62.5121026494842,104.508976376351,175.90648208181,798.160125286042,642.690351433899,53.3663324580607,83.5954415940087,94.4459460495612,91.1885981772643,101.316468520997,155.725954376482
"Rusine (OSM)",23.3278141556301,31.2785565988875,23.8587408499921,23.0061251357496,22.5630694420951,52.8867302000222,39.619645542726,43.4798422218659,53.4760232358187,91.8138461375221,18.8413639204737,35.4455436848628,31.7854036297415,181.822046538364,349.217515574717,241.757781351631,171.582408615225,290.643081315347,361.230062565876,251.581671327346,52.4668642225895,65.3518148415141,62.5699107238175,54.0713653317847,22.4029787300466,22.3648007629602,79.6372628887355,123.75778945003,70.7061005995405,6.40936434408658,96.2252291188817,110.025818788085,45.9202098549739,179.459798972371,17.5327113498198,1946.51090186043,68.2672730316013,4270.0629930325,53.7889744070238,17.3206599488468,18.4987306474552,18.2810417110056,9.89069745402373,8.79951632543077,5.86731869180918,7.13811770340511,36.7267205753068,33.9835448854395,32.2164213060308,4848.12962821263,1080.16855778105,25.8951174439665,17.3582847691898,51.1935958048697,45.3097462780583,37.7885140201646,36.2932049592113,27.6647534770923,25.4742219304571,25.3261561025672,54.9382402988629,35.2857528104106,18.604912932829,17.0794604868182,15.5990385750902,16.0975341337258,286.521932801085,98.8485773127281,309.826000543847,18.4000041888275,31.7079152096146,19.3848427762324,38.6203391635407,88.8911515113643,17.147259977077,34.1811542812936,9.01737251409392,48.8258351298545,43.8699497067906,110.527981114433,11176.2333829682,68.6887437397214,18.6930546974819,196.560663495715,3945.32527238439,109.695964930558,476.867485985917,1263.86789260433,74.2110639129801,163.734657349623,31.9431810506263,18.7565436397084,9.54714829660863,24.7457873917669,48.4986015413281,48.9969904261738,5.68122205820759,298.537616290471,591.661459948406,34.8039707555296,2128.80959595636,157.833841506812,0,27.4010436905289,1631.85928259216,42.9111771823511,890.367641338118,537.810360480928,7.19890320626979,19.5010815462226,35.5739554683111,1298.08580390871,171.144244303076,52.4638073739764,23.5829003510461,19.8183715143872,22.7863176543669,27.7362801867088,73.9068481294376,35.1924953125085
"Ngororero (OSM)",28.0579600503633,11.4523049166697,27.6687472970697,26.6106969026214,26.0227769340224,15.4130379704494,12.8597974558295,82.4240607401741,38.5850595304112,14.5024223255583,35.0237958720826,40.4155608709257,9.50748256813074,17.8726961706259,28.7059109756326,24.8034757054378,30.7127717836497,37.522651864183,40.814101489061,25.036041680776,14.9275419225241,24.206489151959,25.0874340862111,16.7843354175083,9.6282318640408,9.66528054339103,16.6969165084674,20.4767401613005,16.7752948545062,8.44177243438545,19.5539748349018,69.2163658511882,57.7374429085584,28.944148518772,19.7935111367959,124.567539031472,28.1047926350988,30.742086970335,15.0801071222751,47.8369529171472,44.6307058009703,43.6359591885747,12.6302739808226,11.8841083775465,7.58567904062616,9.46714424643661,11.9056412554965,10.9654146301851,56.1686601589293,335.822756749256,59.1791023418161,11.3106500812258,19.5867050263709,14.4670538733759,13.6947318003416,12.6632428687869,12.3971678221961,10.7822560915723,10.3171694939336,8.5533259040329,83.5506426214163,42.7879393998545,8.59539418908614,8.16696423399699,7.95185953299956,8.4838776563188,18.5754418135825,14.4373826831949,35.4586770960364,279.22820130628,12.6716158465133,11.0431734750975,552.324466269805,18.2713568264542,8.1722056412019,41.2928426273992,11.293316593916,125.884744010104,54.8190970554174,19.7262789472566,25.5731283557206,16.5153868645399,34.6281216813805,23.6138995277016,24.537151395638,33.1238877306847,20.1942889834151,31.7146887627741,17.1934007446909,39.1058536731307,37.0074777578615,79.8739295760105,11.9606842213576,27.4640551158614,11.3577510654807,36.1777502531547,7.3042488168585,18.9597940825512,20.7996621964653,42.1404532779396,23.7619716340643,49.6210322746974,27.4936396689638,0,23.153544338407,55.5231259908211,21.9586427175108,20.5297069659316,9.66173890616362,22.1958017509733,53.2096399562377,23.3141701136694,23.1136675743443,18.4865828727423,40.6161278088083,8.94905433138125,26.3180628009985,13.0970871219625,29.7758063086442,19.0725636131175
"Idigiri (OSM)",18.7842721792959,29.530948823191,19.8785606284558,19.458871391291,19.1052253756676,47.7319505474999,37.2335386131295,40.7354133945004,48.9379420050791,138.098877084354,16.0823631957392,30.3447095823911,38.7049421220579,352.731386565573,170.165104584863,136.321919657811,108.346613255123,162.863248608033,191.289953581164,140.323063168196,40.2011513850891,51.3120999492501,49.561593191906,41.2261104804314,19.8505958034479,21.0995548504297,73.1407923208546,94.3088621023439,53.9088990323065,5.89951926448836,150.112517627461,74.2818589114232,35.811112081861,108.739283119743,15.0925333689578,876.373987308361,52.0992774725708,643.13589004343,41.0856557071406,16.5639754684531,17.9072568700162,17.7023196028536,9.2690067920206,8.00089233332066,5.41636547058965,6.39712167971914,34.1757322887942,35.2858181641908,29.6716638714237,2103.76625391427,480.721578922118,21.6600357399771,15.03634838049,47.7820484386307,42.4329195499531,35.3855735102552,34.0511420395536,26.1197957305633,24.0854638379453,29.8802380620257,40.6433729111678,28.5042474094267,17.7360355928883,16.3038808789884,14.9057732151327,14.706721834365,772.555174582958,155.625808761781,192.497781056837,15.864814430373,25.9780882432037,18.7899047175738,30.9408629782379,76.5140861372143,16.3870074972478,27.7740480881154,8.58101017554947,47.7625366759143,34.5984689117711,85.5370273770163,4627.16235332872,63.1508480940524,15.9828241447922,116.831971206625,14193.8402412888,135.702192396144,2121.4583587563,381.836987559166,68.0265902403132,102.030016986957,30.0071075295663,17.8288746296495,9.02509042933741,21.9127122560549,63.4767065654336,45.174173956591,5.25708573890958,827.133095428207,3590.21441545948,28.2223041883492,114817.311425924,120.987470232639,1620.10699098099,22.6683383190488,0,40.4037720622533,13958.5975853389,2815.48964309473,6.55939250019438,16.656900483996,33.1372220627742,374.63632152079,104.394130815065,39.9826380476003,22.0794384457663,18.8548058997906,19.2256273350171,30.9317945993937,67.5631061746351,34.4429650751666
"Zone industrielle 1",17.7172996966851,18.7338996768614,20.9066908598752,18.1667472771778,18.76779810525,30.0065594483328,20.7891098375092,2244.40802923366,464.849172806454,50.6361700406559,23.3209377780462,30.2736500500324,21.5394644772673,71.0200019708168,54.7814536184955,38.925596444593,83.981189162101,116.235613376802,132.696040917237,39.1884089460497,25.0414169706901,73.2159861644966,72.9782937222152,27.4284557502224,15.7730378213192,16.7478106872826,26.9242268391128,32.235795138177,26.9683002793779,8.98601239411083,85.7800737741021,39.8386802722906,27.8947693668655,43.5057955271821,16.2882087318423,346.561900697917,96.2947881040197,51.2030124469606,25.2031980897691,91.9736198483395,181.172000078956,176.642981822829,26.8363262254337,12.7493850077587,8.40475956679571,11.8090568780937,20.4381818278993,19.5561270539207,82.4058930601531,636.478351044257,63.913652227767,18.0200968898479,15.3027160861793,23.2446545721122,22.0708920989149,21.1680308995008,20.6098517253249,18.0021181546376,17.287426201327,18.9984354580275,26.3829199579627,23.6243789637849,14.2575361007645,13.5771560207534,13.0537100527672,13.9330330189279,50.1643728795862,46.2297868055763,117.976512700411,82.4790071338879,20.0468983683899,36.6365305871798,46.029174463128,28.9682687230902,13.4734842619439,22.6639130706806,15.8190930512174,281.980218273081,25.7439050968561,31.1277485092306,47.3413529594617,27.4202423350494,23.0806318545876,37.9239420063924,49.5564093371216,105.551920425147,47.7880520871479,51.2919910651888,28.5289063772609,42.6487163018533,2984.5796576016,184.614080828838,27.1182014645406,47.9422546586738,26.8400830730536,158.849192615847,8.10151576865647,44.1793053860118,46.6610494293319,22.8841313206417,50.7145194196577,136.045248596274,52.1494003687163,68.8092315999667,47.7699582638172,0,45.8503749839503,47.0972698812075,10.6332562050004,17.7545578006115,21847.8928568171,60.3608126715181,40.0498526409455,28.7629777960175,448.076789557201,15.051628482668,18.907415524195,36.389084367171,209.840341034111,38.5466166264742
"Rwafandi (OSM)",17.9389383868739,27.853950733967,19.1968806107414,18.6454552602917,18.345607221383,44.7503788636988,34.7213307795942,38.6767591917762,45.2531974619827,167.829769330679,15.5966668529884,29.246085893821,42.299111987786,504.913039284741,143.774352205488,115.872406706056,96.8643234632894,141.054245128399,163.396719510228,118.916395758771,37.480883675199,48.3373664371607,46.7741006191207,38.4058556273054,19.007697562198,20.2573179241874,65.5391403790938,82.7992354415496,49.284123510355,5.81669781841366,182.551594673595,66.7669967247646,33.5924053673955,94.737319275052,14.636179245177,717.455498748741,47.6961063179064,438.220301575673,38.2512612066222,16.1185161974104,17.4323666560934,17.2364719806502,9.11195472599188,7.90303980173449,5.35075654301915,6.38890176185277,32.006116611321,33.1396539747965,27.995288009464,1733.24462578532,376.270614097635,20.6757689250562,14.5263912272983,43.9656238024508,39.3027146210344,33.1716700480051,31.9620765841584,24.8018918909289,22.9476818027668,32.2623923747706,37.2635350729855,26.9583829623427,17.0585603758412,15.7233900099285,14.4171771807692,14.2341179804032,1313.96148181736,190.024492121395,164.545138799559,15.3022766555675,24.6237148765394,18.2751289752484,29.1084200648516,68.2747150127699,15.7902866415853,26.2529136216443,8.39671737894142,46.1147778456026,32.3804450862879,75.6850531424078,1786.39919061022,57.3007449373504,15.4939604935887,100.913471006513,3277.6960712078,147.692569308014,5934.08176307895,284.954090794349,61.4215394972352,89.0671568877812,28.2686887371527,17.1338882409979,8.86405285605416,21.2447878915063,71.4518842682054,41.8524500322825,5.19238047739221,1458.59739080407,16145.5629402825,26.6586723026187,6865.16253779676,112.756509319506,885.374472215948,21.6885821886107,13911.8236143703,38.469843305291,0,9870.7858516903,6.47951395910134,16.1081858019211,31.7269953528401,282.086036277618,91.598524566081,37.4542899746349,21.1931563094159,18.1107676008418,18.4796415177496,32.2548965224828,63.5647071379226,33.2043833065629
"Rusumo (OSM)",16.3707317199663,25.5611249541906,17.7218442926102,17.3952761745077,17.1103466054037,39.2881198302532,31.5525802389414,40.3591360912622,48.3494155998603,212.746160574909,14.5434237215581,27.3802155612589,46.4944698168692,833.332864093789,114.523680081882,96.6542084989577,82.5113000228813,117.253685278482,134.451155826955,98.9656699527484,33.788210574048,44.0012511512814,42.7140348586648,34.5574820519836,17.7210514399209,18.7417681049633,57.282208963604,71.1859432942514,43.8970305617593,5.59719857547568,232.987889458587,57.9928624778059,30.4426641872521,80.1042306667162,13.7049655222858,572.635785475551,43.3536758044141,304.376516621529,34.4563755730477,16.4509341233374,17.8261779547039,17.6230300592888,8.86455668733043,7.55188697050965,5.15282777990964,6.03425506427913,28.881477140505,31.138880977559,26.9196474981272,1350.74614456411,302.102156242152,19.2167538835247,13.665280508217,39.4539838077156,35.4875591234577,30.120995272786,29.0925782908019,22.8363044025508,21.1925213316671,34.8328643878253,33.3284446123381,24.7428623370188,15.9522698303739,14.7429384483189,13.5516784648122,13.3807248518153,3438.93248049207,249.044494545027,135.649783505551,14.3716065656505,22.7289914326309,17.4790795954159,26.6747082670719,59.5636204577501,14.814953904788,24.1676041540042,8.24436056812697,47.658809853464,29.5260587755019,65.5266984710116,885.649370406543,50.4050824063368,14.4621450602886,85.0914051024347,1311.28331035764,164.111050127842,174062.202339077,213.472422787508,53.7705212800234,76.0418946919707,29.7581909468427,17.6996909061086,8.66482871017385,20.2056552836909,82.0419170259047,40.6324635459672,5.00682872934204,2521.15071707672,327855.999961201,24.5247039838138,1976.31981714798,101.965710999367,529.103260307457,20.0321625455312,2813.24082184152,40.0655537891834,9902.11392557486,0,6.19831342073661,15.0434066837358,32.781752457154,208.787686442846,77.3692102772062,33.6106658925686,21.8587407440169,16.8929115846337,17.1979240168981,33.8863674055216,71.5064364048616,31.8857395268588
"Karengera (OSM)",10.1023270806601,4.7589971739077,15.8171603881186,15.6828754358433,16.2017668396099,5.83817337038405,5.03691528424016,9.59632020132932,5.68486480058353,5.49873329088095,25.6455591373382,31.523013058945,4.27569940656064,6.27801853052265,7.73768994717935,6.86532311885809,9.6011497890584,11.1323092361052,11.9364621369589,6.88846942543313,7.16872275440631,12.6027444845338,12.9516434749812,8.05516982072985,5.37209445844147,4.9429816508226,5.75425891703272,6.30382114637559,5.76290254769873,518.24699161775,5.32612454066385,9.95234192650803,12.1430571335885,7.40838820916786,15.1481291022491,36.4670460155425,6.15549737132445,7.55050908244468,5.66409191922327,12.308782830861,14.2296687381622,15.3747217404838,114.526642025353,877.336105449731,178.122439618095,134.101430440811,4.6760290370421,4.69047792012756,6.72841222799327,82.2916927133526,12.0739678827783,6.21870780985342,24.0372630203552,5.34834869190643,5.20254577582115,5.03978243427995,4.97543730325786,4.97033858438015,5.10718493625074,4.02361838996641,8.75740005436669,13.6330473143552,4.75700149527499,4.82358088575428,4.90183036510405,5.1330284352107,6.03741268785259,5.34285759741504,11.4415609199734,7.77142326533836,6.69430865455167,6.54139119909599,9.87562976894106,5.98527663852609,4.39617892283866,11.6271418128656,138.203516049906,35.0593952720716,12.1340871352,6.19898501740183,6.93517750858349,5.76831662434612,25.8793110240346,6.76054869175384,6.83440276843385,15.2814405085061,6.26922185128858,7.56055603485853,5.88283484400504,8.18312294575562,5.64562656272931,7.59491079655765,91.3181141289106,17.0609037603386,4.72365115351126,6.01825971576014,139.573014890516,6.18430800659938,6.349458422758,12.2217557665874,6.79850941939351,22.1409915428692,7.23583471787176,9.69587784247241,6.66624775716694,9.80461765947924,6.54806236448855,6.31109003155526,0,14.9283096448331,8.33725158686557,6.90016218986344,6.84285547657514,8.62832377766977,6.14282361901491,4.68127543847827,15.1173818810817,7.28781794721911,5.93683826571001,11.1932194956536
"Kaduha (OSM)",52.873300505467,9.41388460332061,46.666624409911,46.8369205289701,49.2147538699592,12.3699519906526,10.4014272937122,16.721275437849,12.4165887022401,11.6303105524306,40.9766317000173,105.632062061967,7.99410589591852,14.0222060596848,20.6725116541981,18.0085893362407,23.2000446241707,27.9609349130253,30.271631929998,18.1411568141095,16.5309716057989,29.4819302206402,30.6610024571368,20.3962897858049,10.3667399265261,8.95177001492386,13.0021708315525,15.3919528921609,13.0502383182806,12.5961549200878,11.4151068221211,39.216025024292,56.1649928262083,20.4669641634262,42.7440105099879,92.3042379371403,14.7330364059379,21.42846337788,11.9621745398568,19.3468054748644,21.3080824451924,23.6857662776936,18.3638088682907,18.5415401083062,10.9567003383967,14.2615028620211,9.64317378987141,9.09886132853792,15.8521683231762,233.949905118063,39.0977593606347,13.154171912419,129.872147398243,11.5051526528631,10.9786896791179,10.2930349672777,10.1003888713362,9.1186916914444,9.50282633557507,7.27957699440829,39.8812784473626,68.6043593583144,8.56807413113226,8.74963602367461,8.95888185742314,9.60776947125685,14.2047255853219,11.4850469477625,27.2020396315893,15.6292020783658,14.9132042478971,10.0771577540212,29.6859206854384,14.0060429552072,7.63169144905671,159.310273366085,15.6681055478118,53.4628598599127,55.4364677174887,14.9252217164129,18.4403065349315,12.9161969838319,40.4687967758582,17.3391534473706,17.8525394374415,28.0829136357359,15.2205291065069,21.8757898086818,13.3623687845822,25.7309005972657,9.80930000146767,11.805132804232,16.8777235040244,37.7056540227943,9.34576874128934,12.9410677360032,10.4515584557671,14.520004475784,15.5926107479547,118.749451867782,17.4449005583559,48.0069068222218,19.6273799506769,22.2747105338806,17.0312615457183,15.7590868867723,16.3397083460863,15.4247100343742,14.9124186559409,0,13.7153950630509,17.3138885379555,17.1652437344805,22.7171100976116,10.0210942063604,8.32603773990328,43.8717272221625,11.6858825730393,13.7079300885222,18.0883512818974
"Zone industrielle 2",15.2235858860715,15.1945163829528,17.8549939873752,15.7351665357605,16.0741001829115,23.6363840147364,16.8577153639531,3641.18190108454,317.333602560412,39.8861094293875,20.0939677654152,26.0845567663817,17.4592885947689,54.7388854772605,42.5609279292202,31.2225949469122,57.4385909172869,76.5125969242916,86.0241756584724,31.4372190922341,20.1385560768038,48.3395823984108,48.054856393684,22.0114318253923,12.8236793561496,13.5071085044144,21.7275602936685,25.9817744736013,21.7708332416952,7.62865335664813,67.260522987862,31.7132248390872,24.323149595468,34.5968624748955,13.9316873922593,232.954753853234,75.1496690245331,40.6377859076145,20.2754144176928,84.6371052964773,132.598499142706,129.093771773645,18.6442992576315,10.777913787763,7.11390905932444,9.82083414689604,16.4208237414418,15.758532980584,64.3974830396861,492.309084460481,56.032076472853,14.6335087572242,13.179619981996,18.824549717623,17.8846912585604,17.0854774276667,16.654397658116,14.5714645595803,13.9951250408867,15.4201191844184,23.4121890404554,20.5760219845031,11.5879957210744,11.0383961344084,10.6115637056054,11.3158609296478,40.0302653498586,36.9865474269662,76.3880476348857,77.357687690732,16.262188661804,24.1905570985565,41.5541453299447,23.3887457010238,10.9670967813117,19.7904529526751,12.1223231071956,238.045900297851,22.5954916045347,25.1034731046729,37.8538807316641,22.0377845502685,19.8771527965635,30.3563090715306,39.5283678055176,78.4385952651182,38.1879949259276,40.9107870482726,22.9103161930255,34.1331963723202,2057.9843881445,186.955247892331,18.5916906803523,33.281194587838,21.6774310378032,119.986265591241,6.86097907461724,35.1096787757893,37.3183314884306,19.9898123887684,40.2660329564484,92.7521576977399,41.3388315052648,62.8382705676575,38.1450398585098,19815.8519728268,36.5578215792617,37.6635111614005,8.92493253119114,15.1182864824648,0,47.1446392051708,31.6755847286007,22.8844806847992,501.788138273925,12.1801247726735,16.2542115305261,26.2997333710791,155.546952349273,28.5758364185011
"Marenge (OSM)",20.30756555632,26.5099496135033,21.5743718838965,20.2400774623454,20.0016482139641,44.3590307473323,32.4632033190461,48.1644602823094,61.2993109119076,67.036526154303,17.275619725673,31.8067781801537,26.8331706668015,116.675825447637,183.765300840035,134.259731562467,116.51595761811,172.055652113274,200.494774106855,137.903570730614,41.9819660447523,54.5803723341554,52.6177564223624,43.1405607166601,19.764256224009,20.0191021861262,58.1324371599946,82.3237034654982,53.1022772097725,6.1905093701958,67.3204668690546,76.757692690527,37.5521689195541,110.427381182881,16.0684728775006,885.11658836497,63.5516548312202,585.403186072515,42.8218688939822,18.6283827576728,19.7463439930896,19.5039911912154,9.53356543274747,8.56078678351136,5.703541331831,7.20886605313708,30.5593678742183,28.9117460096629,34.873132419873,2250.97650429183,417.897160570833,22.4902350641911,15.6954972446358,40.3346602850426,36.3957907525754,31.4925424958126,30.352432292645,23.9340710260982,22.2619937663984,21.973124575736,41.3700724294473,29.6949927629149,16.7076498496889,15.4612976506771,14.2464642829069,14.7164454176227,148.694131763752,68.7018234240507,181.860859581772,16.5493582348511,26.8837258124758,18.1187639745177,31.9022288519585,63.648141636831,15.4781966699479,28.7035085675984,8.47957499423718,50.6405649550907,35.5815435557217,75.4856426382145,745.522751155193,52.0695549074766,17.1158730660147,116.834916656256,553.564131129086,90.3919304394241,205.300762930286,354.495161300572,55.5946464035694,101.823704376108,35.1584047408905,20.3234535385212,9.17352822821179,22.8470501367421,38.6137286501935,55.4806681704412,5.51770715736457,155.405739099381,232.998652711577,29.1584424694359,441.474832713799,126.576023852467,1320.85706454226,24.0013717737605,391.656230068799,47.7833972538283,293.514513035235,220.366753897723,7.00527877189968,17.7098942295452,40.1604739842383,0,108.179407349933,42.683085945548,26.202607224858,17.7346006096178,20.2701672546101,25.0461535375248,84.4562753180097,31.6826407373679
"Kabuga (OSM)",19.9155704084912,69.2098593752356,21.1776793677918,19.9854198662206,19.7345503434138,180.181586167128,103.150258062293,32.3254941847172,34.8430545106135,38.7225993551962,16.9965074765028,31.3921232487021,32.0054569592545,57.026696813498,831.940926143001,1368.70855735572,284.003029929018,396.194864773975,545.736817564701,4574.19037787433,172.590438883102,101.264061865802,95.2645440016255,86.9176243493054,42.0930866250591,41.5683958186403,360.222439284069,3320.49871336175,363.686105654481,6.12821146645979,38.4947084453065,75.1898085963674,36.918922312701,195.012867054912,18.0307417479515,1756.4426437321,50.6873422132469,255.125058131129,181.557715716802,14.627255652945,15.9257676234169,15.7584722074126,9.4649913846308,8.4495914586491,5.64439618801888,7.06680135255557,98.0661230827167,58.9222811805372,26.9835015898571,3026.48513941215,635.258737439445,48.811293050029,15.5067395148688,167.367957303363,131.860432458769,95.0395684854396,88.6372200002101,57.0563920172391,50.3080917779281,17.832391317679,40.7427887071541,29.2598626392772,31.9166418590957,28.3741415178091,25.1114925100831,26.1984854256866,64.8611231747703,39.0440381193897,984.218999967927,16.3484550594533,66.269234347755,28.1662531806093,31.4654577510703,738.430488365374,28.511382043302,28.3184445563095,8.4707679345575,40.6125234610337,35.083734719468,1776.53445090059,143.836828161005,322.773495646966,16.8468885698858,6437.88494781702,127.652943812736,64.7600209194296,78.2887389859462,253.545113127738,420.447991407342,99.9100256481525,22.9946184737804,14.8889172207451,9.12456170491511,26.8115768441365,25.5122400209527,37.1852779506568,5.46330557490598,67.0004034469312,83.9432026050998,28.7659149400756,115.956837073719,561.848539717083,175.701551482142,23.6247310918998,109.334883674619,32.6040934610365,95.083698842821,81.4116965835546,6.91645924737087,17.4461927925589,27.3831637478704,107.341955290904,0,68.3341028563332,18.3820448993527,34.8367064052075,19.9789601360422,27.6506389809829,43.0946633464107,51.514024403583
"Kayumbo Centre (OSM)",49.8380229167891,23.2635008323506,43.2909670835292,40.7707513346469,39.5824854064315,33.2431779010278,25.306340765797,23.2049635469868,22.53783024105,22.297974209688,14.2021635659641,59.2221948673305,14.1166207994017,29.5198721789354,97.4563793347681,76.2339326400489,180.146637469931,121.665424691995,137.841203318751,81.4851356492372,160.105333909328,275.476954214888,243.170010160889,272.264886321004,34.2975636986834,24.8889468874349,38.4425511484112,55.116932966247,43.8654559693751,7.63762248715585,21.8394787481751,39.3752426141658,60.4196374533385,100.83808440604,39.3715435310584,298.927179600443,29.285120444766,64.0409014956528,49.5505463090507,11.7892581342254,13.1149259297579,13.4560727716242,11.5491580992517,10.7264801596172,6.93660768842351,8.84471042901564,23.7223277478682,19.912856547356,18.5934492338798,879.029490855846,165.185504049691,60.539116574485,27.7341962618579,30.4214958631056,27.8956315448157,24.6850780894675,23.9086581979554,26.076707079374,28.3166904226749,11.488553778742,29.677255900182,77.4772985821673,23.1946834858048,24.151418970184,25.2721194448994,29.0583216086976,30.8165108350404,22.0468217377423,97.7659840901073,13.6428743089354,86.2769484006074,18.939439558309,24.0110341871713,44.9109853301873,18.73187018979,38.4448109071724,10.1788516862078,33.0699818770288,62.0477227670371,51.4773030373604,48.4288593843217,37.6656437008793,14.085611050078,72.1841569049185,45.5954309380622,44.2931018744769,34.5655564367461,67.1888603260954,40.3031895177818,46.8887883571317,16.1802602562173,11.3604139719179,10.9755437005729,55.1841600590414,16.2578307922706,23.5547078359865,6.68612877078149,31.7629077330802,36.0143203572576,44.0694493347521,43.5634426341445,452.211461205765,54.0019630110193,18.900919962361,41.9259423725806,23.8109237875848,38.9030408860994,35.3626649899553,8.74006038535847,23.1402616142017,20.0139930761829,42.4176792842391,68.4290191260412,0,13.6418499852498,21.8351911617438,40.291053020798,16.8712874162068,26.1214163115597,37.0926353886215
"Kinigi (OSM)",9.84055307972426,9.79457386454518,11.5908676267969,10.9891870021639,10.9543527520463,13.1392107899782,10.8416494738864,1636.90039461303,120.670863844901,22.4361589192969,13.9793593339103,18.0510546690463,11.2037591835327,27.8228659890141,22.3089865537164,19.0635913237994,24.1351655919683,29.241103160586,31.5760969846526,19.2058250129021,12.4433765026068,19.1500015045128,18.9379511129638,13.4609093808032,8.37960054329441,8.48414195341775,13.6381505697409,16.2066237826942,13.6872450547763,5.51721883491797,37.797279050385,18.6956148274475,16.3363369489654,20.3201762005257,9.4120539851025,96.4552190899945,41.5995831465023,23.7168587771675,12.5474600546048,64.1836945458178,58.1919486056489,56.6472850350908,8.61551402533277,7.53123072838954,5.10807859119217,6.29028135474194,10.1031279694228,9.84431201362775,36.0012002333242,253.619896098676,41.38180692801,9.49163269279362,9.21889224637619,12.0209432128281,11.4580142164406,10.7512961998918,10.5405390512315,9.30864350766196,8.9512901555882,9.97112483748262,16.2449874042364,14.1214447445757,7.57336224430836,7.23050899887486,6.95142613239766,7.37195003546637,23.942499653004,22.3564734079506,28.1799261419801,58.8365758724686,10.4819281906691,9.99920185812191,28.673664445007,14.7084895770223,7.22549061385089,13.7921504461964,7.80630521504997,164.206340625693,15.7259834120072,15.701419960564,22.8278991594694,13.572922787353,13.8721511789921,18.3579741207866,23.5927308363655,44.9340927521415,22.9700269527359,24.4261466907871,14.055916787732,20.6467140980049,210.019960733812,151.026726555517,8.36719089582617,14.2488541505904,13.6577955016895,59.4807426668725,4.95485682186322,20.5627185173027,22.5236896572063,13.9285556012882,23.5388191871145,40.7235511076705,23.9987620464887,41.2386434160669,22.8672046271716,338.919471005387,21.75545205088,22.7245833877767,6.17752259821433,10.1017653789506,415.526243787279,25.8143814726587,18.2489553105981,13.5355133716004,0,7.8664666060162,11.0458354146604,14.5499247581105,74.638132904733,16.9608744362529
"Cyunuzi (OSM)",9.32401182926988,236.18345290713,10.9859243390214,10.6643283236151,10.5995881737904,74.2561760843064,112.883641993432,12.6891608798803,10.7716865327469,13.6416884288169,7.34956060369427,17.4623667208769,32.5242878793287,16.5091582231885,26.0328008763636,27.3173189360373,26.450272985699,30.7261660540877,33.7613894382282,29.9241879052649,26.5628265839873,41.9840443027684,40.82923872097,32.4678347350974,207.630910584898,2581.05068461642,52.2346614145176,38.9599428291195,41.7121505218782,4.22985999174989,13.0196260697022,14.8731368068569,12.5083831664906,19.8714692769913,10.5249317701465,108.390592525964,12.7120192705745,21.1433147730622,27.4373281813658,7.62565467499797,9.14622326008596,9.08385509143533,6.92721514297931,5.62045884168836,3.95923835694625,4.62246941053372,41.8435851022851,60.5658951728936,9.50791211498822,221.297961396772,39.6382538943522,80.0420021197694,8.94631387368446,82.3750514228734,94.5585611728817,136.130381285405,152.651246700835,392.932244523046,641.430092528344,17.7654750074867,10.1897752992986,13.644269361145,9559.68082447678,1473.60529770485,536.391615798411,376.651294850184,17.5523504352319,13.7317422686475,37.124535558197,7.19298925518525,56.4608750748599,79.5428908558122,10.235918090588,45.68228847596,1619.96199134353,10.3972678337497,6.44320927029091,22.9979301613712,12.6008767066269,41.325724772586,20.7049439333163,57.2497874241953,7.3190935411643,30.4500403584213,19.9496670986861,38.9992612966498,16.7855834809255,21.0748628919597,53.5852630411186,16.3717409758475,8.71395381292015,6.80397548453867,6.86781116502556,16.7939285917346,21.770434438326,11.0955605953697,3.862245817452,16.3339254248751,17.2368124025279,11.0201453870815,19.3482073482764,63.6138934463385,19.5861211777032,8.84121804373712,18.9523324563447,13.9042147486314,18.0562739680368,17.037988993893,4.63558811100989,8.21689217674396,11.3092153573517,17.0203748699086,33.5179176177238,21.0346365729091,7.70153280518531,0,10.6418695644606,28.2984602409122,11.9015211820091,440.641844593085
"Rubona (OSM)",213.334643138992,11.137721190753,27332.5958616132,11378.5883375224,5192.62302836917,13.4149387312816,11.3983735572064,18.3209733048696,13.6800419715142,12.7107537385577,18.2750482260386,1461.05219114231,8.60374754955373,15.3625483738515,23.5275869696041,20.7226115776641,29.9865289753648,31.6188853508254,34.3350913936911,20.8966628176087,25.4234054736433,46.3857289384136,48.7806016255897,33.9008653642219,14.0594269626147,11.61369693112,14.4893592676591,17.4456545654562,14.5522212662863,12.6674589460722,12.5965662723403,50.0568825686644,143.94269854182,23.7557385826737,319.504094838435,104.972853726779,16.6278274281677,25.0595269984589,15.2462844379464,13.3668486635271,14.8831267364522,15.9421908982245,18.2392502741163,18.6152696550308,10.9888650591737,14.1171633370593,10.516760823414,9.81904843501828,17.9845686969305,270.159638512285,47.5253627505778,19.0029768941061,159.25599735825,12.7070047418453,12.080514392538,11.2292978374916,11.0120074060646,11.9538462215049,12.5667286540748,7.7905661413729,53.9152376391976,295.616955838313,11.1168227709563,11.4014848895655,11.7262897215651,12.7625474859688,15.9700015780574,12.6830166913864,30.4307448529815,17.7412904009923,22.3872020708585,11.9323003616989,36.4901793283568,15.7331883359104,9.69046053023737,79.6275687003674,15.8041291386037,38.5637176456173,155.245575842119,16.866172890375,21.2985061938326,14.3378006636749,18.1383811098982,19.8251727067452,20.5236175993831,30.3548372374788,17.2272064245609,25.7687397762631,14.87427136486,30.9312719456105,10.7033005679667,13.0653535294362,16.7580193883547,137.056101820848,10.156393467204,14.3594722563851,10.4840930225516,16.2549779352831,17.6937411667504,99.8005051267176,19.9333439679964,70.9418929278588,22.7009427950436,26.1314934702155,19.4842520079129,16.873847055941,18.57282435756,17.4864302367406,14.9631742492182,43.3866770790298,14.7199008352289,19.5850689267041,19.4364480287114,39.0287524669486,10.8563786375322,10.7148910317558,0,12.3373118219951,15.3544395493747,22.2388437437722
"Frontière Kagitumba (Ouganda)",3.44489164371868,6.04981511860728,4.74413801501421,4.58281549427755,4.78485925520186,6.47405919208762,6.23767283377143,7.81247275710466,5.35304271968295,5.87589329246017,4.56552995089993,8.12650565348705,6.94548271451073,6.29694357386268,5.84460765985441,5.52629738540059,13.7618127221708,18.0824966977665,20.3949676504526,5.58261030954872,5.332033251487,18.3609835291189,18.7681016183425,5.17243542423686,5.70616731727052,5.88045283935509,5.9051581187336,5.72910113712844,5.7048062589023,3.6950407359918,5.66188035661922,5.27119733694824,4.96944930396311,5.37096424983517,4.49099561440193,58.4480652583315,5.16382836333516,5.64581245424183,5.51090387483403,6.16997861674192,17.4584970928883,17.4206183523518,13.3444228324382,4.62754656424972,3.62612819615058,3.96692833243636,5.34843694989123,6.37318951413996,5.0656253731261,58.0454624185006,5.76821624669189,5.45361453967403,4.42299419355301,6.08644855667823,6.15550597385043,6.23799512420456,6.19232372634001,5.99112479289499,5.92976091861519,6.7127891684769,4.03207397932595,4.81936758642639,5.63398245056614,5.55708490662947,5.47698066521614,5.46980047031514,5.98746423034466,5.71828841860369,21.578984131253,4.52195243887412,5.32774728383139,21.6440972349025,4.82905961301841,5.8159308689837,5.54706267477304,4.77622164187889,10.6900295585261,32.8046760258458,4.88102714246753,5.76199882328579,5.70426322723715,6.00344771460511,4.58334373382437,5.62850295279238,5.7518809680448,35.3757539116305,5.90480311222106,5.52165680009348,5.97390605052942,5.27967372344875,4.9849061630686,4.68326388791187,14.5091624118534,17.6356588410339,6.5369916113659,5.20688852833015,3.59057491233441,6.00384625485761,5.87472366816158,4.78439028955064,5.83104164380708,34.694908598768,5.73087966765835,4.74030776229163,5.79597238155886,19.4468718487202,5.87392816544239,5.88480838791094,3.97275141565528,4.70592387283213,12.7536526123868,5.80941013764124,5.89232245061391,5.24007340709743,4.97935779401002,5.78614229578984,4.67550603014499,0,5.51626887950984,26.1310419202781
"Base (OSM)",14.0478815264044,16.1750039654949,15.6141624614164,15.2783372638443,15.0802034690116,22.3420113894985,18.8270130798033,173.26792133838,995.308950557067,64.3570947812223,13.0085506360111,24.3377122498197,20.3889592865622,93.4431248948845,54.820824074529,47.3722750655042,54.0810688853841,71.8864710725097,80.3086365228774,48.0904257866779,22.614902352084,34.3732083041875,33.6370393453313,25.4729657625512,13.0201438165606,12.8601184220108,26.6342747911453,35.6938344110206,26.8314527452802,5.28930977172544,274.187618121386,44.0597724224797,25.3017825444547,51.6743666227391,12.3022122106789,240.467530450277,297.011816162684,71.0242069259127,22.9509108223407,33.0127168087579,32.9965146164291,32.412383505257,8.56909973516239,7.11147242014011,4.88880583044551,5.72450142341756,17.2400196239836,16.0284066183737,116.759074570856,708.181449034788,146.803549330514,15.5127172770593,12.2426893772561,22.0007609712888,20.4504259598604,18.2639878962108,17.8037855868635,14.8994113005431,14.0865492041985,17.1143064243933,26.5490330478248,21.0225554694866,11.2939003885742,10.6110113366197,10.0554567209977,10.8551238186957,80.0454856216791,69.2840761760424,63.8005285772947,31.3127242404979,17.9116787330081,13.9583532956889,25.474692874789,30.3190338500667,10.6447059017813,20.5657479847697,7.89362536580788,91.3958981508745,24.5749281403605,33.8172421579752,67.6644840985525,25.9884947433804,12.9399498220086,43.6490065732248,71.9293514386526,92.1448814140106,73.2315456918946,77.7541677515442,27.458221133561,54.998380725474,152.774115484089,47.7737323848734,8.4150240350948,18.7428621711481,27.8066582159178,424.882809496539,4.75459355168319,55.9018145162728,70.3316661883014,20.8375151922705,69.982485682293,76.9050279942863,72.4827354631983,29.118286188176,67.4978202355231,166.621771019357,62.9353577370726,71.7191224220083,5.84555526937912,13.4187469335155,130.018678269195,80.0151395167941,41.1734269846248,24.9844104398731,71.8599417328453,11.8328229762193,15.1480973646613,21.9929525948586,0,24.4945662898053
"Frontière Rusumo (Tanzanie)",2.37378192814324,3.84123016909746,3.31642261257597,3.23908371617358,3.38737136132753,3.88549318969618,3.76605687255968,4.97003979544464,3.30031959280398,3.39141597225905,3.12834849630187,5.78015990768188,3.5646791059893,3.53312687857547,3.67001691029413,3.53096653191949,9.12566703049293,12.0287685416008,13.5565432819598,3.551073065843,3.5501757929864,13.1849128329883,13.5073832713822,3.60200634053981,3.82575650378683,3.99179653036118,3.66558344934007,3.60252996579567,3.62234830923685,2.81506992337102,3.31202482666738,3.39489652606612,3.32706064650177,3.47928954166144,3.26505821294821,38.6690264200031,3.30261942547507,3.48593686592399,3.55570725053799,4.13223483756722,12.1479490599148,12.133286149423,10.4630107975167,3.47326054281506,2.78277965596135,2.95701959722909,3.31643312503961,3.72370006734743,3.28058536209139,36.2473409412426,3.3627296552124,3.72280738665231,3.17052537969219,3.72673009393961,3.74486901409353,3.81344063005915,3.81962526304839,3.891056163346,3.91819958779425,3.40980100211001,2.64250773530485,3.33982630131364,3.9692834464546,3.93417764825064,3.89756877905046,3.88108572837661,3.40871433731902,3.32871334390686,14.2889355689739,3.07781321377645,3.67011257423693,15.2546652469652,3.2235548061488,3.63311849844101,4.0457769798879,3.22951191447616,8.54513920878928,22.835863956457,3.29939992586525,3.61415142429021,3.45347835978584,3.70299904929298,3.1454085767861,3.56984394978177,3.44920286238109,20.4599283206758,3.39444687044267,3.46036645190274,3.69298329756294,3.3920954562998,3.15979277809587,3.05286798921829,11.4907644842829,13.2699192414015,3.47104466884711,3.28084732909032,2.76510345589716,3.42184930491323,3.40138007831241,3.25138044537627,3.46015642694132,23.3715113275782,3.46811281234627,3.19453425084288,3.43386193551776,12.8036068668517,3.43158459245994,3.39730211239241,2.99374400869061,3.27321559394132,8.33132065772591,3.53609200802036,3.69856229616756,3.57976210534639,3.18437183649278,4.06177483518712,3.29848177111056,13.776277470679,3.38095465418494,0
