"Zone","Nyanza","Kabarondo (OSM)","Gikonko (OSM)","Muhororo (OSM)","Save (OSM)","Rwamagana (OSM)","Kayonza (OSM)","Musanze - Centre Nord","Nemba (OSM)","Katuna (OSM)","Karongi (OSM)","Huye (Butare) - Centre Sud","Gatsibo (OSM)","Byumba (OSM)","Kigali (OSM)","Gasabo (OSM)","Zone industrielle 17","Zone industrielle 3","Zone industrielle 4","Murindi (OSM)","Rilima (OSM)","Zone industrielle 18","Zone industrielle 19","Ramiro (OSM)","Ngoma (OSM)","Kibaya (OSM)","Gikoro (OSM)","Gahengeri (OSM)","Nzige (OSM)","Nyakabuye (OSM)","Miyove (OSM)","Musambira (OSM)","Ruhango (OSM)","Butamwa (OSM)","Gisagara (OSM)","Kigali - SEZ Masoro","Ruganda (OSM)","Nyacyonga (OSM)","Rukoli (OSM)","Rubavu - Centre Ouest","Zone industrielle 5","Zone industrielle 10","Zone industrielle 8","Rusizi - Centre Sud-Ouest","Rugaragara (OSM)","Rusizi (OSM)","Rwamagana","Rukara (OSM)","Musasa (OSM)","Kigali - Hub Central","Kigali - Marché Kimisagara","Sake (OSM)","Nyamagabe (OSM)","Nstinda (OSM)","Muhazi (OSM)","Nyamirama (OSM)","Ruramira (OSM)","Remera (OSM)","Kibungo (OSM)","Nyagatare (OSM)","Muhanga","Kigoma (OSM)","Rwabutazi (OSM)","Butezi (OSM)","Cumbati (OSM)","Gahara (OSM)","Rukomo (OSM)","Gatuna (OSM)","Zone industrielle 14","Kabaya (OSM)","Rukumberi (OSM)","Zone industrielle 16","Rugendabari (OSM)","Nyagasambu (OSM)","Nyakarambi (OSM)","Buhanda (OSM)","Frontière Bugarama (Burundi)","Frontière Rubavu/Goma (RDC)","Ruhango (OSM)_1","Karondo (OSM)","Kajevuba (OSM)","Ntunga (OSM)","Kibuye (OSM)","Masaka (OSM)","Cyamutara (OSM)","Frontière Gatuna (Ouganda)","Kadobogo (OSM)","Gatsata / Karuruma (OSM)","Kabuga Ka Musha (OSM)","Runda (OSM)","Ruhondo (OSM)","Mukamira (OSM)","Zone industrielle 13","Zone industrielle 15","Ngarama (OSM)","Rushashi (OSM)","Bugarama (OSM)","Kigoma (OSM)_1","Mugina (OSM)","Gitwe (OSM)","Carrier (OSM)","Bugesera SEZ (Agro-industrie)","Rusine (OSM)","Ngororero (OSM)","Idigiri (OSM)","Zone industrielle 1","Rwafandi (OSM)","Rusumo (OSM)","Karengera (OSM)","Kaduha (OSM)","Zone industrielle 2","Marenge (OSM)","Kabuga (OSM)","Kayumbo Centre (OSM)","Kinigi (OSM)","Cyunuzi (OSM)","Rubona (OSM)","Frontière Kagitumba (Ouganda)","Base (OSM)","Frontière Rusumo (Tanzanie)"
"Nyanza",0,0.0139499649885672,0.174442678663928,0.146206452691744,0.133154449057701,0.0183942806453882,0.01416924964765,0.022845988432567,0.017293336575415,0.0164832941654209,0.0226077072770997,0.156938167706004,0.0112392976494823,0.0207786128167495,0.0309851183476394,0.023974503282574,0.0289525272936866,0.0260947784239743,0.0263315585681947,0.0241274210449893,0.0297603895988983,0.0386997321327957,0.0403957244330654,0.03968508550806,0.0169226862606148,0.0149147599231357,0.0174904517188358,0.0204195870236996,0.0175258968697406,0.0124338762239722,0.0154313667175689,0.0608062624225716,0.282556606766931,0.0280892462599849,0.0652330348569992,0.0824415822548205,0.0195774008109237,0.0292192247183769,0.0186351241826773,0.0172260673955661,0.0102995257662376,0.0110533793390858,0.011007555721188,0.017776806137677,0.0113457249241221,0.0152158215277082,0.013511851336985,0.0129020604486457,0.0210251886012611,0.355044158829049,0.0307966708908576,0.0220344795389523,0.0669371755687837,0.0155255819222163,0.014878293626627,0.0142683785711159,0.0139824190774831,0.0149661533014708,0.0156320179251961,0.0103720696151413,0.0656685077398544,3.47111779377561,0.0139460011742898,0.0142476924372009,0.0146154328240237,0.0157346043682427,0.0189406002122274,0.0155007692438015,0.0221241276426635,0.0207256567688335,0.0255736054349582,0.00823333172767606,0.0410792747840373,0.0186499190972438,0.0123861465821733,0.106030343611478,0.0119391762920425,0.0357131336704534,0.311748584116667,0.0198202032901488,0.0244297675272221,0.0176414049566693,0.0223062139457609,0.0233246768342337,0.0237650661634477,0.0286621901451269,0.0202275579743423,0.0292304863408843,0.0182308989666888,0.0350776102753025,0.0134458107855157,0.0158974648133867,0.00938841009814584,0.0558954262230706,0.0129163350600926,0.0177187682053337,0.0109227916662608,0.019899676190496,0.0206886555481033,0.148390862795855,0.0236038787200383,0.0567470914577516,0.0267264685287258,0.0306793536904193,0.022655109378424,0.0118637548057885,0.0219598903453969,0.0204617897643516,0.0143314222553721,0.0489123685452363,0.0141276757289356,0.0242476516751791,0.0238667928655296,0.0474709765600191,0.0141866345603007,0.0135413100027916,0.141283281852883,0.011213375935648,0.0181578855109657,0.020770875314718
"Kabarondo (OSM)",0.0139283494198513,0,0.0172519907297784,0.0161981092766043,0.0160769527383778,0.201628789963555,0.401943554683842,0.0238518412793505,0.019989195803009,0.0249191893404213,0.0144746050451002,0.0273772680931967,0.0562435560086945,0.0311739443166533,0.0494307408133083,0.0468195814666827,0.035445499982237,0.0351277995188048,0.0358317265423959,0.0515407717722943,0.0335523494089474,0.0317050497916189,0.0303413090574233,0.0378433027411249,0.169203149355253,0.241336895676823,0.101035891585578,0.0691801613738546,0.064167277118423,0.00834557620476012,0.022963900543919,0.0265269532611732,0.0202670651532572,0.0347414910912504,0.0163631725396637,0.119159959729726,0.0224675048440367,0.0366424478974984,0.0428307500474516,0.0155853918557695,0.00840130964265985,0.00834492207337282,0.00654491824697506,0.0109293199397103,0.00798057834884425,0.00937248209244695,0.0805842952838572,0.12840199835049,0.0174548835114968,0.416851318415593,0.0381165622320398,0.0743402427925092,0.0142708277859233,0.204618180774743,0.267835394189889,0.723328560579216,1.11307505750665,1.27913263881602,0.54031193362487,0.0304440636502989,0.0180033871284126,0.0195374280396245,0.120751465529645,0.0944752459444994,0.0753957060342176,0.0731573435922805,0.0301528098597998,0.0240551782775496,0.0386795954886058,0.0138845633066983,0.0563191770865134,0.0428478310336912,0.018623991067623,0.0841082515432469,0.0954518248960646,0.0178135720158687,0.00757284298193558,0.0288932657303598,0.0194774321651881,0.0742566416811661,0.0352382528984199,0.117052345246531,0.014362058254167,0.0531088556410751,0.0341362085740848,0.0496087376153995,0.0289069556495209,0.0359032428758897,0.106726237175613,0.0283474106594028,0.0162625062571014,0.0132715188348473,0.0058120978574168,0.0129036264185485,0.0371150345418907,0.020296077111722,0.00782280141343731,0.028862071357852,0.0296073511619544,0.0179338858151234,0.0335941942537795,0.0645401183639678,0.0340952401024905,0.0167499684671293,0.0324802824395711,0.0129806944509956,0.0312722589942727,0.0292774518909583,0.00894632773324499,0.014472415223737,0.0149155732197432,0.030551854706605,0.0611071163141889,0.0277837192352715,0.0150136006614303,0.147370520505028,0.0163429050243377,0.0344441602320961,0.0210613301513035,0.114213381424834
"Gikonko (OSM)",0.174436478868178,0.0172488046315997,0,18.6306206150746,4.54840669919133,0.0222983430277955,0.0174754175179583,0.0279862609380027,0.0208882072482363,0.0200924725893429,0.0259563904467109,0.97250062448205,0.014251210623683,0.0247439623113062,0.0343920425684577,0.027217756288833,0.031518860694828,0.0284569992640791,0.0283584984885112,0.0273514063383903,0.0325083875565391,0.0383339762213948,0.0394585083742198,0.0405521392099488,0.0203590100059774,0.0183645558368266,0.0209612156583586,0.0238377330791857,0.0209914564735677,0.0188698175152636,0.0188175485050356,0.0550279523860309,0.124954016186076,0.0311016160722332,0.243732265231411,0.0900688451931084,0.0230182920748523,0.0320111563468228,0.0221848742164762,0.0216354808934316,0.0127724776440495,0.013596803135889,0.0167764994437796,0.0272154441865984,0.0171231240443709,0.0231883200327561,0.0166260722863674,0.0161659619862371,0.0244426490263037,0.382974434918039,0.0319544240841271,0.0253807446941835,0.129139831773309,0.0189126787264404,0.0182311681046021,0.0176300870437926,0.0173122394593212,0.0183636146279763,0.0190703692930618,0.0132634662973588,0.0524681022718871,0.220445486692858,0.017247617433322,0.017572602612305,0.0179706582469396,0.0191591123767978,0.0223993839419752,0.018886683631591,0.0245324040748747,0.0241331355708047,0.02863419353013,0.0104493161117947,0.041169999700102,0.022101640910011,0.0155334553033748,0.0746069306777875,0.0180497808549965,0.0441876728946482,0.126505414597027,0.0232551396880361,0.0276011664314944,0.0211745536732005,0.0256447445133401,0.0266820569830926,0.0270250283385905,0.0356693262642811,0.023658659953187,0.0318415619093316,0.0217762865221079,0.0366845291441607,0.0166948960727021,0.0193012328222561,0.0142348285975716,0.0981730053988261,0.0161242461305284,0.0212638591209534,0.016456677140776,0.023480442973425,0.0241000348393909,0.0889998748235384,0.0269776208676482,0.0608694453598768,0.029849547049131,0.0333217155545852,0.0259896088259115,0.0144848965108678,0.0253900543357791,0.0238785485009105,0.0218998185380123,0.0487192409012254,0.0173039574350343,0.027814495877252,0.0274084448515631,0.0466476011676869,0.017601237447651,0.0168173138279475,7.34912119990376,0.0145000562433354,0.0216028609945694,0.0260958251434157
"Muhororo (OSM)",0.141681119269739,0.0161984325427316,18.5456546124703,0,14.0651271011363,0.0198357498506176,0.0164303584776094,0.0259910708121633,0.0191834810363779,0.018370469345371,0.0236585345867023,1.11668255723187,0.0134769294294461,0.0219240173877902,0.0300804730296544,0.0251917327554845,0.0271600850434657,0.0243465161936406,0.0241039127457535,0.0253234570674995,0.0296333888494464,0.0322214284503871,0.0330661109011451,0.0366194550246749,0.0190557910381697,0.0169920815900664,0.0195471571766584,0.0222056778803785,0.019587740394096,0.0181045987151489,0.0176447573336527,0.0489922950858001,0.107690489631593,0.0283284226089536,0.2470463278186,0.07719043296175,0.0214637798118562,0.0292437335849143,0.0204977259592244,0.0203650582124087,0.0112022525890772,0.0118944273206837,0.0149932834799526,0.0256943396854274,0.0163980662471401,0.0210947644517669,0.015372232432523,0.0150415534220665,0.0226810048720622,0.333501923300832,0.0289816254040706,0.0235973281556444,0.127906374382365,0.0177406935913217,0.017119211728361,0.0164389269814353,0.0161770222143069,0.0171362737448376,0.0177671028593125,0.0125678592183268,0.0472084191955652,0.185465553466982,0.0161887330999564,0.0164829818108115,0.0168319784420257,0.0178947839581153,0.0208855292429159,0.0177170256762673,0.0209228580261224,0.0224723533309499,0.0265215124770127,0.00923996288601963,0.0376780217877901,0.0206359285483624,0.0146539382098342,0.0667845894989567,0.016227461136393,0.038913149100454,0.110589773452625,0.0216793841533773,0.0255944643539691,0.0196031741197575,0.0234254692617881,0.024594213892553,0.0250189162495948,0.0314705116563889,0.0220296598530709,0.0293683041170664,0.0201349732774132,0.0336072242556918,0.0157172256257039,0.0180936942578631,0.0127045394653303,0.0780745225674485,0.0151743406687189,0.0196596786472627,0.0158038090798314,0.0215780481193436,0.0224373751336916,0.0790789724827587,0.0247936128369826,0.0520683742258419,0.0272961122283492,0.0303045187776315,0.024097135723412,0.0126485130998743,0.0234530736196425,0.0222425312978485,0.0206830819334904,0.0451143006101919,0.0152888856818361,0.025096700896086,0.0248289542259195,0.0414075303351894,0.0162430016775497,0.0157622421869964,3.1731385699074,0.0128920422864995,0.0201694243869267,0.0230514448639873
"Save (OSM)",0.13000899656066,0.0160446317967153,4.46210391044965,14.1262297686783,0,0.0198164530954219,0.0162676467347444,0.0257837891913113,0.0190450780846613,0.0182657708912261,0.0234464161234617,1.50912370873042,0.0133584942328912,0.0218891694800279,0.0299475239743929,0.0248546688822931,0.0273192578409016,0.0246639476231111,0.0245084341315271,0.0249804011695148,0.0292357042754737,0.0326095319204618,0.0334803163670569,0.036017907833093,0.0188458799650226,0.0168711446779222,0.0193391489064129,0.0219291692122702,0.0193761677479364,0.0184063092796199,0.0174630678582685,0.0479213334761416,0.102235522295445,0.0279805924584635,0.287711327065654,0.0780321830368103,0.0212042639114523,0.0288457614504974,0.0203037886555709,0.0201880139035853,0.0114435368887164,0.0121506228291697,0.0157017659582084,0.0262689848911423,0.0166487042634694,0.021684801189385,0.0152640993140004,0.0149395693640748,0.0224103910627517,0.331609140638246,0.0285090336492972,0.0232879007596676,0.140227417410351,0.0175553611434171,0.0169449634851399,0.0163031973860645,0.0160397624169991,0.0169830529128196,0.0176055139546119,0.0124612311858801,0.0457290432202014,0.169640515566856,0.0160368480422418,0.016326780071538,0.0166728476764722,0.0177212008887247,0.020642482136407,0.0175321183003765,0.0213338604417949,0.0221897028854702,0.0261359162724213,0.00943706983485203,0.0369153884973208,0.0203939772850436,0.014518956285353,0.0644268911884314,0.0167293868707724,0.039120336963999,0.104358191476739,0.0214147653847398,0.0252340423706206,0.0194228957023302,0.0232091270693005,0.0242977660005872,0.0246862664532455,0.0316373594612037,0.0217602137007382,0.0289047244452005,0.0199469254634536,0.0330202168856768,0.0155660487723593,0.0179020810256854,0.0133268341346391,0.0813678602224254,0.0150357861343043,0.019483424806635,0.0160289920371032,0.0213806067916224,0.0221566267494816,0.075802761119451,0.024506541422903,0.0525434811456135,0.0269583019570813,0.0298982678761839,0.023785852158967,0.0129139102534949,0.0231800710077809,0.021965178554145,0.0211361864424211,0.0470642763200894,0.0154298315951365,0.0249013063148188,0.0246188462456733,0.0407528715238538,0.0161456743017368,0.0156247628767938,1.69825144765197,0.0130070195331666,0.0199423003272885,0.0231920278754261
"Rwamagana (OSM)",0.0184474622727105,0.213330944756767,0.0223214647473708,0.0198757289354667,0.0198780491482432,0,0.552788241317326,0.0319125929360732,0.0286027242240294,0.0341406231301076,0.0191954783722563,0.0334950495325925,0.0668649114967082,0.0465876112206686,0.106826634049669,0.0938254369730146,0.0711328143358971,0.0746931447922798,0.0798468295427341,0.110273124970092,0.0568486917641751,0.0411492206051471,0.0394000666178154,0.0435044948342869,0.0815027678290461,0.0981769195969816,0.492062141646436,0.191993521005702,0.16501843355824,0.00978495613471145,0.0312217641921547,0.0412000830074147,0.0288238564485521,0.0599632433648276,0.0195085698963218,0.259090257102833,0.0323247898789742,0.0645426852603936,0.0820116755792278,0.0191947500063259,0.0118017401562726,0.0117078659032204,0.00863133731494305,0.0132443239196182,0.00934042649369918,0.0120118211949637,0.309608725562471,0.165827897929261,0.0235727979538183,0.818025949634767,0.0724055606525084,0.0693402880306185,0.0172019841264417,14.6133385350877,1.47230436655712,0.447341681245745,0.371249837275614,0.153609578156384,0.126009561371907,0.0350392776715423,0.0259122030914305,0.0249109477409515,0.0670775466798224,0.0583262079614729,0.0508580530126611,0.0500182774688104,0.0413229556201207,0.0314067055672113,0.0917659064822849,0.0177343354943142,0.0544920922111597,0.0373034775135453,0.0254241849493471,0.298693284487276,0.0582589607029072,0.0240472487491723,0.0100598693478252,0.0406841381652892,0.0269027878977545,0.223420567474449,0.0601654354145812,0.797076170652418,0.0189675815373952,0.116663857579176,0.0576003937078679,0.0630299149036741,0.0453836568873553,0.0619126165512247,0.576308045701583,0.0443035355721898,0.0214842088226877,0.0168029553991503,0.00765778681844852,0.0172818169844109,0.0432869320333763,0.0288363491610422,0.0091000033396622,0.0442198688125064,0.0468925202051142,0.0242511427492447,0.0568145579130121,0.129790236636496,0.0581645081550781,0.0227201939750165,0.0535861615164525,0.0199594236030947,0.051077819623103,0.0461509962305995,0.0108190646955921,0.0190489905969059,0.0221212899476471,0.0508176794976887,0.151931514477585,0.0406970606426812,0.0200842175169453,0.0750371310422896,0.0203802105856263,0.0442035128363415,0.0297871498006697,0.0907531372177563
"Kayonza (OSM)",0.0141419903516808,0.401067978612502,0.0174748485872949,0.0164303584776094,0.0163001402347438,0.514754606500939,0,0.0257239407663238,0.0219447839403775,0.0287685068878497,0.0154709306335921,0.0277343008168954,0.0801651758827695,0.0369242965159717,0.0613469915485251,0.0590486144106048,0.0424670790468789,0.0427149144189135,0.0441501241944349,0.066580625914537,0.0394442710602647,0.0262553372299924,0.0252331862709447,0.0316029149615638,0.0921038401342405,0.114677960311763,0.16771087107002,0.0978278905193653,0.0883043591084389,0.00866172578978972,0.0264186075781406,0.0300884953927294,0.0223153464654941,0.0410418604264505,0.0158390762722085,0.146640104733535,0.0250903374271465,0.0437660549934838,0.0527178470256555,0.0164298658964308,0.00886698074334267,0.00880434798735224,0.00679130272403102,0.0113659977101632,0.00826629881862504,0.00971681220413874,0.124215528050236,0.294646516668428,0.0189976680080256,0.499962777553908,0.0475636643818079,0.0528161913085682,0.014448230114329,0.614046623821475,1.66616852017094,2.69255016238169,1.32243740957337,0.224821166564704,0.167157256945046,0.0367364272596572,0.0201092083130657,0.0198720660446245,0.0744274167480284,0.0629031169654658,0.0534520965314424,0.0522910026675204,0.0363018614179739,0.0278713586050636,0.0486288744771458,0.0148468211821,0.0427402339504599,0.032764896213249,0.0203978998874195,0.128365171128581,0.0632767793618208,0.0194304312592544,0.00783672717836428,0.030550404479692,0.0214249741314552,0.107756233760794,0.04197547294003,0.209036056375809,0.0153483196036105,0.0689153890454073,0.0403989953281643,0.0569486380244573,0.0333428258988741,0.042896928895725,0.180619219520844,0.0325820769231735,0.017599905836167,0.0141473323648758,0.00602145704605278,0.0124037048716822,0.0466988743670275,0.0223556620484227,0.00809883925117913,0.0342702554151374,0.0342767792358221,0.0195734509734296,0.0395317333476007,0.0773039429962452,0.0401936590311044,0.0181244929414018,0.0381254441666375,0.0140826450503635,0.0364232986530275,0.0338411843788061,0.0092989765768204,0.0154888728928468,0.0161050523354495,0.0351999733697846,0.0815271460971905,0.0293967318177711,0.0160890280763608,0.084795846255488,0.0165670693476524,0.0404858546241388,0.023359152557761,0.0847113808007813
"Musanze - Centre Nord",0.0227742824819949,0.0237966757392808,0.02792679074535,0.0259438371670105,0.0257824248457761,0.0317932197397154,0.0256755378807994,0,0.230463918536871,0.0474750787111298,0.0307966339406117,0.0437167892989194,0.0263329896906598,0.0594455090123344,0.0492123882828979,0.0401307032161992,0.0396842835879248,0.0409178500643844,0.0408375581725695,0.0403441689629378,0.0289693092885254,0.0261125833051015,0.0253284086156502,0.0308738272448283,0.0210959047808707,0.0216398252307815,0.0307877504823944,0.0351333147374847,0.0308466436837696,0.0151052760869548,0.0709697582206292,0.040279400962988,0.0359659214476604,0.0429914564794011,0.0233755285190207,0.129378854017529,0.0771505479364561,0.0485256346199277,0.0291283880338129,0.107171903402193,0.0665961074788636,0.0648713378756785,0.0124711306715072,0.0201667396154902,0.0143125781497706,0.017387088373705,0.0241937753375936,0.0242151809689264,0.0680301487199032,0.548881128004311,0.0472696573283576,0.023190427755032,0.0226810805325079,0.0278043406097201,0.0267937454379834,0.0257669637909739,0.0253261987288646,0.0230088897325717,0.0223425252345205,0.024079650661543,0.0336704259591633,0.031742339701155,0.0195867767700968,0.0189169065042836,0.0183794101550707,0.0192277428573325,0.0482223579030738,0.0455143958611125,0.035294476617559,0.0951920476496121,0.0250188136714602,0.0132579951875015,0.0559485770083311,0.0325436654174506,0.0188652910027348,0.0309428330340742,0.0141396636874074,0.240883000050079,0.0343058948255346,0.0342635263890996,0.0462986633135342,0.0309592211796819,0.0304940895970797,0.0391996852663719,0.0477400556515867,0.0763032314468873,0.0465823955985786,0.0490093367454798,0.031839532287995,0.0428347684982836,0.437726613452504,0.22061704383774,0.011028729229692,0.0184102508619644,0.0307655704289657,0.109436430362764,0.0139726527424603,0.0434472934807341,0.045808933957835,0.0311832594379108,0.0482035144697726,0.0567357673867134,0.0491088338545265,0.0784013389956885,0.0465084822263293,0.75475772620609,0.044958832458249,0.0461268885259641,0.016462395410975,0.0245103742110982,1.35175027609877,0.0533714623719297,0.0398351845591588,0.0313578172159052,0.775854964286809,0.0201291460221932,0.0262519497965804,0.0248312451971369,0.132728482030887,0.0305531253042493
"Nemba (OSM)",0.0172722119881671,0.020011579358786,0.0208753478930849,0.019200554501662,0.0190883104040401,0.0284403306817709,0.0219926323248945,0.232292579901346,0,0.0496987384896446,0.0181087034340579,0.0321924192711311,0.0227003336773916,0.06810062856962,0.051317639845716,0.0396465308788394,0.0402091559943598,0.0435156785455318,0.0442956641054926,0.0399548424253954,0.0255489410718178,0.0239261981926076,0.0230894466993737,0.0277154009586216,0.0172895857328081,0.0178039032500494,0.027700415970493,0.0330371487796957,0.0277753575028556,0.00945813195230759,0.0986116228180102,0.0395550028912973,0.0275375920515564,0.0434098219587659,0.0171852275688254,0.137347475406304,0.115712980985025,0.0519684113971447,0.0257338051468136,0.047302551581628,0.029098823138134,0.0285708852568196,0.0077912847887436,0.0125960934940972,0.00900622825530254,0.0109958365877008,0.0208985273510731,0.0204099499025643,0.0910839675947931,0.602746085618917,0.0547820169768725,0.0193923709876923,0.0166025350753851,0.0243150595718306,0.0232011811829106,0.0220565484137864,0.0215948686292568,0.0191926110862883,0.0185185174697313,0.0203094067284036,0.0252517367837813,0.0239611763475732,0.0158213923141933,0.0151834727877692,0.0146769237470771,0.0154774867815471,0.051860960685848,0.0476076255931886,0.0363017031769434,0.0425685978795003,0.0212940779947386,0.0106282268587956,0.0312915106897354,0.0298205189072874,0.0151356635799953,0.0232830577265516,0.0089932152876621,0.103504010301211,0.0260995444171659,0.031939613838546,0.0488287452063821,0.0278396399092524,0.0179324236483468,0.0382646681012228,0.0510264994444644,0.0724101398080234,0.0492500751019374,0.053158322449486,0.0288714775148427,0.0434927567915753,0.206392856225803,0.0617770442540997,0.00689918740716396,0.0136267637054447,0.027686466075293,0.246544212029587,0.00879899539623446,0.0440532967203292,0.0480558571678099,0.0234826117142195,0.0514637389782505,0.052932026279715,0.0528498884813753,0.0416257395691701,0.0490828906812937,0.190692909158591,0.0465360975057246,0.0485597226689762,0.0102928889489902,0.0180917919037283,0.170183554905986,0.0591699915049138,0.0388020462223232,0.0281932268909047,0.0978073343776823,0.0163463520209053,0.0194736959771413,0.0205657738236246,0.475328726304515,0.0249516238354826
"Katuna (OSM)",0.0164805349796913,0.0250234845588818,0.0200912820053643,0.018383129890202,0.0183056899354986,0.033926310240691,0.0289531967765044,0.0477297615738298,0.0498531274738516,0,0.0174960661410344,0.0309627846113489,0.037488648091189,0.185600630326317,0.0565616898296392,0.0436133211366275,0.0406290547407557,0.0439318316662568,0.044711775003569,0.0439774196847933,0.0273474894676087,0.0242982246619205,0.0234550460750729,0.0278122833444327,0.0198365637463914,0.0216609518388055,0.034562767350855,0.0378345488558275,0.030308828950188,0.00928229603456759,0.136785472630976,0.0363331762952958,0.0259547558266833,0.0419007854487704,0.0166078567062645,0.165182726986067,0.0386366500979175,0.0685370154604373,0.0275532286216221,0.0245138298500542,0.014581225787972,0.0144334721618367,0.00772272007647934,0.0123749672665504,0.00885461048722194,0.0108908112022381,0.0243177741207571,0.0308963080828496,0.0311575535914387,0.605462752039962,0.0540832068487359,0.0194440506335977,0.0160008025403598,0.0285255966245039,0.0271692747367235,0.0282713396770576,0.0274401555862582,0.023753354202239,0.0227472197284553,0.0382948500947403,0.0234523094465993,0.0227157587973271,0.0188806702706062,0.0179915174519432,0.0171144138212503,0.0170228953112956,0.224729904755194,16.8643880586347,0.0439317957132113,0.0196231256009783,0.0213384589723715,0.0126749900669584,0.0232713927678359,0.0348543210409835,0.0179306197071254,0.0220648369695997,0.00895415236181264,0.050598428032905,0.0245624976880969,0.0364322093240033,0.0876728956388947,0.0333202974208338,0.0173219127490511,0.0419943922791473,0.095829844806846,0.258142304929758,0.159238468262548,0.0588823819083787,0.0344254397688946,0.0393492860349986,0.0332381797111192,0.0231546335622008,0.00684695379357975,0.0132722287401339,0.0544596166044446,0.0429376726116938,0.00865020523518018,0.122167052035398,0.144030697477912,0.0222431733210664,0.105807561839086,0.0536949202312014,0.0807908710840197,0.0206694690315506,0.108572905868875,0.0300230419428418,0.12663141661442,0.150068722777731,0.0101152988138815,0.0174447613744091,0.032455468070132,0.0645530699310777,0.0426806200997341,0.0283718082486322,0.0284653757415377,0.0196207428588233,0.0186872563355405,0.0295003078361156,0.0608492271092576,0.0299243737224946
"Karongi (OSM)",0.0225607151618261,0.0144533348329181,0.0259234384750799,0.0237314872455438,0.0235336412160564,0.0192025968687454,0.0154559863406295,0.0308701161076147,0.0181114220221724,0.0174983482350617,0,0.0391255743731254,0.0128541329318637,0.0210526719286058,0.0279865126824908,0.0228000556949482,0.022785616998942,0.022752872163015,0.0224677365243971,0.0228951650654991,0.0173052114489051,0.0160733546677391,0.0161883138369295,0.0186245972986793,0.012954715851132,0.0133534849956021,0.0181674968583474,0.0203317122145867,0.0181905839233949,0.0254539753024834,0.0165117542752966,0.040711183754097,0.0368411083262474,0.025571321082835,0.0206393886026872,0.0720865565692313,0.0197216608377206,0.0261894012625658,0.0173809785051974,0.0458670418526433,0.0291489115319829,0.0340136178642057,0.0226310404520734,0.0385779400215848,0.0223232255878265,0.0315361318471959,0.0146123569166971,0.014400279474483,0.0220082534364609,0.30643862547655,0.0251817482815074,0.0142995301326343,0.026064574643098,0.0165862410411982,0.0160524816603943,0.0155736185035117,0.015322311389559,0.0140550970794258,0.0136903602076763,0.0120377169894239,0.0384553713724813,0.0311921017340332,0.0121205327608171,0.0117413468653129,0.01156251891906,0.0120611202604886,0.0192577890692748,0.0165659541311744,0.0197714632109014,0.027084047025144,0.0153192344656254,0.00825038790040099,0.0397261234827001,0.0190331294385923,0.0117001108294766,0.0452586584745636,0.0232421246537068,0.0982959359995322,0.0346731163284915,0.0198984825242304,0.0230708386176769,0.0183309471480257,115.363953924337,0.022421471089296,0.0226615728061974,0.031124220654455,0.0201992320977206,0.0260435522372751,0.0187893762407941,0.0293095111177877,0.0177046429540511,0.0261976838542306,0.0186024112687576,0.01658488131919,0.0143759212530365,0.0193469164410186,0.0212584412597655,0.0200751418296383,0.0205261085400557,0.0408133710726447,0.0226389413428459,0.0335154012268182,0.0246882633320679,0.0388300406353847,0.0219127689864574,0.0157382021970497,0.0214809555365107,0.0203619684201343,0.0306756878649736,0.0432603111294075,0.0188182118550777,0.0232658327611362,0.0229674286949096,0.0201636200733377,0.0199158902344605,0.0124359612167327,0.02404523373351,0.0130139047360082,0.0186471223451298,0.0192437943843315
"Huye (Butare) - Centre Sud",0.153480788274482,0.027374667023432,0.941902329814365,1.12238805702382,1.50361363966016,0.0334931617519876,0.0277303795881807,0.0438120039635328,0.0321897922248161,0.0309691493263362,0.0390583673789956,0,0.023014899378414,0.0367569401951814,0.0490922539855896,0.0411414564364123,0.0440673623126163,0.0395563590539294,0.0390005187247038,0.0413303521634214,0.0477698763000173,0.0506331128623303,0.0517240215685352,0.0576641715888453,0.0318325081256666,0.028723641345426,0.0326164558145391,0.0366482331021751,0.0326729879967778,0.035122590198994,0.0296421602155684,0.0742150483239251,0.139081967803943,0.0459129847393513,0.795518145014887,0.125391372054676,0.0355247871850277,0.0471803767093256,0.0341507423087065,0.0346491250237219,0.0191410074370642,0.0202570590708069,0.0295046031463636,0.0504944256237202,0.0316031246822591,0.0414154110267388,0.0259804817355723,0.0256064636354842,0.0373887452380245,0.538645948059987,0.0455709815655561,0.0387405770324992,0.367212883526937,0.0297880105411268,0.0288149390658286,0.0278008618859479,0.0273746848419556,0.0288869085070404,0.0298810296467984,0.0215411361965619,0.0688168157131554,0.202719717817114,0.0273630025011245,0.0278289036882745,0.0283850083806755,0.0300597097507947,0.0346529494696229,0.0297510278192144,0.0342240485365756,0.0370508220536235,0.0430695041760748,0.0159384101530608,0.0588102544851851,0.034262395237839,0.0249072599892803,0.0951486895068471,0.0316195917754306,0.0662949237722792,0.140557217053604,0.0358513990088464,0.0417068433796169,0.032765968552783,0.0386817962718474,0.0403136664342281,0.0408854495534814,0.0537490254416702,0.0363889152426257,0.0472118064766896,0.0335908227038781,0.0532564644322209,0.0266017563673206,0.0303390872333702,0.0248485181411169,0.125583055136168,0.0257470094670716,0.0328643841275373,0.0303839162337042,0.0358430195927989,0.0370005187408014,0.108856552555622,0.0406432583947067,0.0839974228955294,0.0443651466395192,0.0487611655360516,0.0395109010306404,0.0214751031745332,0.0385996001165989,0.0367039159241819,0.0405491673328834,0.0966841976086062,0.0259556429778076,0.0413119635197456,0.0408662071103967,0.0644763233470283,0.0275614752895185,0.0266977647981815,0.693759367675974,0.0224006674503604,0.0335438316876279,0.0395375054584677
"Gatsibo (OSM)",0.0112516328340572,0.0561858434544818,0.0142877374357911,0.0134769294294461,0.0133934588368278,0.0647008517321581,0.0801651758827695,0.0263784904845549,0.0226440606568572,0.0371253631772357,0.0128876938068201,0.0230255911820036,0,0.0504836343535877,0.0310450052200671,0.0290156408016268,0.0234370897239338,0.0225632779668602,0.0224635082775497,0.0308330851507643,0.0232658319564596,0.0164318880921083,0.0159234445315701,0.0202414721617627,0.0357248601890959,0.0398634384809825,0.0449961004920449,0.036704925418189,0.0352127895068023,0.00776607493262867,0.0337530549612886,0.0217362359601313,0.0173001640952135,0.0238736845907597,0.0124050612997888,0.0769433808113663,0.0208865827652762,0.031561195339508,0.0275120124918945,0.0167173009148986,0.00903661776676503,0.00897171760394428,0.00603131326009978,0.0101134209985694,0.00744992987636317,0.00867211742752186,0.0385826953891045,0.0875491084501716,0.0173731446167822,0.298495921994098,0.0254487784231784,0.0272541918098512,0.0121114108337517,0.0606077299915462,0.0683644147453092,0.0719531961454218,0.0675758652412823,0.0493176533112321,0.0451285749036596,0.0983657689253551,0.0150969660736283,0.0157473785626417,0.0325204718274993,0.0299432888543332,0.0275082271152097,0.0272033133826089,0.0511593298235389,0.03613075200405,0.0234481958269315,0.0129327296988749,0.0241790253727913,0.0185969976923259,0.0160485177350423,0.0408534583586723,0.029966029393703,0.0154401326228762,0.00699991052471977,0.0311540553183184,0.0166819677654545,0.0381907296865691,0.0355421342779715,0.0486701789434979,0.0127940406638162,0.0315283945713409,0.0370829133756415,0.093774498438803,0.0455825421710483,0.0290126386682499,0.0465866636429628,0.0228815053823841,0.0180650735088568,0.0144475617802351,0.0053685345548768,0.00937667663570333,0.134077595499907,0.020891806586693,0.00731168422531463,0.0468966481922192,0.0438996538659585,0.0155309536356536,0.0389332288796714,0.0425289259299173,0.0343423119525791,0.014657734984533,0.0391910790295179,0.0144865644503849,0.0419307409471362,0.0445750173028333,0.00828617195615209,0.0128714479723159,0.016537353623558,0.0306998413068899,0.0347604883233479,0.0194113136403542,0.0164658810236023,0.0345944346507942,0.0135989341843944,0.0866280092333864,0.0247074610439674,0.0455449286347488
"Byumba (OSM)",0.0208671632232098,0.0315827781442108,0.0247981842044432,0.022024012256058,0.0220044461288918,0.0465876112206686,0.0376011982965759,0.0603716011315448,0.0694143788095091,0.190454398184907,0.0210734118022092,0.036837656967571,0.0518360026617586,0,0.089532486926919,0.0631118977222979,0.0614220314670408,0.0703154348953421,0.073377346388179,0.063798164096644,0.0353170207673962,0.0337460016757235,0.0324589486567293,0.0360676386729208,0.0240334629241373,0.0268679184276595,0.0468612550845312,0.0524743762277518,0.0398197352072517,0.0102974137473232,0.294100891564323,0.0501286760174339,0.0331913319070299,0.0600741123866282,0.0197870074914152,0.277964792640822,0.0576005942707679,0.11828544876406,0.0356214067721011,0.0283671621870279,0.0181773189084339,0.0179721906053799,0.00913333785260083,0.0139973582895574,0.00980340546064083,0.0126796391747378,0.0314021368700591,0.0409680965521962,0.0390655899746963,0.982172647534962,0.0865037235172621,0.0234915907945713,0.0188055779587274,0.0369427764775192,0.034818052035413,0.0366906032722125,0.0353641675570263,0.0297749313339823,0.0283056733153397,0.0418490056171999,0.0305519505727964,0.0282428981000128,0.0227365867861783,0.0215155295266968,0.0203351610660928,0.020224298978359,1.64738362072917,0.18539422820976,0.0723091983510947,0.0229618703660273,0.0261652464486015,0.0160043658308861,0.028964195595486,0.0473005408819413,0.0213993154600895,0.0272086123663749,0.0105949124076599,0.0627097891611194,0.0308741492721953,0.0500155696516916,0.174685949203066,0.0449059872721701,0.020814003689385,0.0601435068197918,0.20257338021294,0.168432560364869,0.571857215219008,0.0950482364321019,0.0467713291003164,0.0552289379057867,0.0420532660923557,0.0276725716622577,0.00808565228725908,0.0168645020377151,0.0798439709818647,0.0575462717763081,0.00954212381569831,0.309550734767935,0.451373974065336,0.0274668355112857,0.239067074078884,0.0752225485772849,0.15193213491207,0.0254141837696034,0.253110598395885,0.0415224124827969,0.337949144326377,0.496555121799198,0.0114253358232395,0.020941661913485,0.0436753121649804,0.108027558550716,0.0616944683166072,0.0371532087802877,0.0355176947036644,0.0238072895398163,0.0225769095131123,0.0386690312171679,0.089083213410834,0.0377232397897403
"Kigali (OSM)",0.0312581816153606,0.0506696791815816,0.0345953361215587,0.0304666084087694,0.0303138825437097,0.10682663404967,0.0633118138462113,0.0498010875794467,0.0520827557913457,0.0572773451252754,0.0281342823334379,0.0495363122704882,0.0314696331063656,0.089532486926919,0,1.00465959225467,0.444788892603494,0.85111012365359,1.64846513331542,1.12203965497779,0.0911233433912334,0.0897403259723428,0.083643330097134,0.0923969180835579,0.0374808837499695,0.0391220092173391,0.121306064775323,0.257839324392865,0.1228439422864,0.0119193529272914,0.052483681770979,0.106763246757433,0.0537028594078299,0.303381458639427,0.0283810640349855,2.90998551994932,0.0688073333759555,0.410733557662347,0.0933056921328584,0.0254275193081939,0.0161168248592038,0.0159516945710144,0.0107349604575557,0.0164182029573429,0.0112530641347923,0.0148099120071961,0.0627602936703281,0.0482036004007559,0.039415976317822,6.83603183404675,0.797282435872473,0.0422162401187939,0.0247448477704311,0.0822948158809837,0.0724975915985109,0.0625833299100043,0.0597247389558844,0.0459898968525963,0.0426853294004064,0.0254251970197917,0.0552762581556151,0.0427773821674874,0.0316495746151096,0.0293873477017795,0.0272540058452397,0.0281806146461344,0.0845742415779055,0.0530421936916774,1.25728994659186,0.0258311287016247,0.0509977408279818,0.0212560524218998,0.0447887041592645,0.161673108893511,0.0292529547345568,0.0408848235150307,0.012271403360581,0.0555751002838108,0.0492749729604465,0.217898054930202,0.191598986950845,0.119180611944634,0.0277449075420356,0.622677120216394,0.169272561005246,0.0852284877747372,0.101304367457758,0.390699015504059,0.134623058737262,0.136682512741732,0.0342511706128258,0.0239458467904445,0.00943718845830421,0.0263284709526971,0.0369876234104518,0.0538820014034763,0.0109216476788558,0.0916468293015181,0.108362816394392,0.0414443185487555,0.157070452037671,0.225469958184387,0.25411260047687,0.0364328733422137,0.14308023001416,0.0332654757795592,0.125939196998631,0.105025495094897,0.0133682188356766,0.0281061715540017,0.0355781656060549,0.154669481882152,0.516224979541732,0.0937070385693903,0.0300098196847222,0.0336200305657628,0.0311842697648953,0.0283015763963066,0.0590663038925056,0.0504672124301259
"Gasabo (OSM)",0.0237779491007845,0.0468353611855689,0.027072266174869,0.0252036870492924,0.0248800266398362,0.090244843823237,0.0591361300866558,0.0401127428399913,0.0393727965795117,0.0431564820061694,0.022747268256462,0.0411322863317176,0.0290342520648049,0.0612684585259911,0.936875265029418,0,0.202477905321631,0.292684325274339,0.408766811083359,2.13343528171471,0.0841290986138297,0.0563244798594291,0.0528952983596114,0.0662008534707842,0.0346091378511867,0.0349884079338931,0.116985907267316,0.277961868756868,0.118838923282679,0.0106417980027629,0.0415976207504702,0.072945603411962,0.0408732496383846,0.169095439674929,0.02331961951428,1.43040338796782,0.0516613610788588,0.217695873970952,0.0864455806022131,0.0219266212517065,0.0122055384414265,0.0120923856853763,0.00853158806562939,0.0142125732928591,0.0100448532622891,0.01209690618938,0.0566153268563321,0.0433388135781443,0.0315771687247179,2.82058894016142,0.37692843527386,0.0385190131896664,0.0208736673719826,0.0778050764471324,0.0680934127589504,0.0572564564802557,0.0547802124136278,0.0419850083750833,0.0388893704619063,0.0216121403631247,0.0414820288548797,0.0338392085625464,0.029069822914858,0.0269879557711638,0.024995211638277,0.0257930383005039,0.06313617381773,0.0420307675853846,1.38038620610335,0.0217054256676241,0.0465801518967276,0.0171506986328828,0.0355547096746467,0.162093865412898,0.0269894841097877,0.0327957545539659,0.00972199009711596,0.0424999748155474,0.0386728139245578,0.227983473240673,0.124603602846467,0.112464217769221,0.0225245855464761,0.837042479106634,0.11245346708115,0.063295890683971,0.0737143802495369,0.212682373917796,0.128247112642525,0.0908990611611046,0.028002536017904,0.0202576261877145,0.00749789484910005,0.019114547013906,0.0303413771387828,0.0410541349973667,0.00980339728479877,0.0661576150289439,0.0780937718053675,0.033192207678137,0.104620094716714,0.187153143441003,0.152625329348885,0.0289829145773518,0.09813310746534,0.0233592667254504,0.0876616259344401,0.0760864026850871,0.0115901592034226,0.0229172752766602,0.0258237130258186,0.100509960468439,0.601167059881297,0.0657998724719833,0.0240890150524345,0.030738151483164,0.0253660061723821,0.0233080087761056,0.0452258038524823,0.0416629605963273
"Zone industrielle 17",0.0283740326830029,0.0348125676129377,0.0304255047802989,0.0261716012809572,0.0263265761131637,0.0706938983086049,0.0423126604528217,0.0381026165589654,0.0394847347414783,0.0398084204533668,0.0216140243599579,0.0420985276167758,0.0223372603943861,0.0606772878593,0.473453741394102,0.22313925597734,0,0.768364189352054,1.11912436628525,0.25645688450099,0.0940906521601409,0.202563305961083,0.186552769071232,0.130865162160528,0.0297390600767872,0.0278532668253362,0.0725374671177053,0.122509507280019,0.0731516758101726,0.00883538839536801,0.0357678584803255,0.0785617902512364,0.0409982353211622,0.331368841583477,0.0271110503472261,1.01908365130462,0.0504621276573172,0.164540464053285,0.0596288006455932,0.0189673192574155,0.020731164649625,0.0205133550931738,0.0127800775755505,0.0123617514734704,0.00832541928661489,0.0113967259958166,0.0422983233414451,0.0337328823720127,0.030168574375731,3.66211112355332,0.387822065611807,0.0447320230119114,0.0207428007506513,0.0528884621172874,0.0475440155759902,0.0423574098870404,0.040564114143584,0.0320551791615901,0.029946791674912,0.0181537690944364,0.0412814938376953,0.0383949606099942,0.0225100146779242,0.0232037170651121,0.0240730291603166,0.0267837134463282,0.0539412377428283,0.0360827073905794,0.415946839338741,0.0195554346706291,0.0573175982575935,0.0261901664997554,0.0339623335669315,0.0893475424028806,0.020829004290327,0.0310389668764067,0.0107022512702473,0.0480140621609065,0.0372914342752874,0.109836113557513,0.0999664354264578,0.0724695483903113,0.021315508310016,0.203721854745511,0.0921581289808956,0.0680227305490777,0.0624086862602434,0.173345908634268,0.0796524364833668,0.0962261529889514,0.025740751569827,0.0179557229274022,0.0120495200678628,0.0439401229863057,0.0259975796106332,0.0404919905523572,0.00805512852166555,0.0588174015606762,0.0657728962986498,0.0314602214626218,0.0886535459295791,0.479207181446131,0.12376173000903,0.027950948479746,0.0815508606936297,0.0425968298960708,0.0747264864933932,0.0641477388409892,0.0101240213636586,0.0216647059309274,0.0362057112107547,0.0909540892401738,0.195827605763506,0.132193354481984,0.0229314995917777,0.0239653215801858,0.0270182692810427,0.0249097582698346,0.0440404730511726,0.0414847687529318
"Zone industrielle 3",0.0250186988233969,0.0338954102012762,0.0266644419154351,0.0226010328726873,0.0229292786780902,0.0744381231654487,0.0421192461456131,0.0383703977490874,0.0424456350802695,0.0427426419784648,0.0209185247281851,0.0362930546778354,0.0207724252253711,0.0698049257749432,0.965931258266709,0.339835308885879,0.787555327673894,0,4.54005433503228,0.358383765005306,0.0638218067970517,0.158443428207797,0.149629690627401,0.0830947070881337,0.0249073322247126,0.0265137736409379,0.0774377746245438,0.142937332494492,0.0782014004126668,0.00764391955233366,0.0379813102861884,0.0958084932877533,0.0437005097728536,0.423064987983047,0.021219654178233,1.85656559989394,0.057461287217898,0.27668444989085,0.0618776658621387,0.0174587127059452,0.0253639703817166,0.0250767473115766,0.0145035659863686,0.0108843041511568,0.00716804868971581,0.0101868365580605,0.0425978377998583,0.0327448275599172,0.030748408344311,9.58921062287149,1.25738683693545,0.0332928575878994,0.017785059114832,0.0541052748505276,0.0479933474679947,0.0421606786775804,0.0401778008518304,0.0309407125299676,0.0287013151689531,0.0173392098583666,0.0461858013908704,0.033513411397104,0.0209508378142292,0.0193838187280509,0.0188118649758433,0.0208324816403169,0.0623300811804375,0.0383841652826907,0.78738000935542,0.0186882354037511,0.0414300147726207,0.031234706979362,0.0351785240000738,0.0985669317122569,0.0192391548899711,0.0316868850939865,0.0103647183704548,0.0490695689653754,0.0392413956863667,0.12555094345294,0.138091239966467,0.0772356380063261,0.0206145932309255,0.265164299010978,0.123430293557241,0.0728153523012381,0.0747337850704723,0.306358581981496,0.0860593973858444,0.125631052632974,0.0258588000623485,0.017124861740203,0.0139970309431774,0.0439503920752362,0.0261518612208163,0.0438378025270549,0.00690997666436361,0.0687651628368149,0.0798695927836841,0.0321854222910367,0.116277764005924,0.340377212026278,0.182334581320896,0.0280309390146106,0.105089391819091,0.0556510825200802,0.0934541500066899,0.0774004321311301,0.00894643193392053,0.021075326364664,0.0430406807607723,0.118180571027598,0.249203214781225,0.0854693358616107,0.0226255679556009,0.0225029011614145,0.0234812570222353,0.0253623839898274,0.0488765998245632,0.0414932082003415
"Zone industrielle 4",0.0250701969194265,0.0343759516077962,0.0262329132244807,0.0220054159189084,0.0224220288790703,0.0800865823634831,0.0435079328391291,0.0377783330188944,0.0430626457907851,0.0433518075227091,0.0202853816791721,0.0350971310652756,0.0203201448788151,0.0731270621052145,1.9713135297968,0.494397340325564,1.16512886917462,4.61288276449291,0,0.530505118641321,0.0666512580703786,0.186211165489286,0.175308563150655,0.0887606193920248,0.0246786869590142,0.0263725969882766,0.0849761334830884,0.171119045725105,0.085933876981978,0.0069961636570231,0.0382740350066285,0.104109018907683,0.0444445831111949,0.448784187762895,0.0205628529111858,2.77806094836664,0.0597865464899561,0.350124846479896,0.0661170240101686,0.0164203360166405,0.0276534340159047,0.0273316612745167,0.0154202944068586,0.0100757245240252,0.00654099425807621,0.00952447494747298,0.0443336516695309,0.0330821377754626,0.0305896904096913,15.9198929185389,1.70655291860321,0.0331749190004495,0.0170673407488913,0.057198433230525,0.0501613321445077,0.0434975068335038,0.0412933917207501,0.0311439437507862,0.0287260647729369,0.0166145956444882,0.0480742546575456,0.0334714817509302,0.0205069694096826,0.0188735293649108,0.018093220924922,0.0201580362647061,0.0652926464491452,0.0387105085179587,1.25362100223998,0.0179868677881551,0.0419139395705377,0.0345264135366813,0.0352593319495595,0.111598665694749,0.0187223776672909,0.0315325534694038,0.0101694652536954,0.0490320101898281,0.0396380655256194,0.147193147686503,0.157419315762814,0.0845126983167274,0.0199835288508744,0.35792761167677,0.138592010481161,0.0741546300638395,0.0795815807381231,0.399298381962365,0.0953441882632595,0.141340760314332,0.02539154164011,0.0163972587074449,0.015032904140853,0.0486738025584871,0.0256982289996555,0.0445982245384041,0.00629034203715251,0.0724653844160677,0.0856012570531431,0.0320625218372668,0.129268813297636,0.39945263458767,0.214744659112441,0.027666259273362,0.11582709101798,0.0622108241406921,0.101569808269184,0.0827086354733728,0.0083024091777282,0.0204954706394015,0.0461985247285419,0.130862667009392,0.325473486317883,0.0913508521769932,0.0220592516353446,0.0221607082847303,0.0229428011834952,0.0259324837992552,0.0502865779700118,0.0421398947936635
"Murindi (OSM)",0.0239233788884723,0.0515458683558547,0.0272001992316001,0.0253331578801526,0.0250032395167676,0.105631128756464,0.0666663972828025,0.0403204118493944,0.0396679102357879,0.0435021286091366,0.0228396117542445,0.0413179441550608,0.0308506099849485,0.0618958470439031,1.04567888858883,2.1322272176894,0.230916558246843,0.307446855104109,0.436522086852769,0,0.0989321551343118,0.0590848599038783,0.0553692564341192,0.0695313751563345,0.0371920390151593,0.0375347768424343,0.146273077579663,0.454569862404362,0.149120455649423,0.0106622561580101,0.0419578489791341,0.0739810690547652,0.0412023941347023,0.174311254422534,0.0237436027134811,1.35948209247252,0.0522181909429987,0.226130125439378,0.102106615415069,0.0219916139687242,0.0122302596568308,0.0121165409889935,0.00854036800886144,0.0142395332229758,0.0100623641240709,0.0121115124818312,0.0639909646617513,0.0472597346895217,0.0317808487706566,2.94217683976006,0.397668197525234,0.0417187723835444,0.0209609065871234,0.0908253405828126,0.0780698429490696,0.0641746892932793,0.0611404255322177,0.0457297921545602,0.0420991371014262,0.0217060037965211,0.0419309039468592,0.0340705481896057,0.0308815188777746,0.028548128934757,0.0263299002543008,0.0272117356567822,0.0639606841215372,0.0423995047848619,1.00546910381155,0.0218001428958081,0.0512574307888065,0.0179671694738557,0.035817538528169,0.21926481123441,0.0285580751774247,0.0330186566151015,0.00972945211471872,0.0425972730552586,0.038984520634142,0.343877544115983,0.127664367626684,0.139039180502332,0.0226162166049164,3.4469760305638,0.114955727054343,0.0636039941114442,0.0748316300693479,0.22095783501103,0.162844850067399,0.0925624887707239,0.0281636105496948,0.0203395034198099,0.00750446393062154,0.0194768336886785,0.0305299554880003,0.041387758624835,0.00982042555380981,0.0670158725933529,0.0793453673488294,0.0334206191977333,0.106749103220056,0.226969602553084,0.156961417477389,0.0291439960292021,0.100064589015361,0.0234691067432126,0.0891927607410109,0.0772773412110477,0.011611706231616,0.0230151766633766,0.0259396135144199,0.102367938911821,1.59192734582993,0.0690005585593493,0.0241933545787904,0.0327574355351732,0.0254907564469976,0.0242377170908619,0.0456531304287276,0.0438112892548431
"Rilima (OSM)",0.0295648905781705,0.0336664758003475,0.0323623073709107,0.0297298555495373,0.0293274374590143,0.0556783523533446,0.0396404955093375,0.029023317070432,0.0255173726099554,0.0272704466730804,0.0173066217564991,0.0478517146385356,0.0233082206519841,0.0349089670186575,0.0884648779323997,0.0847575290701932,0.0906113526531322,0.0629342153283648,0.0654040183582439,0.0997817675400607,0,0.28268317713638,0.236083787114814,0.346664918599359,0.0454701602035058,0.0350705859263434,0.0609126175659871,0.0918003504614618,0.0748792766844054,0.0110154560447941,0.0259254963919421,0.0366481445111097,0.0375839538512584,0.0673166902273389,0.0298950207384709,0.209490431827837,0.029596297627267,0.057579934056937,0.0878677438531018,0.0178693966018562,0.00998518076045707,0.00990907867567639,0.00904074159840938,0.0148148055771681,0.0103890182964039,0.0127435594638461,0.0378699064099303,0.0321541859320983,0.0216272923209406,0.679969793864845,0.0660426710646285,0.0779752259079487,0.0239808627244209,0.0475322663635338,0.0435950259746726,0.039115661946073,0.0378569079744345,0.0360576526560533,0.0387592819256875,0.0171151097756404,0.0237267673987962,0.0420427036430945,0.0324359139340572,0.0335746348646095,0.0349419204287415,0.0394888559486514,0.0332279645172299,0.0260807662263516,0.0726385805649606,0.016456252956581,0.113432733024334,0.0161183083263373,0.0233932200190223,0.0720741765888612,0.0270544618027774,0.0287896222887462,0.0102992637676994,0.0344678951551636,0.0371420898874347,0.0845013712855272,0.0460569921648465,0.0601747890179482,0.0171494424146654,0.114769543051511,0.0442558634538492,0.0450853151328869,0.0360845858765306,0.0561407881807047,0.0648003871816731,0.0401817329119755,0.0198431192292313,0.0156125374669899,0.00794040932111821,0.0256808118099641,0.021025005828015,0.0260110516348214,0.0101261415379712,0.0347073364854659,0.0371471393881764,0.0310131092220813,0.0433684871222471,0.595986001416052,0.0509365731865569,0.020569529069302,0.041608549074544,0.016548285959021,0.039710371667556,0.0366451397740847,0.0120747504869903,0.0219544714258056,0.0186834581078425,0.0437451614435587,0.125226400134561,0.118428971829934,0.0180709480677464,0.0308206949008652,0.0299827328565778,0.0205031193967547,0.0272887550527191,0.0427272044190185
"Zone industrielle 18",0.0382870072285585,0.0300755782153863,0.036671606852314,0.0306496954055986,0.0309929725402016,0.0392715450750821,0.0243683944484087,0.0231320372393363,0.0218932889302928,0.0222547477502899,0.0141046453392525,0.0473200248821663,0.0144010902325371,0.0317184686091358,0.0906652636633022,0.0570036969474821,0.204777228987819,0.158571097402432,0.186082825432092,0.0601380669566554,0.325700025563676,0,19.1077217776979,15.0961874414779,0.0469207114738391,0.0344141752377782,0.0362685260522597,0.0500790236154163,0.0429951060346732,0.00779256162618532,0.0196362677097276,0.0347895970992046,0.044552016391336,0.0767750207721522,0.0317852585352464,0.351429210499048,0.0251270094403999,0.0511966614508888,0.0504650948452269,0.0123070240642966,0.0192862537007035,0.0191750092996192,0.0162429083531701,0.0112485026550878,0.00726160051286126,0.010558690671707,0.0244665673274286,0.0208099912259911,0.0174060835806702,0.828503954521554,0.0742565730890429,0.0993604240243512,0.0225042442281235,0.0288284058701022,0.0266355303027094,0.0267341816355653,0.0274318258170614,0.0349368219557422,0.038513415577076,0.0113449185270951,0.0227413806308446,0.0521845994084322,0.0300488872289511,0.0314606109921602,0.0332392126552682,0.0392141661973069,0.0263475859297004,0.0197451635094084,0.13718662144733,0.0126103873286915,0.173529487565696,0.0354966104658984,0.0200257611144876,0.0413237744419091,0.0235408330193501,0.0292484106610672,0.0109388716099316,0.0356988006333051,0.0426760552933243,0.0469576585208973,0.0384313681190957,0.0368320921301779,0.0139232260101805,0.0608532857922222,0.0369456690654708,0.046138246567265,0.0289943154501863,0.0508453326839592,0.0393053758099893,0.0379142413330774,0.0151824845371548,0.0112387053061492,0.0157028769441226,0.0730449581472039,0.0153407411478571,0.0219785317393061,0.00697976613158281,0.0287757387302485,0.0299575712770821,0.0326087292900931,0.0368528153427976,0.656482569611107,0.0446000562227549,0.0174298815934717,0.0343648860779406,0.0347952307619525,0.0329697779221351,0.0294657159945435,0.00924691121373203,0.0208121671974577,0.0267998404574469,0.0393220232466649,0.0696409623683506,0.176604986420592,0.0142475769332044,0.0284538890489082,0.0318182306866329,0.0202162250937457,0.0230345903522703,0.0502411594091229
"Zone industrielle 19",0.0401088152050404,0.0285596007206793,0.0377885488450249,0.0314817286225943,0.0318422659719665,0.0374135980922698,0.0232269047522957,0.0222403899099766,0.0209678259981176,0.0213262838903445,0.0141359216408309,0.0483223397175859,0.0138191753683364,0.0303431360358212,0.0841481502424446,0.0531539273854474,0.188434502868784,0.149739801284581,0.175272779916585,0.0559555236077418,0.269650537688088,19.1927735835054,0,3.64461901262854,0.0440193804570619,0.0326708676884449,0.0342999647296586,0.0468819589844651,0.0404668598623417,0.00770954668801808,0.018780133735367,0.0330194081540748,0.0463685076716759,0.070974499055905,0.0326398507331494,0.335736240111657,0.02393739144712,0.0480158806362586,0.0473611984047152,0.0118453062555535,0.0192468543934876,0.019743991250959,0.016654460238536,0.0111713133429293,0.00717397535350893,0.0105063670225657,0.0233400187638304,0.0199269730033834,0.0166891309831826,0.771814733643532,0.0688037980223987,0.0902284915435001,0.022872447192491,0.0273908466147863,0.0253471122037956,0.0254781109280379,0.0261226740498664,0.0330953691482015,0.0363984561965741,0.0109049590948448,0.0232951045729351,0.0547782450740266,0.0285379432476901,0.0298496539051816,0.0315031830529383,0.0370201385216023,0.0250824982383595,0.0188812475133283,0.131262123747793,0.012612018876586,0.151667006032692,0.0351712880631242,0.0202805261425412,0.0389181449030971,0.0224512593073083,0.0299911399439069,0.0109898533982561,0.0349201429897161,0.0444253960729048,0.04405293374348,0.0362672544993102,0.0348727075198686,0.0139523333853013,0.0566807189423309,0.0349191893864008,0.0449058821634215,0.0275486869686544,0.0475846230616903,0.0371560845512726,0.0358140405817816,0.0145620010760159,0.0108034714852234,0.0161265292087997,0.0773418519017528,0.0147153068466939,0.021022364286672,0.0068899125331298,0.0274136943188782,0.0284420592872121,0.0335718355090239,0.0348880634365262,0.58838812957644,0.0420214811595761,0.0175681050125895,0.0325365664674942,0.0344729238939399,0.0312746726552096,0.0279836488993736,0.00918708255287804,0.0210900553856671,0.0263140425998018,0.0373157196350724,0.0648614541364889,0.156209475472925,0.0137104331321515,0.0270768205253254,0.0326953880401334,0.0198494770625672,0.0219973547887977,0.0487128431380972
"Ramiro (OSM)",0.0393728142671589,0.0380189120368871,0.040327087805867,0.0368070715985837,0.0361691528620992,0.0428625775063998,0.0317330072093493,0.0309339252758432,0.0276823834012272,0.0277408790494355,0.0186219531058245,0.0578342193552681,0.020264408603091,0.0356588412088148,0.0898048167015949,0.0666950638497209,0.123932549090617,0.0803161302369405,0.0849638716333507,0.0700928705409711,0.347365625591205,12.2972528323294,2.89493559137834,0,0.0565560018909798,0.0413534341345748,0.0445259746833753,0.0597330495613521,0.0518327312587863,0.0119147989589426,0.0263329673759253,0.0416324116858284,0.0489113826739031,0.0847111911394319,0.0368516818269483,0.19637906614608,0.0325777217895586,0.0593534228561844,0.058479311766469,0.0186521703103525,0.0105041387493611,0.0104208389539128,0.00987921505136159,0.0161550609930191,0.0111841938579122,0.013878832730003,0.0302229765656747,0.0268488562932023,0.0234093233211847,0.827888172339608,0.0843066696864007,0.112723800220455,0.0284819943949831,0.0367012522864164,0.0342644119678078,0.0337526653365451,0.0346527450959099,0.0428322817632518,0.0466090781746109,0.0165800318510899,0.0276580926564167,0.0567211003796109,0.037935932831176,0.0394760520334341,0.0413358846710882,0.047694604795033,0.0338663236836278,0.0264921220913888,0.0611980651281559,0.0176720004860012,0.193516476992727,0.0179638701501276,0.0258620414412324,0.0503331695914099,0.0308669654095917,0.0354014965255176,0.0111838715444064,0.0362959687873946,0.0485240307468883,0.05639168540431,0.0472055395394304,0.0443313855695911,0.0184451290209443,0.0698426659500226,0.0453272564962809,0.045851536465406,0.0368249434856186,0.0604253065127731,0.0468898618815579,0.0463188519204918,0.0211898025656433,0.0164484862415042,0.00864208277458998,0.032461050821422,0.0213046748447037,0.0282819864826193,0.0108824738564425,0.0354123406611337,0.0379267971008315,0.0387534953931837,0.0444096137750289,0.365972284957122,0.0523250246835524,0.0224412490237905,0.0425671452421205,0.0178475624287221,0.040596739235292,0.0374056370804968,0.0131478134665001,0.0256192763835024,0.0200445856185961,0.0448228212488956,0.0751328142935568,0.178808492462829,0.0191698861844024,0.0357628786493697,0.0370591608109651,0.0185432680889708,0.0298326729447669,0.0483334776173402
"Ngoma (OSM)",0.0168498429472377,0.168894688073747,0.0203175841975693,0.0190557910381697,0.018874400320902,0.0784790853450434,0.0921038401342404,0.0211608273348373,0.0172910833549003,0.0198043978008936,0.0129876564843643,0.0318291200608353,0.0357248601890959,0.0238721680949449,0.0368091905382642,0.0345797318017262,0.0305888952171436,0.0265761408208272,0.0266789188329581,0.0371643303429084,0.0452082201712372,0.0471822302962971,0.0445904917674466,0.0561059134796028,0,0.20856164732064,0.0522850197253348,0.0415471678220843,0.0629697617926462,0.00903987197143361,0.0184101107615058,0.0220197041194521,0.0222581176175354,0.0283768995288286,0.0191937307170561,0.0889568033170091,0.0190648821206467,0.0286492378026121,0.0422799939753106,0.0142992700449952,0.00761543886020561,0.00756839096003159,0.00711371236778711,0.0119002078591742,0.00860845857176278,0.0101598717959758,0.0441659834830493,0.0587888414452849,0.0153117664438985,0.322136887510949,0.0281994357158327,0.180868009546892,0.0164463675036249,0.0719848312567736,0.0801416200802044,0.109484592336307,0.119538736890059,0.266272640370106,0.418430207202868,0.0229958340601128,0.015273019904726,0.0237732798745752,0.110513458665347,0.0915379035459956,0.10097467741752,0.142229270499146,0.0228343862062564,0.0191094655164158,0.0281614173425284,0.0124857790217025,0.10653666581208,0.0339261040056221,0.0162080254978406,0.0468756440701841,0.0886435492054369,0.0186509457328132,0.00818849026396062,0.0261163020217003,0.0219913212404396,0.0434403469917443,0.0259789365502478,0.0583121420590031,0.0128929379499332,0.0390803835389817,0.0253851488489422,0.0393647938686446,0.0223155400741147,0.0281040308582299,0.0542854687435465,0.0232020951604154,0.014382485915682,0.0119868494320623,0.00629662293631345,0.0153400558945116,0.0267114372030854,0.0175006924115856,0.0084279822747785,0.0221764027060566,0.0227339945070198,0.0195958430637188,0.0251488673999027,0.068242867905683,0.0267873075887439,0.0147882246861096,0.0244374866333617,0.0113046871565572,0.0237732875430702,0.0225342051544252,0.00973003082115538,0.0154525089195087,0.0131063714264054,0.024674828406813,0.0423426101027069,0.0365562237681141,0.013420683198406,0.13295615940122,0.0191999648571899,0.0264828203670953,0.0180278913114225,0.108089383132011
"Kibaya (OSM)",0.0149024881918727,0.245445384226814,0.0183638204820065,0.0169916633882373,0.016901238059595,0.0955389003159481,0.116380809691375,0.0216760764709187,0.0178066936903767,0.0216431938873058,0.0133603021926121,0.0287114504841439,0.0401325455218276,0.0267229394971526,0.0386621045057048,0.0351562325923955,0.0289151602458872,0.0282439848469249,0.0284281212975682,0.0377405037883441,0.0351196833630528,0.0360123600443494,0.0344212694682413,0.0413972833758773,0.212401077438065,0,0.05962089651247,0.0464126438796654,0.0493820976983015,0.00860161050738943,0.0197908331917913,0.022635917924848,0.0196517247177779,0.0282066169627298,0.0172757641054643,0.0944230921650187,0.0194178204210437,0.0293205672200503,0.0360715578937086,0.0145611150246163,0.00804061838100342,0.00799026439662453,0.00696254142559274,0.0113550268194804,0.00822663273463205,0.00989526845683397,0.0506869262938158,0.0699653645891809,0.0156199782725976,0.33848907849046,0.0288233780823921,0.0846289467825992,0.0149118760731463,0.0874378962556907,0.0989405299763382,0.143419204365825,0.159397479246128,0.45653757133763,0.92245502053099,0.0250264370491034,0.0155550780871296,0.0206772688816116,0.509322581423268,0.270868340258467,0.169611748542042,0.141528390215229,0.0248525980694093,0.0205774153289199,0.0300450571984726,0.0127086051975823,0.0627347291320029,0.0587983864815968,0.0165072825121192,0.0528684562917206,0.27863976528114,0.0166735299784525,0.00808580267687608,0.0276218755740422,0.0192506809387566,0.048694569601181,0.0281531752800195,0.0658915201159634,0.0132491366165787,0.0388120155833945,0.0275091427145994,0.0439876638676729,0.0240007623337913,0.028595191914934,0.0623678902791901,0.0236602202839022,0.0146451833427704,0.0121991660249084,0.00618488355668122,0.014101968664441,0.0293751633921151,0.0179433895670191,0.0080524572615149,0.0242604288077475,0.024467887258323,0.0174139268011595,0.0273469124695288,0.0561240709575669,0.027717213742418,0.0151686209017149,0.0264243469277313,0.0119903334243294,0.0257313011786645,0.0242391815089907,0.00929127148563666,0.0142322122693308,0.0138077431642706,0.0257104007056755,0.0438076289770641,0.0301000213338839,0.0138121200912594,1.00350769442612,0.017220607204328,0.0298214415341931,0.0183681685973624,0.218655137672674
"Gikoro (OSM)",0.0174183398853838,0.101151165845297,0.0209181193489495,0.0195516353948986,0.0193708681443992,0.460772648234455,0.168251591338997,0.0308198260530813,0.0275994231613663,0.0343024107578265,0.0181604820533744,0.0326154490223164,0.0450627781471446,0.0458394021396426,0.116100347217497,0.117056568838977,0.0703789985581586,0.0744975548435137,0.0807315234642293,0.146441807675801,0.0605754148743258,0.0375208060617374,0.0357477803857976,0.0443072797235781,0.0523742850966769,0.0591485988781838,0,0.35516203624199,0.228823563009166,0.00947371229213574,0.0329528430540406,0.0414173411554877,0.0282352427911787,0.0640970900502848,0.0186844185918613,0.265952938549721,0.0328850909682246,0.0708456428263685,0.0816344760760772,0.018571123441961,0.0102059160051532,0.0101249785109468,0.00753204630339329,0.0125323667622792,0.00900244278995574,0.010721973425396,0.167129687795572,0.0853937714884812,0.0232542530302126,0.832813910761039,0.0867036104719707,0.0463159474364562,0.0168236747101195,0.370566676840106,0.243397751614312,0.151987848053166,0.138274069880395,0.0816693456253925,0.0713261366756765,0.0267156553928242,0.026371030081548,0.0245296410212839,0.0450495149217625,0.0403710591051152,0.0361483418747865,0.0356217916192276,0.0455820863960088,0.0332211880845879,0.0960263011334787,0.017363251593755,0.038342265592304,0.023918827991937,0.0253622161297346,0.897963661282791,0.0404552452992347,0.0239007126913403,0.00865343614016762,0.0353073572310728,0.0269464180664115,0.472650867159636,0.0728958387800387,2.61423377687177,0.018001364320489,0.15507997804378,0.0683686302960409,0.0533305583151936,0.0510664931423518,0.0693023416946763,10.7803217284792,0.0464757325060403,0.0212148313991594,0.0164192183489458,0.00665590167008743,0.014985755763721,0.0317778432490053,0.0283073444706859,0.00880475741739597,0.0475648272037444,0.0532117076756659,0.0241147247082207,0.0655645115468081,0.127432713187986,0.0671823899267716,0.0219115363607842,0.0624385165188187,0.0173758659147809,0.0579740526766969,0.0522223161424257,0.0102397508464389,0.0182148468937099,0.0195917423134975,0.0541746628118473,0.211919930779312,0.040000516366764,0.0190122549833254,0.048949689757065,0.0197167643287193,0.0306831588815438,0.0300456134652393,0.0596196082312092
"Gahengeri (OSM)",0.0202794193645765,0.0690974486630979,0.0237389371749895,0.0222056778803785,0.0219510608941791,0.181407122465976,0.0978278905193654,0.0351291838993035,0.0328344900862303,0.0374634530717942,0.0202994247679873,0.0366348197881646,0.036704925418189,0.0510893294990143,0.242349594587036,0.277166343064682,0.114626527807324,0.130227559473748,0.15193251123279,0.453463675994189,0.0909091875180816,0.0500252850848389,0.0471747358400748,0.0592364119386558,0.0415471678220843,0.0460478142914997,0.353814793632207,0,0.174147575009795,0.0100469850928299,0.0361380418106713,0.0541800330374433,0.0338447793599216,0.098380941303565,0.0210004539896792,0.495080993697633,0.0409767331069537,0.114750318816277,0.0936268933871814,0.0201914813454382,0.0110987403839786,0.0110033950984522,0.00797621390892243,0.0133386185216986,0.0095125780986761,0.011345423020542,0.0948309088198769,0.0612912805256007,0.0270731191521602,1.38521177373332,0.161893956324681,0.0399793891557114,0.0187528512770452,0.154241113364254,0.122658162635775,0.0920545838299681,0.0863030841846025,0.0590773046433552,0.0532509228798556,0.0234088159087252,0.0328793966433779,0.028766186690991,0.0367135198814592,0.0334849869585682,0.0304823406844114,0.0301053443171344,0.0518053191578543,0.0364667571095022,0.208291861480897,0.0194259831220652,0.0487357741979014,0.0203972373365449,0.0299862182043697,0.939412522114628,0.0335293201649863,0.0279730938949697,0.00912015438905129,0.0385401210160354,0.0322122389393476,6.85157410697226,0.089406810178873,0.315102215205582,0.0201150059349464,0.512876056232495,0.0827133756342795,0.0567393222485617,0.0589460648323617,0.112334360384438,0.433510587433889,0.0636302382304272,0.0243724853872165,0.0182512196360425,0.00702745847006522,0.0169411108497286,0.0272647248398821,0.0339640596054753,0.00929553765697247,0.0540567737945051,0.0618034181590539,0.0282651076930068,0.0784017705958368,0.204242538681614,0.0918663496877608,0.0251653966090455,0.0743329242596467,0.0200017263458973,0.0680226852646116,0.0604931582433892,0.0108880448206381,0.0204161445079988,0.0223589986067805,0.069308391897205,1.21463205406357,0.0515223916263867,0.0213700971562414,0.0393388128508545,0.0223517186257429,0.0269304242120992,0.0367161602595118,0.0503264670839589
"Nzige (OSM)",0.0174505971367455,0.0641922712893852,0.0209461353941574,0.0195912224659421,0.0194069003461563,0.156825640068303,0.0884692074534162,0.0308762757474038,0.0276684328444421,0.0301189170258921,0.0181827966669794,0.0326710450417708,0.0352425294120956,0.0390905316653895,0.117448777770698,0.118830579675509,0.0708886826614332,0.0751112784054134,0.0814844042510007,0.149183012626309,0.074360319465566,0.0436940297461696,0.0414242240113737,0.0515165767168638,0.063064631166038,0.0490307266740328,0.228631254943115,0.17457922711341,0,0.00947993314269038,0.0289239069365706,0.0416049426575686,0.0283151962267819,0.0645892789614979,0.019549664028869,0.268483029198058,0.0330154440955467,0.0714679011252699,0.191892421762971,0.0185910697575752,0.0102007018469244,0.0101197032791128,0.00752600881527831,0.0125375694272347,0.00900725420768153,0.010716740134046,0.0856226888385407,0.0575377984351835,0.0233116059467673,0.839434065692891,0.0877688006598261,0.0546117376884948,0.0168512094058569,0.133209250802097,0.108608058928733,0.0838831258981179,0.0790086954107389,0.0638503673017486,0.0571761208000088,0.0228159303664901,0.0264759392733084,0.0245923874955144,0.0386615279101491,0.0351220804448369,0.0347508986369129,0.0393133941677428,0.0383778794970834,0.0291293065876012,0.0971259234770341,0.0173929918210183,0.0439682467113443,0.0199360689513263,0.0254349320794712,0.171231099100564,0.0351691423268433,0.0239641461538122,0.00864416005649607,0.0352942992297746,0.0270299111755336,0.204539901991319,0.0566469579722021,0.260934628636822,0.0180241742865994,0.172851253287899,0.0538398908697206,0.0480671335181002,0.0422645864981522,0.0699315833190386,0.265025255911393,0.0467456786105346,0.0212628678007645,0.0164451396120907,0.00664986000816603,0.0157311262384186,0.0264624342258825,0.0283887746719595,0.0088097737356491,0.0399471436168555,0.0437481965709804,0.0241794523693187,0.0521776356449799,0.161711024447266,0.0614583106516341,0.0219539296351906,0.0499910286264651,0.0173839615618464,0.0470903762351663,0.0430606770998879,0.0102438640550737,0.0182407326557845,0.019603435673412,0.0505971264088022,0.212830417802906,0.0439298430170122,0.0190374875373265,0.0415622193920056,0.0197516101557216,0.0264364269685109,0.030152040531127,0.0527717961797988
"Nyakabuye (OSM)",0.0124313104711942,0.00834976431026109,0.0188503178750668,0.0181045987151489,0.0184356144416515,0.00992595799041973,0.00866172578978972,0.0151803002289349,0.00950827880531122,0.00934812276122647,0.0253583810980543,0.0351125089075311,0.00776607493262866,0.0104344038710772,0.0120392456551298,0.0106467720540727,0.00985897341623489,0.00915493555527006,0.00876434545032569,0.0106661966803492,0.0110404153829674,0.00950939520404857,0.00949649120795005,0.0119402944851823,0.00903987197143361,0.00864225404776589,0.00948072704802854,0.0100469850928299,0.00948524965949016,0,0.0089920205317984,0.0137538880591984,0.0156002970373226,0.011305606559267,0.0180066854615187,0.0289359011920515,0.00989118468709249,0.0114090086426157,0.00943542352724076,0.0175286129540639,0.00965683382462982,0.0102730833203536,0.0844470398241233,0.159688268789732,0.264707904976476,0.088321120338902,0.00804626997605117,0.00833329463567714,0.0104499948990163,0.125548773943928,0.00934367620027395,0.00995744202529856,0.0236523935850342,0.00901337924289352,0.00884995585294416,0.00871497713193375,0.00863065408150797,0.00862211813795508,0.00878276877411609,0.00745668890901732,0.0115131380352179,0.0166702705025407,0.00835046724325084,0.00842880293496438,0.00852431869946515,0.00879560750600135,0.00977238827890128,0.00900724663961137,0.00810270939748016,0.0115248595858221,0.0104520329452749,0.00513477609444335,0.013466480665117,0.00970943953855931,0.00791155438876716,0.0149602102740491,0.149962500422697,0.0326170729482226,0.0153753318918283,0.00993662640895967,0.0106973829840741,0.00954707406618449,0.0253948457637787,0.010580973125958,0.0106152528999204,0.0166441427334279,0.0100157769263664,0.0113272843265586,0.00967561397005392,0.0119496668828656,0.00934193819792362,0.0113535445540597,0.0778949608369161,0.011164675262667,0.00830750245025941,0.00982982294543065,0.18933634388055,0.0100325460871833,0.0100966315323917,0.0154469358495427,0.0106429917166648,0.0179584575720648,0.0111061516304033,0.0134839373456,0.0104402422227687,0.00724354764619899,0.0103556569271938,0.0100546109061401,0.270111119793479,0.0177241652273743,0.00888584204180189,0.0108577829144612,0.010773448613654,0.0125839708925576,0.0100036319635592,0.00824003044789707,0.0178426605808262,0.00784422456885395,0.00958866334317889,0.0122147644132376
"Miyove (OSM)",0.0153854440143328,0.0229598840585468,0.0187995635191804,0.0176450537074654,0.0174941571816946,0.0308133888841225,0.0264220308997935,0.0706474238171654,0.0970372700169567,0.133440235624371,0.0165177694685323,0.0296427771696338,0.0337598114420544,0.276088601271441,0.0511177243290558,0.041563999178217,0.0363303039491438,0.0389134482452247,0.0394011289381854,0.041932828099959,0.025865509182762,0.0216594821412252,0.0208979897107375,0.0262612932590845,0.0184106326316288,0.0197695103076202,0.0329260425900477,0.0361459900369188,0.0289105683928182,0.00899065498307027,0,0.0341557552471987,0.0245400891540155,0.0394417970521613,0.0157756248204046,0.146679514998585,0.0658862175740591,0.0648993924079228,0.0260796493748049,0.0297777779684289,0.0168823275492962,0.0166749321792791,0.0070800981502919,0.0118332464428959,0.00856457382178135,0.0101114628716013,0.0228997598932319,0.0277669644315876,0.0464935437376264,0.547020033053235,0.0517255789580225,0.0186523269113854,0.0153827811386335,0.0272791870976068,0.0258587470185022,0.0256364507380335,0.0249554515153417,0.0217564602491763,0.0208665228499541,0.0287119423327733,0.0224242331904282,0.0216481323307932,0.0175262925203099,0.0167317533658571,0.015936491929782,0.0158423096501194,0.172006849252004,0.137173060669939,0.0386321276442508,0.0246668625312012,0.0204509446713645,0.0111041990513901,0.022286423316789,0.0333037735958371,0.0167095826917705,0.0211406504759211,0.00815403083509531,0.0596630465480336,0.0235127306050202,0.0348081395426821,0.0843262376408416,0.0315127792965871,0.0163820278360271,0.0398158456344667,0.0920643655310984,0.124140418291106,0.149382042498809,0.0562852881973928,0.0325397323285665,0.037482267001362,0.051662262696891,0.0306613137655201,0.00626863650803849,0.0119418059676353,0.045871215108105,0.0760578018123612,0.00838549051294366,0.106054089775367,0.140359364353747,0.0213093795653112,0.100900596538134,0.0480171835352758,0.0765204879821413,0.0243863879155206,0.104646582982637,0.0441853725108714,0.121820381341416,0.144428368189546,0.00967607748764986,0.0165511005692396,0.0465705193755009,0.0598852465222007,0.0397575396847183,0.0264944802708085,0.0391412877791125,0.0181485208265445,0.0177892559121549,0.0256440470037554,0.162485776399971,0.0262930497904258
"Musambira (OSM)",0.0602751082774777,0.0266079963631183,0.054685036460168,0.0494060314984334,0.0482264488362569,0.0406803114479205,0.0302230971026316,0.0403795251493518,0.0395043073589926,0.0362139925866917,0.0406489122954176,0.0746059441258276,0.0217769186242079,0.0493302964456886,0.103761476339667,0.0736618430468448,0.076736151954879,0.091821274993723,0.0985488477993176,0.0747412629342125,0.0367033142889307,0.036368769123894,0.0347529827462218,0.0416776116229257,0.0220631606490218,0.0226360240100588,0.0416527004534677,0.0546815231217002,0.041856501585464,0.0137321177382154,0.034336593557709,0,0.141571650605014,0.0984929890126663,0.0370596874186509,0.286415985501654,0.050733007991394,0.109833374064227,0.0371139985088464,0.0282524635035445,0.0166077141194375,0.018011705652147,0.0115877061990164,0.0189194203258931,0.0127687344011358,0.0161952786396676,0.0288072055486554,0.0258311538657253,0.0531342960563404,1.42266016285086,0.14875077561411,0.025794001074474,0.035744383284245,0.0346969713489552,0.0325106695128973,0.0300871892141666,0.0292939243397568,0.0250945314368089,0.0239551852214016,0.0195557503878435,0.282480520959021,0.0892469279054493,0.0197105291267319,0.0187328515881074,0.0180722360273018,0.0192843466748367,0.0477985450136407,0.0346115390883615,0.0699253067460087,0.0381148708790401,0.0292210807483415,0.0128403337493557,0.101605826503652,0.0466675184495505,0.018687586841401,0.0840124086270902,0.0129468035069658,0.0580817434358396,0.126280365874715,0.0518540802104744,0.0771848528312639,0.0415607173021972,0.040066652703892,0.0686204411422445,0.0723741516925661,0.0569487722421574,0.053664404537576,0.115049627220908,0.0438092934976375,0.187683818483561,0.0279913443166157,0.0273907318543367,0.0100533456730805,0.0305132385529498,0.0263608984633111,0.0409438415863345,0.0123829444556416,0.0502744323862314,0.0559539611166041,0.0863305084118846,0.0696191307864262,0.0830438818687102,0.0892556554812871,0.0633816116335151,0.0659486746984319,0.0242825982139127,0.061282671088608,0.0548852161894874,0.0153516494523496,0.0414494511049355,0.0266957101578193,0.0692887371923951,0.0679963693141125,0.0421258547925412,0.0244110747055807,0.0205055647410468,0.0495932479375358,0.0197443257715268,0.04464687803347,0.0304346035512985
"Ruhango (OSM)",0.277151718932228,0.0202857050453239,0.123248957705723,0.108924800481919,0.102905318566864,0.0286091424294714,0.0223529187573572,0.0360322213197976,0.0275008402871774,0.0258952155306529,0.0367476772868935,0.139998485370542,0.0173023119268752,0.0328570326817575,0.0526820019240286,0.0410565934285386,0.0415257363044683,0.0445245382210249,0.0453918562619848,0.0413979983979264,0.0375961162230816,0.0454265325141839,0.0471367256616264,0.0488930127471177,0.022295236614955,0.0196483283226072,0.0283025181275664,0.0339916114325225,0.0283883875109204,0.0155926649513555,0.0245933225792932,0.141110211082561,0,0.0490914394628367,0.0632331258403917,0.140613490963022,0.0323490742919852,0.051839067653431,0.0261681402731852,0.0266971688932269,0.0154930683466079,0.0167354236159523,0.0131866659966325,0.0217833050468769,0.0143473214076594,0.0184217548296207,0.0211586465153984,0.0199094115630871,0.0350816387026678,0.623767587243037,0.058142777384015,0.0285744983667349,0.0610293824533691,0.0247761606331362,0.0236120385732795,0.022358117019747,0.0218913856490977,0.0197903520575996,0.0206200813943497,0.0158542484192982,0.197589141736424,0.54203317024001,0.0185405422073507,0.018920797434598,0.0193774086733296,0.0207737290993078,0.0310945865447715,0.0247313340172134,0.0368960293123867,0.0345933737538382,0.0328287310746797,0.0106663605959071,0.0823573412871332,0.0305719554172486,0.0165750485307292,0.150621270929067,0.0145268017752913,0.0541550391754492,12.2588957133007,0.0328220385767724,0.0421249858644913,0.0283774116799234,0.0362563763793439,0.0394894749851673,0.0406233256544006,0.0432549673227059,0.0335911480467144,0.0525455174418224,0.0294574264233187,0.0662495366195025,0.0210827426949867,0.025449353934411,0.0113338191584878,0.0521124518182168,0.0201378266301565,0.0284845948810436,0.0138732998194291,0.0324686314582271,0.0345115400454974,0.214218317015325,0.0399321104103111,0.0689218442159211,0.0463319664035729,0.0548733539260997,0.0383662361982457,0.0180789336685515,0.0367708961696231,0.0340744033594765,0.0176186627130316,0.0534267584706209,0.0216300189453491,0.0403980977941561,0.0398067081502959,0.0572409160477907,0.0220045004379695,0.0180083650225605,0.107139130546644,0.0163720884874552,0.029635970235377,0.0268530745061325
"Butamwa (OSM)",0.0279443043934384,0.0348937398759819,0.0309931328156157,0.0284289675040195,0.0280806173738161,0.0587592653627724,0.0412971328672837,0.0430833523111808,0.0433116666248922,0.041701959747525,0.025546257685993,0.0460042908788188,0.0239294328199823,0.0588659688336661,0.290089180281365,0.17124554706654,0.300261341125747,0.366847632808725,0.380716721606277,0.176643319029757,0.0674210388263789,0.0746076266138614,0.0694108927234398,0.0847591250532067,0.0284779633847482,0.0281951431683184,0.0645670407603143,0.0995846566942395,0.0650973637168055,0.0112762800196468,0.0396658424361693,0.0983427395543824,0.0491282790128232,0,0.0259512258483268,0.516981316268466,0.057489443613436,0.171284587837898,0.0541395185435817,0.0229763367727912,0.0132140630513432,0.0130869035427444,0.00932074117671124,0.0152130868177266,0.0106231359358417,0.0131126290674032,0.0395447049883914,0.0332945568511676,0.0365728842936572,3.40367036910313,0.549385948270844,0.0392733196629047,0.0231308215344582,0.0498475911640775,0.0455692243177297,0.0407394832157239,0.0393849599692873,0.0322639146082341,0.0304183118572995,0.0212218316899329,0.0518166263807108,0.039546380338852,0.0239956836583364,0.0232307708766197,0.0239066441947393,0.0260270359771039,0.0583992701967388,0.0400394064800264,0.164376289680794,0.0241356086318568,0.047470010151952,0.0151566887395716,0.041773324324024,0.0770595409558514,0.0225306866180263,0.0381223403923494,0.0106038156884428,0.045931136791572,0.0459828388535515,0.0911839040885548,0.106578235443721,0.0637428893816734,0.0252621194806228,0.147033412403574,0.0977623016575115,0.0631329297660282,0.0671952390442794,0.185717450875807,0.0688850442354093,0.130556864216345,0.0300097235595503,0.021404224669409,0.00817871414042236,0.0220782516066313,0.0294346266352737,0.0451489559114744,0.0103478749050555,0.0615408326083714,0.0707511908289256,0.0386430278234016,0.0923900274199059,0.185531822943396,0.127928324069608,0.0333034491740054,0.0867838052766739,0.0260306025787342,0.0788365096043937,0.0691038132091008,0.0123943256292767,0.0257230113325115,0.0284879374267675,0.0905132975581047,0.138693312636534,0.0842669857883424,0.0258318921179628,0.025153270683631,0.0287073847384509,0.0210339998564957,0.0498674848993347,0.0362423026917261
"Gisagara (OSM)",0.0645101423975532,0.0163595120451975,0.23977881156999,0.251064805588251,0.290353368937401,0.0195037862441311,0.0158321528898302,0.0234202230356311,0.0171894301695332,0.0166155437783765,0.0206302325287048,0.805666764000381,0.0123811203178305,0.0197772331689453,0.0281841882032726,0.0233589591477857,0.0281737191026156,0.0230414973773184,0.0227358417885854,0.0237880179981466,0.0299084391164557,0.033481321600549,0.0343589974757793,0.0368532259479107,0.0192089605424904,0.0172761312980847,0.0186927574480844,0.0210295244621542,0.0195639427844507,0.0180135200419103,0.0157685196702326,0.0370266382605453,0.0632673988714266,0.0259481849664293,0,0.0663750568984581,0.0187027680733418,0.0244767261845678,0.0207656424020217,0.0186036258689624,0.0104769136338513,0.0110646644125623,0.0154243211562256,0.0256728088718952,0.016368556758361,0.0215101862117228,0.0149198462210349,0.0146635389546753,0.0196449054014172,0.28278053196899,0.0232480931785179,0.0237366762950395,0.112275209718136,0.0170278468968103,0.0164623181525089,0.0159165157477079,0.0157669507631093,0.0173428787052127,0.0179821250167462,0.0116176219724828,0.0333790105662794,0.084869206163567,0.0163543769126234,0.0166510271116935,0.0170087594653569,0.0180847984526513,0.0182788316424424,0.0158196477447087,0.0198328199361228,0.0194543491663461,0.0266369247848274,0.00964533506901339,0.0297715822013113,0.0196352510685114,0.0147944056266925,0.0455268061994622,0.0166968839191199,0.0361988811429694,0.0631463413545319,0.0205635597974499,0.0217251621249921,0.0188243210055166,0.020424417100198,0.0232316457642265,0.0213514223292932,0.0293937948907512,0.0191344962641018,0.0243742976056192,0.0193096892405175,0.0272490837984251,0.0142224125859972,0.016116176743907,0.0131065455291403,0.120892925808552,0.013794135339455,0.0174707901662941,0.0157652606285459,0.0189863014675013,0.0194317329597908,0.0510647927825673,0.0213106779369497,0.0541067948713987,0.0231387941682645,0.0252726318925968,0.0206788872747055,0.0117056056312088,0.0202774542307979,0.0192837025913135,0.0206784589699325,0.0438475754151148,0.0141114172759128,0.0218223081699384,0.023688337696465,0.041849161410995,0.0148327810699179,0.0159432564144655,0.196390727466759,0.0124005575696894,0.0177207979060045,0.0240386887473698
"Kigali - SEZ Masoro",0.0844074607683417,0.124955876902392,0.0903595294747352,0.0777168924648791,0.0784246248734624,0.27364283316862,0.157141164469142,0.130683686143631,0.143301991244936,0.173799729130574,0.0713413931745722,0.124707517902772,0.0774437388157962,0.294786522380939,3.48256759188193,1.80364501948632,1.05717363747391,1.86669884655538,2.73896006731443,1.71189489713985,0.228282350994938,0.358905047481571,0.343014804253768,0.212416320887533,0.0908207579581516,0.0957854229439705,0.299484677928192,0.58894914776593,0.302923038801463,0.0265082168303565,0.157078863467257,0.318166654639728,0.147999519200653,0.601348779406822,0.0654139923485122,0,0.194960375646681,2.1537618257098,0.233549255075142,0.0602738526361425,0.0790863667080531,0.0782184104395222,0.0462343856340237,0.0375006614994884,0.0248432970972518,0.0346611849068972,0.15752984918446,0.119347381908647,0.105014246636871,20.5027292443223,1.95532532265779,0.10164079346791,0.0612946640028169,0.204762674793824,0.180332581910125,0.156060169972929,0.148598223870553,0.113175725578816,0.104639247505711,0.066199013728255,0.156695763986714,0.114380861980937,0.0758316592440109,0.0699917946699788,0.0645175515357557,0.0669365149385682,0.279815638556188,0.15910019429942,8.59101640516042,0.0643789739944463,0.123679041362647,0.100779152174074,0.120337966369626,0.390534870241072,0.0695656303027745,0.108543456802768,0.036245907539984,0.169782536134455,0.134026908597642,0.509722822628797,0.77847795904805,0.296151639659698,0.0703431215110066,1.18040373275325,0.663037142178256,0.281328209393557,0.349165167563526,1.43972212269225,0.332593490361422,0.416512927982043,0.0887927921158249,0.0590377238192376,0.044430353337883,0.120808358127101,0.10334923407658,0.148530087599256,0.0239758119976304,0.307220524000149,0.379491152626698,0.110227357792232,0.600095504555376,0.874444736077383,1.11435172127282,0.0955314126064255,0.53608100463081,0.169220158087873,0.45587285943902,0.365143705581384,0.0307771113101205,0.0719043494320404,0.135618380323738,0.585049404986223,1.06329745194673,0.218254601959756,0.0770270355742174,0.0814040180821766,0.0802913476563948,0.0907613448347787,0.165888545206582,0.148669934190936
"Ruganda (OSM)",0.0194546949031166,0.0224622122321628,0.0229340249195506,0.0214639756476698,0.0212280673462583,0.0318676224623572,0.0250907084414037,0.0767370554218814,0.113661644627617,0.0382485167328189,0.0196961791415334,0.0355140589187769,0.020886752915812,0.0559498977931629,0.066536670459509,0.0515951227872948,0.0500375533548972,0.0566093139230724,0.058656285019445,0.0521648198711053,0.029501672389896,0.0269839757838222,0.0259179514098252,0.0324392157169148,0.0190649755813682,0.0193988553675314,0.0328529188073653,0.0409780834996299,0.0329908892337282,0.00989101984990761,0.0658638070887102,0.0502996360384077,0.0322203068994405,0.057003672806149,0.0186912459376204,0.178608569222024,0,0.0689910416744922,0.0297854147925331,0.030953282207238,0.0175695311347336,0.0173459702676232,0.00784353827319482,0.0131147586804536,0.00937332194993486,0.0111626561262755,0.0236087464866263,0.0218031946474284,0.125483071924288,0.830033627141624,0.0846467402830818,0.0217084610196334,0.0182185051797556,0.028221660608372,0.0267055909133906,0.0249294536719563,0.0243745533859207,0.0213089050308938,0.0204534095810168,0.0187962918579936,0.0309666011996202,0.0275582961237071,0.0172299141116294,0.0164607514934072,0.0158443037560647,0.016785485350418,0.045014429032237,0.0372444376657239,0.0453399801757685,0.0258048909215042,0.0241694895625906,0.0109214880781871,0.0317659417612939,0.0360825147889871,0.0164390125174116,0.0268172873699972,0.00897799691409359,0.0622363030765024,0.0307005312339922,0.0392815636633293,0.0534420735302258,0.0327387132740789,0.0195199255595538,0.0488733062466554,0.0509121844049964,0.0576411948161871,0.0429494791516356,0.0711700295779244,0.0341909416524798,0.0583062384596407,0.0566415427345506,0.0324215902405441,0.00691563620967678,0.0143053844100718,0.0251624085833179,0.406174282567057,0.00916207488273219,0.0388900637543409,0.0425420797323816,0.0270862171734897,0.0505119619132544,0.0607362930185614,0.0594916062890259,0.0315104665640483,0.0484622887934086,0.0484970265277072,0.0457033854915206,0.0424156762474175,0.0107080840210282,0.019797730814178,0.0507182138316045,0.0573220846830369,0.0484504994776599,0.0326412115733708,0.0418822635449922,0.0178313450249321,0.0216108290673104,0.0183307912488726,0.172176245837836,0.0258426328507858
"Nyacyonga (OSM)",0.0290103681980778,0.0367610265260396,0.0318550436678492,0.0293240145202902,0.0289234146841468,0.0629875271873022,0.0439773445331986,0.0485728978743379,0.0517138560855699,0.0678379178732366,0.0261413505529017,0.0472430441035621,0.0316602317242788,0.114118159468964,0.389361637095425,0.219665858360371,0.153327556410372,0.244337614183765,0.299647199956652,0.228325155791035,0.0575235018380147,0.0514361076840701,0.0485632421336073,0.0592366886953211,0.0287248652476982,0.0292780391600984,0.0712050908106366,0.115836492674562,0.0718700387143732,0.0113886148168003,0.0653167304719176,0.109268693420676,0.0517688338296499,0.170560351038666,0.0244631545783461,1.71922729380758,0.0694789398176048,0,0.0585827062384114,0.024595682510592,0.014090155146691,0.0139454874274221,0.00933984682425733,0.0153539480536621,0.0107163244676555,0.0131614380258306,0.0420536771724082,0.0348628171284153,0.0380789960113523,5.77394013811272,0.740294549386628,0.0320987722363008,0.023702258721567,0.0538046684757405,0.0488559751871993,0.0432220767713779,0.041720129459564,0.0338009250400726,0.031770027080971,0.027218176526898,0.0558476409518942,0.0412911888873199,0.024835776345801,0.0233055697775559,0.0218193051179989,0.0225648310487405,0.12832403588394,0.0663486874752345,0.244441044703898,0.0247628195358117,0.0375327466245397,0.0154275159274825,0.0438033108270909,0.0867137374556933,0.023276334713404,0.0397966692856672,0.0106067300929168,0.0491535618744654,0.048464721198808,0.104775016637959,0.674838311414227,0.0699860450498664,0.0258534111021577,0.181860429466054,0.476524871756567,0.0874329860207942,0.172100823783581,1.90574346839955,0.0761950021756734,0.151107919192243,0.0341776394165673,0.0234507590917864,0.0081871472006923,0.0194715539985772,0.0419907313247214,0.0520536436628518,0.0104392492499429,0.13699016410056,0.193741878407082,0.0403656610033826,0.376888503418732,0.122158268055993,1.49823527455293,0.0344435775017335,0.326457197836136,0.0295554298185386,0.245586570107135,0.183688206495636,0.0125062758430164,0.0263644599250256,0.0320765945844272,0.321423020168311,0.167593933633003,0.0593024422620549,0.0286376056776339,0.0260698009522816,0.0295588160019457,0.0252925805630173,0.0620904202224179,0.037013920914504
"Rukoli (OSM)",0.0185773497703275,0.0430136006227178,0.022148076244592,0.0205185492432077,0.020348824754325,0.0797154868487725,0.0530462461089188,0.0291812528194535,0.0256970854066081,0.0274688374033247,0.0173820791829348,0.0341631733132524,0.0275839839578057,0.0351921645378423,0.0904758159375226,0.0870424512672702,0.0589610262702802,0.0611316429296789,0.0648788927492248,0.102921064893795,0.0878081916111198,0.0507991585485629,0.0479919199753313,0.0583936811819734,0.0424917459611145,0.0360080775694782,0.0821379015340646,0.0944920180008423,0.193758014049567,0.0094089999585157,0.0261368431294641,0.0370455156231314,0.0261592786538651,0.0540432034874439,0.0207611677531556,0.213724703279882,0.0298757816406355,0.0586108888617487,0,0.0179323843436342,0.0100043453782374,0.00992781708018716,0.0076016142134557,0.0124805661031293,0.00895284186918606,0.0107841837697517,0.0489201293006592,0.0403284960350892,0.0217693132559085,0.691748577604746,0.0675873448989638,0.0396130331589919,0.0175614750330475,0.0675734285664627,0.0601252617005847,0.0518019787524215,0.0497304223270008,0.0431412106444248,0.0399409879381631,0.0193446975386451,0.0239514284402276,0.0260161743347669,0.029735314794092,0.0275900334243441,0.0273770264524396,0.0301677449839939,0.0335811865767992,0.0262955540213335,0.0743338227150817,0.0165367873649794,0.0480127062081567,0.0168994757005079,0.0235640922941275,0.0737551803987509,0.0275704594082593,0.0223055649728516,0.00875999588873734,0.0345399574657662,0.0249159948028025,0.0867939002452719,0.0467476637672998,0.0896751401626015,0.0172247784028049,0.118797537321707,0.0448857449936947,0.0452879530088316,0.0365038258144484,0.0571636885684415,0.0884806927359245,0.0406981806405083,0.0199635778327635,0.0156843569623325,0.00672511345502786,0.0171252120812683,0.021916060134242,0.0262088272166996,0.00875274078479341,0.0350645963203057,0.0375930864822652,0.0224908443154833,0.0439502569302706,0.200462492557662,0.0517367456267669,0.0206870944985492,0.0421651790573191,0.0166201133382164,0.040204330416689,0.0370793959588436,0.0101988669356521,0.0173891277809443,0.018762458300208,0.0442839754790959,0.129704911514586,0.0492001627197699,0.0181539564122852,0.0314811053917505,0.0207428181233905,0.0230602544355895,0.0275248321815448,0.0433819094421707
"Rubavu - Centre Ouest",0.017226527380538,0.0155826534222057,0.0216674329314051,0.0203616841983117,0.0202325094340215,0.0193231795261605,0.0164229748672017,0.106757235224717,0.0470465806882785,0.0245135952940435,0.0456223672780524,0.0346528378777964,0.0167106230356876,0.028307054940014,0.0254376398724279,0.0219264147863777,0.0205820494722644,0.0199296887059259,0.0193420980022548,0.0219911176035635,0.0178907696480513,0.0148035845887859,0.0144167976784945,0.0186748558389805,0.0142910383641388,0.0146040349994811,0.0185717823532388,0.0201879265092207,0.0185903160867975,0.0175225757262893,0.0297850829101914,0.0282234882013941,0.0266830020741292,0.0229813524270138,0.0186267487292384,0.0631270401283168,0.0309642420828396,0.0245926469141133,0.0179514861684801,0,1.88127063719582,0.785461033801757,0.0142394161684595,0.0237733842114795,0.0163676314579378,0.0200909514763334,0.0153268972979242,0.0158236814091908,0.0291949857920994,0.270823854735996,0.0214163537620109,0.015295110202602,0.020640216101949,0.0173390426142801,0.0169098454798995,0.0165029065449532,0.0162988960751974,0.0152327628726493,0.0149174852391276,0.0157062782869796,0.0241578388764179,0.0240905770243669,0.0135396887846324,0.0131942771521867,0.0129141619413993,0.0133592840929548,0.024375120201766,0.0235768752747988,0.0175100994462843,0.0780035946289147,0.0161312682859888,0.0089197926636285,0.0394762325939271,0.0192309205737127,0.0131626398871603,0.0276852982842418,0.016018031439756,388.223166887509,0.025659644983173,0.0198720978455563,0.023807758063432,0.018688745171899,0.0450778921072439,0.0216683677400018,0.0242567953514178,0.0423896490076538,0.0238995454291341,0.0245936306294317,0.019037530981352,0.0233030551029596,0.0527144043133584,0.150885564161764,0.0124032966818961,0.0139683411143076,0.0185534239052738,0.0363741829905642,0.0159201252704496,0.0231320833193609,0.0236670283471816,0.0263319791348085,0.0244963382496974,0.0317506737161892,0.0247791940736788,0.0510470663753657,0.0238965198977707,0.0500069807525814,0.0234966728887352,0.023757458354481,0.0193259062778366,0.026609668829927,0.0602837597032513,0.026196312196746,0.0220444930714016,0.0189332533143462,0.0633516414829325,0.0138125543631788,0.0205582964072726,0.0163642084446492,0.0385547447239324,0.0206290700746144
"Zone industrielle 5",0.00878365009256179,0.00654762516941875,0.0107095279660549,0.00909463352315785,0.00938265982020531,0.00994638957289603,0.00695554168669395,0.064932811448526,0.0268991545955822,0.0124118767113523,0.0269472307320191,0.015458283457955,0.00710840121963356,0.0159891756449277,0.0140109415461608,0.0100458484135723,0.0197529968784612,0.0249368118856167,0.027521650313671,0.0100668034249856,0.00803605408585707,0.0190654919355583,0.0190895596093061,0.00852084031404099,0.00584160840507658,0.00630694712245131,0.0081893925910348,0.0089983287883606,0.00818069554422881,0.0076708163854592,0.0145509812250697,0.0143235459430574,0.0132305266042644,0.0110556590840515,0.00849644760641223,0.0745170693514269,0.0152294654926861,0.0118710409442478,0.00804875796378438,2.41464719452623,0,1.80537052114002,0.0181772337434944,0.0112577756177626,0.00709917980378212,0.0106304022653519,0.00689876902537634,0.00693958507635523,0.0145122312090601,0.151400282467904,0.0121999203669423,0.00636191675397543,0.00943299557763315,0.00744432030831152,0.00721549408482731,0.00719599948257357,0.0070460671057446,0.00646274070469517,0.00630490357843471,0.00657724089741909,0.011814608720381,0.0114023915064192,0.0054970154522102,0.00532276227641183,0.00519455116797659,0.00543789656201078,0.0113987493958591,0.0109043844387019,0.0259873629543423,0.0451530010012916,0.00680112038699343,0.0117588391332335,0.0204078131280139,0.00847092136054573,0.00526683987893922,0.0136312243521886,0.0113542009318533,5.21735613821463,0.0121019557794763,0.00882370591993488,0.0110362265963629,0.00844979369156172,0.0264926951561954,0.0100561516821526,0.0113811355955745,0.0299058866294706,0.0111133807139197,0.0115168873659886,0.00865761016381932,0.0108478138902149,0.028742504169503,0.0931760617359281,0.0176374671995383,0.0199542122700195,0.00814068800456667,0.0192360564369377,0.0067994541674378,0.0111655327256544,0.0109643451791714,0.0128059449186441,0.0118033889194041,0.0349190686947468,0.012035227503556,0.0289712311084947,0.0111622201055405,0.0841903806454974,0.0110976301152432,0.011007483597766,0.00926374140695604,0.01381204686201,0.0695697307976688,0.0136771331912436,0.0109124493909739,0.00904390901201749,0.0383902120089681,0.00572629691800287,0.00953950897672995,0.0124707223468735,0.0202122691651232,0.0140014651140269
"Zone industrielle 10",0.00950573503500577,0.00649731204500439,0.0114863360194079,0.00974185064252608,0.0100450108661892,0.00985934057987002,0.00689921170366248,0.0630592872317122,0.0263539150154294,0.012271030745288,0.032018602042561,0.0164926583709439,0.00704986954854796,0.015791294227576,0.0138533522456457,0.00993937717733067,0.0195387608219198,0.0246511129662629,0.0272003425954059,0.00995974857300854,0.00796654111182983,0.0189547629410246,0.0195850712163721,0.00844426324074034,0.00580023539058993,0.0062622442641345,0.00811513803391239,0.00890973664614537,0.00810637963384285,0.00823488905902871,0.0143467303662965,0.0156966237503394,0.0144374870689738,0.0109353085728883,0.00903878867272199,0.0736754354950683,0.0150080177807264,0.011732757124184,0.00797883052110752,0.976387413966695,1.80537052114002,0,0.0195454643403409,0.0121761251780085,0.00758388116701992,0.011456184688205,0.00684218276935612,0.00688633757179631,0.0143123425257139,0.149598996398031,0.0120493581296748,0.0063137983487704,0.0102536712198422,0.00738082687696803,0.00715540749333616,0.00713811397347424,0.0069899282593979,0.00641445429585188,0.00625876575520674,0.00652620668932731,0.013215782443653,0.0123535928139312,0.00546017854631351,0.00528798716852918,0.00516135338389585,0.00540201445238996,0.0112653300031112,0.0107804174262525,0.0257020926091163,0.0437343459978489,0.00674697857677055,0.0116855121441876,0.0200408617968158,0.00839123552725011,0.00523241300199655,0.0152317976456466,0.012081413691333,2.36413641180519,0.0131856375161704,0.00873810601138041,0.0109096333363939,0.00837348814637643,0.031439693955574,0.00995143782065583,0.011248762476927,0.0296315077183944,0.0109855700659303,0.0113809422698747,0.00857810045795509,0.0117270968425937,0.0280830372422766,0.0884115311391629,0.0188711274510014,0.0212476789454476,0.00806680091495271,0.0189193177942559,0.00725218168717377,0.0110433566973188,0.0108392992016826,0.0142346936152261,0.0116663301614219,0.0345920252107679,0.0118943452727918,0.0283366903354542,0.0110341071382235,0.0820939668645874,0.0109730210574127,0.0108814648239244,0.0100042173112042,0.0153402234812,0.0677552741587533,0.0135124858089169,0.0107995891742015,0.00927533863859953,0.0373971697336135,0.00568719698195393,0.0102167801527834,0.0123892462876453,0.0198554861221764,0.0139161959505016
"Zone industrielle 8",0.00969004099442266,0.00517020423916305,0.0148599874118116,0.013039262521395,0.0137790200086234,0.00730298317418464,0.00537908128301761,0.0102408292777432,0.00637048476289551,0.00633894333170721,0.0206325384689616,0.025949485954899,0.00471304178794927,0.00776232350798711,0.00924089158119606,0.0069502471442876,0.0122031607172064,0.0143885296217572,0.0155496026060513,0.00695581931061481,0.00746213874599652,0.0162771405240288,0.0167488767708932,0.00824091423240433,0.00566454552042775,0.00560891809791015,0.00605221320487362,0.0064360684103235,0.00604324305821385,0.0893835709421594,0.0056374983852598,0.00984558306556309,0.0113439863500355,0.0077305745449818,0.0134997215915564,0.0435311189790545,0.00631703813395188,0.00772776443111307,0.00615429990807001,0.0118408040108245,0.0184299701934226,0.0198056635570561,0,0.151463335438692,0.115732808575493,1.18061030365001,0.00526910658058233,0.00534016988203885,0.00688163713050236,0.0972444605467851,0.00753535051675809,0.00636684225061596,0.0178747214090366,0.00564446781849534,0.00552147987717697,0.00555587468948569,0.00546397483662836,0.00545021119747479,0.00558149738883324,0.00448649826720857,0.00793370159425504,0.0120217049173939,0.00517929367434161,0.00523994917250278,0.00532491183002206,0.00554616079996692,0.00624218620646974,0.00563982183821401,0.0150138359596154,0.00759479998510751,0.00675066718020199,0.00876648171500232,0.0091581922725458,0.0061757353221937,0.00482021362589615,0.0103878987594049,0.0767021616720708,0.0337149046368806,0.0107333303599468,0.00635076660302332,0.00694235659513733,0.00623330474790183,0.0206111335990257,0.00699611889852588,0.00692548420361425,0.0161013851514895,0.00642448960302987,0.00745561850823293,0.0063421162670627,0.00799929640534592,0.00589427937470398,0.00745982280534229,0.403665977986318,0.0218022507462397,0.00513603078742284,0.00648108689115615,0.10561974036347,0.00669997677992488,0.0064789350166339,0.0107940952469465,0.0070993621527147,0.0261516796864358,0.00751024579962672,0.00953857159841043,0.00678197443634464,0.012949250686601,0.00680586030409256,0.00644196942166302,0.0759899352261476,0.0134556204491011,0.0107348479745516,0.00770100677139691,0.00754519058831262,0.0091238604355271,0.00681006075058271,0.00516312252202914,0.0132474168420115,0.00819103107424899,0.00617365285935543,0.0119057737665913
"Rusizi - Centre Sud-Ouest",0.0177609038291389,0.0108902944203196,0.0271785863739617,0.0257361968732568,0.0263418402748208,0.0133648591436965,0.0113229986767991,0.0201991798930011,0.0126126195417771,0.0124088787033235,0.0385217882085636,0.0505762254519228,0.0100682833001612,0.0141127244826562,0.0165119681849494,0.0141834367091479,0.0135983248788972,0.0127376480257549,0.0122545109308231,0.0142094350295618,0.0148080877083006,0.0133627619429782,0.01337431374941,0.016152550321303,0.0118584580454242,0.0113588759425717,0.0125001075096835,0.013301160071728,0.0125034408040267,0.162018311668161,0.0117928731376265,0.0189206918851572,0.0217840428172498,0.0152118475203832,0.0256756360574397,0.04031644939423,0.0130767249451771,0.0153441949994746,0.0124698684945444,0.0237482916985518,0.0137125436383221,0.0146960731630819,0.141462455746511,0,0.0972527382055433,0.25514963623751,0.0106067382173063,0.0109148770117262,0.0139044032475675,0.172953428223157,0.0128959530920239,0.01317190729166,0.0352684454071648,0.0118208332787755,0.0115892655862154,0.011433559340111,0.0113072197787938,0.0112932790893241,0.0115227500384554,0.00963927922912384,0.0158443425883932,0.023443112414447,0.0108935221695437,0.0110041274062745,0.0111420079862107,0.0115292888084666,0.0129099049827756,0.0118121261834544,0.0112866340983974,0.0154622511648265,0.0138882346284796,0.00687316182970887,0.0183819757572368,0.0128149241633769,0.0102707923418762,0.0206913249201177,0.090574144722074,0.0462919669308188,0.0213429905278876,0.0131418880496781,0.0142457588758137,0.0126278767459222,0.0385817788887979,0.0141112108815338,0.0141374488111566,0.0225785739901094,0.0132592073758378,0.0151744273331461,0.0128145849505441,0.016108604679036,0.0122886314859401,0.0152092367724802,0.0874061495058983,0.0161398606924028,0.0108302882163619,0.0130410897562417,0.0847019710876012,0.0133484690871772,0.013374003371902,0.0214560445183161,0.0142148649765301,0.0249750941799148,0.0149036539329667,0.0184893095211179,0.0138810008390251,0.00996737824365296,0.0137801474552452,0.0133121765772835,0.452724606449453,0.0252320499272498,0.0121297660301404,0.0146227075518551,0.0144798164486628,0.017189550869772,0.0133341172289875,0.0107489489461996,0.0253800054843399,0.0104885110254246,0.0126487586235168,0.0164909515839978
"Rugaragara (OSM)",0.0113567201812717,0.00797775584177817,0.0171282130076163,0.0163977435781388,0.0166807116245609,0.00947791391132974,0.00825929913348375,0.0143778971426069,0.00905073097195216,0.00891496146835067,0.0222770313608196,0.0316024194822728,0.00744279786735371,0.00993814756451772,0.0113757440452315,0.0100438063285048,0.00931331638822528,0.00862310917809347,0.00824228173521744,0.0100602361850241,0.0104094875694432,0.00891385966654444,0.00889331569225299,0.0112066353628926,0.00860155029016458,0.0082607929962923,0.00900288447658627,0.00950600706939035,0.00900595143124132,0.265609485111432,0.00855904716742008,0.0127913208588239,0.0143585568094011,0.0106486221547649,0.0163720333341888,0.0272496255565142,0.00936686148469154,0.0107324264639039,0.00897315714827784,0.0163672295734427,0.00900900884775174,0.00954427049786763,0.107246176633417,0.09637590237009,0,0.108066897180659,0.00767933582246664,0.00797688527044965,0.0098681874910222,0.118328712068897,0.00870679227906743,0.00942600288910518,0.0208229249697044,0.00857761983797974,0.00842989157031224,0.00831829245801764,0.00823955661994509,0.00823123369441184,0.00837774172454817,0.00715881272188909,0.0106359288735805,0.0152328565374098,0.00797905636233689,0.00805049998003643,0.00813837122234656,0.00838583454409132,0.00926186804706392,0.00857207933956141,0.00764023587412225,0.0108150540864568,0.00986691264134625,0.004946014018067,0.0125030701380067,0.0092040024140843,0.00757598716358365,0.0137780116811915,0.172345518165268,0.0303951713092741,0.0141287770628822,0.00940739329649535,0.010084737627017,0.00907301789996717,0.022289291162123,0.0099935171982331,0.0100158274232725,0.0159533017677183,0.0094791565905174,0.010642758299153,0.0091892581788465,0.0111931421304168,0.00887389844277665,0.0106644691617264,0.185808956041943,0.0103116685273826,0.00793907187356312,0.00932916498522885,2.31934017911339,0.00951569726485349,0.0095506927296986,0.0141892234527031,0.01005316717042,0.0169269459038858,0.010467255118113,0.0125512827551823,0.00985977830119039,0.00687487179183402,0.00979195196506088,0.00951281683195663,0.121459118806835,0.0161340303927678,0.00844262980996316,0.0102741773262097,0.0101928155484269,0.011794395437803,0.00949764226646338,0.00788018589258872,0.0162168115777935,0.00758392958444192,0.00909444436016971,0.0117456926030279
"Rusizi (OSM)",0.0152278136645091,0.00923183794337297,0.0232223962402351,0.0211701907839568,0.0217945612688714,0.0120118211949637,0.00957436891244378,0.0172688106860786,0.0109076564895384,0.0108157627518505,0.0317605330709066,0.0416220047587881,0.0085243904600148,0.0126796391747378,0.0148099120071961,0.0119813942843087,0.0123152114677076,0.011604188050827,0.011204265011846,0.0119954172664199,0.0126505356202019,0.0121893278667427,0.012208751659398,0.0138002165493258,0.0100206273323474,0.00979138739096521,0.0105935443650648,0.0112173423089305,0.0105868093152907,0.0919928421784467,0.00997305632836505,0.0161472864283555,0.0184082970801282,0.0130270955598904,0.0215533605934649,0.036805676698111,0.0110327507443146,0.0130702363780772,0.0106731280051339,0.0199747589066102,0.0125369899685514,0.0134193001569012,1.02084375647143,0.265658526343931,0.112758934086969,0,0.0091465904100284,0.00939183898932575,0.011760672089002,0.155012886286448,0.011187624666486,0.0111104694897537,0.0283648899779183,0.00998930692577517,0.00979688011518448,0.00977110362735814,0.0096438901249444,0.00962663188206547,0.00982601177717296,0.00816405790296106,0.0132041069678159,0.0195420482439105,0.00924107494607325,0.00933516747117676,0.0094606451013064,0.00979704315609329,0.0109074014333751,0.00998205798950377,0.0103431553380345,0.0129940399590878,0.0117019062202877,0.00629393393004555,0.0153632396569445,0.0108149454111065,0.00869425222421517,0.0172114364034735,0.0741459822879935,0.042187441577529,0.0177288584256975,0.0110856383201509,0.0119963075605712,0.0107992927221276,0.0317066524689963,0.0119965384776927,0.0119434545662003,0.0208490661128122,0.0111922626474206,0.012771882431649,0.0109619040745378,0.0135724851142556,0.0103783247772022,0.0127876700920149,0.163566137256747,0.0147066586749573,0.00917963345429719,0.0111651026225656,0.104994846362417,0.0114672798808563,0.0112809321474534,0.0178192407680983,0.0121239080606668,0.0227933227817953,0.012726102722458,0.0157331145692603,0.0117269340120444,0.009135635409058,0.0117125466534328,0.0112264481739663,0.118945231990257,0.0212113586737811,0.0109945905585573,0.0127493795628222,0.0125702309057526,0.0148837930446625,0.0115346476877116,0.00914487458930386,0.0211803190605857,0.00970395317881955,0.0106842250628649,0.0152572160897786
"Rwamagana",0.0135009847928868,0.0815628475034267,0.016625081930247,0.0153723261857625,0.0152914886339793,0.29661816481839,0.126286101631081,0.0242411452968497,0.0208935641953383,0.024275347149875,0.0146145079586928,0.0259694834411699,0.0388763901703098,0.031100656931408,0.0614417934651521,0.0571360662161078,0.0425801264315466,0.0432095333287463,0.0449403797317841,0.064656469307423,0.0379468818427078,0.0261854623483359,0.0251606422541765,0.0302527072301759,0.0445523946058125,0.0507041927921464,0.169642933410204,0.0962347586912435,0.0866536339576451,0.00800870786277899,0.0229707309284223,0.0288118311644957,0.0211700127536457,0.0395870797855862,0.014918558491125,0.148300917403331,0.0236904118160511,0.0421839163157143,0.0490728497838497,0.0152936079364275,0.00859378973818412,0.00853145369623573,0.00651153234888316,0.0106016874142638,0.00764738979293475,0.00923734847185203,0,0.0708683561513242,0.0178603525343976,0.497150542162575,0.0458772383227901,0.0397302886198939,0.0134834268985105,0.236379326483485,0.170834834519841,0.11695170239149,0.107681722360441,0.0676412683019551,0.0598350899039946,0.0236166845026898,0.0189871746767236,0.0187252906585177,0.0389267734319821,0.0351021492353635,0.0316236760935877,0.0312040382978468,0.0292698267391786,0.0231023997296797,0.0498036175842254,0.0138627713877551,0.0332602112506827,0.0219004007497175,0.0191706017202227,0.127789926814177,0.0351153084665203,0.018242402370057,0.00754692890710668,0.02961980885783,0.0201573278493939,0.106430198196734,0.0401458388377403,0.215436341939396,0.01448154882734,0.0672484948963254,0.0386563019865963,0.0412200414622371,0.0317103297197604,0.0410728543869143,0.184537402706684,0.0310101097555877,0.0164896681739952,0.0131974980541483,0.00577715818450299,0.0121342276467054,0.0279304191653807,0.0211971586528324,0.00748092743213265,0.0306421840870148,0.0326124427755372,0.0183798668073711,0.0379865835331828,0.0776581589150563,0.0386816257518759,0.0171189728994931,0.0364169668074462,0.0138201773059407,0.0348510848602774,0.0321827744644759,0.00867077221319709,0.0145869897623911,0.0156649836217967,0.0340996999058902,0.080994585393496,0.0282865491804922,0.0152162565602389,0.0421484190809202,0.0155822700698153,0.0280892564688799,0.0220295746139118,0.0538157584728864
"Rukara (OSM)",0.0129012380091424,0.129963686673402,0.0161774877814474,0.0150294519978365,0.0149606021570006,0.159799317651266,0.299860206392267,0.0242610199571583,0.0204057504214603,0.030803845317071,0.014408120771299,0.0255837044764728,0.0885569404517662,0.0404225044332957,0.0474220377332574,0.043576203380347,0.0345990202817125,0.0342303358491516,0.0348293210023282,0.0475551358586897,0.0321767996845404,0.0228464257910887,0.0220523350318677,0.026853079442161,0.0593063424560281,0.06988204007139,0.0861517826572037,0.0618487321984017,0.0579525397520763,0.00829696236099482,0.0278576102820948,0.025822605345025,0.019911243063436,0.0332948554493789,0.0146627563412307,0.11548706211373,0.0218401183056758,0.0349105188920246,0.0403820565123177,0.0157898109712378,0.00876023512734118,0.00870091889215109,0.00666911564119598,0.0109165095919989,0.00794727187230247,0.00950163214373672,0.0707461102774511,0,0.0171490894410175,0.404645558881318,0.035637629536836,0.0399139916838496,0.0133720938824644,0.152177224733606,0.199067193201074,0.22071432209136,0.190971284999975,0.100950559226529,0.0863063407641552,0.0391516403929043,0.0174987690139292,0.0178845980192461,0.0514147628455953,0.0455800569056021,0.0404166550976812,0.0397890918506778,0.0386919616703962,0.0294294945178343,0.0373809096222311,0.0137085573037635,0.0338814814315226,0.0272879544958671,0.0182326236378606,0.0734020414190589,0.0456530894684195,0.0174650911268971,0.00775712803538912,0.0301434113765902,0.0190382252332356,0.065835409712626,0.0385305494301767,0.0982191355258448,0.0142857573394757,0.0490573355534658,0.0403388063852453,0.0620041082651768,0.035403237299686,0.0340501867386331,0.0909017634006002,0.0272971518794199,0.0164608954705075,0.0134345938456596,0.005930931248053,0.0117043484559223,0.0502748421144609,0.0199287371486534,0.00778449573081539,0.0367098735123033,0.0343667994400171,0.017579467855405,0.0396831430355692,0.0631089026948545,0.0373714990008039,0.0165604439961607,0.0381155866812812,0.0135750326171848,0.0365571310143345,0.0347703015944864,0.00893673540008211,0.0143657641015177,0.0155157563192573,0.033483222643033,0.0563994384990628,0.0254983638677648,0.0153315735378541,0.0564092035904342,0.0152288102313592,0.044362566027141,0.0214346825987588,0.0678373670388113
"Musasa (OSM)",0.0208765919378159,0.0174366083438459,0.0243268938574246,0.0226704272716631,0.0224201037625443,0.0234211261974864,0.0189817792120364,0.0677928756178861,0.0898839287543642,0.0309379990866104,0.0219455621129258,0.0373493624786587,0.0173554635710177,0.0383619173081052,0.038697906329166,0.0315617597257017,0.0310218268110681,0.0321774054358598,0.032318901337579,0.0317703876357151,0.0215852736378287,0.0194345986146501,0.0188005143180879,0.0233517489712647,0.0152923631454427,0.0156112094032257,0.02323342906158,0.0270708148452911,0.0232934478552554,0.0104294405441454,0.0465320012380958,0.0527346742426161,0.0349403840758029,0.0363998524795792,0.0196116780565537,0.101815920276133,0.12587968652136,0.0379495890251981,0.0217285274437431,0.0291678342302786,0.0168161402199697,0.0166125591137017,0.00843312537322819,0.0139150739161936,0.00985424079711515,0.0118629468191271,0.0178262520112957,0.0171304163078182,0,0.441026315324325,0.0399242726676637,0.0170635128318773,0.0190831722994894,0.0207462834902154,0.0199042534890032,0.0189721892569028,0.018629344363994,0.0167642112830352,0.016229520041253,0.0158790001693102,0.0343952827259513,0.0295539134605549,0.0140941996937327,0.0135733395559154,0.0132144902340688,0.0138708664547568,0.0316662057966919,0.0299059062100787,0.0273011208445773,0.0355022311611971,0.018563741218495,0.0092472756262472,0.053390247003321,0.0247910321674402,0.0135466979237333,0.0287062091098257,0.00956301585500832,0.0587433535177757,0.0331762619944772,0.0262995153700204,0.0324068888194052,0.023280627226603,0.0217335518836459,0.0306000180828365,0.0334379475291342,0.0492182861391043,0.0305976677031552,0.0382897275395419,0.0240266797859206,0.045577974831958,0.0492837541225852,0.0297763279884272,0.0074302001535035,0.0153284013118733,0.0202493173844881,0.226413955865362,0.00961965720436278,0.028425796156979,0.0300962584223181,0.0290133039087162,0.0336659797492478,0.0426512918906999,0.0347733299345353,0.0520175213183227,0.0325319784878403,0.0429691683412544,0.0313262751382893,0.0303063287076252,0.0113516759119578,0.0208376627386083,0.0451165041276293,0.0371847661313135,0.0308250270539625,0.0236124506400336,0.0378670763010617,0.014504972333102,0.0228420528495005,0.0160382344416824,0.0868739690152042,0.0215058261062696
"Kigali - Hub Central",0.358725124088966,0.425451897651169,0.385709047573133,0.338702561825447,0.336430093460107,0.818025949634767,0.513224901714965,0.556592869027311,0.613240404712121,0.613630813878499,0.30848350783191,0.544727468457929,0.302266449674669,0.982172647534962,6.83603183404675,2.99777666587108,3.46926901245033,8.45181085597285,13.4268355112035,3.13108032393173,0.696949485182877,0.824901580322608,0.771737340337628,0.850560356020552,0.326861096819447,0.341721853052919,0.863710979663398,1.45792884367988,0.871329518532842,0.12441814711439,0.56262374373276,1.4708638566965,0.637897028686149,3.56556413524854,0.284773415959093,17.5215942578655,0.863157066110236,6.10925507979568,0.709722766921946,0.271114832095684,0.172955788763859,0.171080243410606,0.112545205343868,0.172101632463889,0.117150661655567,0.155012886286448,0.506013000758994,0.410115013315977,0.450618007340148,0,84.4725118147134,0.403602807958894,0.269924166601144,0.63629096473957,0.574082653835514,0.511093041563966,0.490843377703932,0.392259036001382,0.367628608893302,0.26357117123745,0.694069595143,0.493496541398244,0.281339464907005,0.263151094761076,0.250123797546868,0.272341827558303,0.940012416911421,0.56906379506285,3.37157564757787,0.282797875333366,0.483708005806684,0.192589900087393,0.521458351293338,1.06310732393895,0.261859159607791,0.470125499549118,0.128056534259997,0.596546285175125,0.58187577594541,1.30616166294633,2.37253985783708,0.858492347195498,0.304044119500911,2.43984835267805,2.04847806048791,0.893511593659156,1.14645886672215,7.60212760926544,0.941584092601901,2.09104213295549,0.38551420735637,0.260507341657768,0.0987127096271519,0.254469268872727,0.389061848623651,0.640749661367584,0.113597878024029,1.0208957257794,1.23570075951529,0.477404680910078,1.86950016502588,1.99352084473155,3.29556932649564,0.410709978438198,1.68836321123804,0.378086595677892,1.45730458028132,1.19359787778665,0.140018099899782,0.308800895028853,0.400543831464182,1.81721589962496,2.29380866477714,0.864399636997862,0.330924574604206,0.29719326061238,0.346426150437024,0.275754974851981,0.719203317152798,0.455958106751759
"Kigali - Marché Kimisagara",0.0285163233858912,0.0367788163931823,0.0290849476130671,0.0275187227739378,0.0268505181782011,0.0651800496313995,0.0467508790358684,0.0443325395880684,0.0522141787405389,0.0508355713365926,0.0229194110523706,0.0425859333144477,0.0239419680995088,0.0784232412997682,0.794936964293941,0.416635146417358,0.353592702674808,1.12493376922146,1.49524031860048,0.441222697449841,0.0647022455412083,0.066204662942273,0.0614438334861813,0.0835264098096502,0.0267241099512754,0.0266170368345421,0.0880873005954684,0.171991248538101,0.0893814443727258,0.00818651983094688,0.0510736772219277,0.151344790787583,0.0564155242237772,0.60070761550942,0.0212693931986216,1.62170869550905,0.0864266495898837,0.828724150900361,0.0664326834628139,0.0193602257201754,0.0120534269455958,0.0119156707122868,0.00749522711883008,0.0112376876457767,0.00757239698509804,0.00942386455542783,0.043806068174998,0.0334474922349906,0.0385670141973575,94.0833077339554,0,0.0350399165960256,0.0208595887401299,0.0610935282971245,0.0537363085121734,0.0447665664820994,0.0429102075332904,0.0326237869140686,0.0300675876046269,0.0202592867868361,0.0696000031414695,0.042618981640713,0.0220368214212404,0.0202944685198233,0.0191378991999009,0.0211788952217125,0.0954050756713402,0.051920803441023,0.305417848648818,0.0220786417005558,0.0439456288229923,0.0136228901563751,0.0466688849141324,0.11592315128245,0.020336485416907,0.041105531794553,0.00884554339180756,0.0442686822006452,0.0533753817541828,0.149923265898367,0.293171046578917,0.0842228076670728,0.0226770512271887,0.312604789591014,0.242630812314552,0.0708345226816682,0.121662009691747,1.13063580747062,0.0942103472329715,0.24825689559979,0.032239753444305,0.0199739492022615,0.00667848405623641,0.0184430238927988,0.032401805236446,0.056966144526967,0.00734050958054376,0.0983751291755126,0.133558865998049,0.0418809616711511,0.208267860350968,0.187847945920553,0.402678996974916,0.0330758585670635,0.192762125202108,0.0275263419019019,0.157386673257107,0.128218328441427,0.00912625688676877,0.0234387289740447,0.0287244267070373,0.181836109711101,0.260473641296759,0.0804948312197957,0.0248901971443136,0.023393971646933,0.0273602114940476,0.0201228874482885,0.0690175185528466,0.0346259919560812
"Sake (OSM)",0.0218602002477722,0.0742470956495587,0.025254024869013,0.0235973281556444,0.0233062952023161,0.0670350673585907,0.0528161913085682,0.0232486313235772,0.0193733163154478,0.0194173043458246,0.0143233894477711,0.0387223744805378,0.0272541918098512,0.0233472893450177,0.0413326087485889,0.0384813782953772,0.0447229209810484,0.0345333565080386,0.0346846642603865,0.0416831598498376,0.0772861830056396,0.0928944457362685,0.084995929127632,0.111351497886058,0.180868009546892,0.0835763420635996,0.0462455068443833,0.0399793891557114,0.0545383160913362,0.00995744202529855,0.0186517317104822,0.0257115912052278,0.0284825351142418,0.0390445300548476,0.0236848921035838,0.0985599247858549,0.0217082541126445,0.031996111605968,0.0394308885796132,0.0153027643878354,0.00820353683751304,0.00814941814968615,0.00789932126888041,0.0132098029197271,0.00943260915166637,0.011239693639952,0.0394230313919919,0.0396764299214136,0.0170814763992515,0.395613640684844,0.0363206035273246,0,0.0197422608861874,0.0584913797162475,0.0526367241516707,0.0590280487571233,0.0620089533446397,0.0921690849853232,0.109763360686512,0.0190991241601542,0.0180926864551008,0.0310871268434107,0.0738287136164213,0.0795465810419035,0.0867623255393207,0.116702255105717,0.0223017998359389,0.0187333308010415,0.0314570699838435,0.0137563255686952,0.565837229185121,0.0247473461561958,0.0184059516943872,0.041895584621131,0.05182981220707,0.0229841806250025,0.00903764476141065,0.0281955520051813,0.0282163586146536,0.0391051821634912,0.0277359913491115,0.0510528738003806,0.0142140058893246,0.0446762944861136,0.0270555021573611,0.0335849592994554,0.0236083882748935,0.0321932665103146,0.0479037034481092,0.0274326018589613,0.0158490723439926,0.0129903617090294,0.0069626139032442,0.0193418022968013,0.0216268697075435,0.0196650999838833,0.00921892878668377,0.0230552439704505,0.024077089603619,0.0244237785639342,0.0267663959749012,0.108789898844388,0.0296845715614548,0.0165598960073052,0.0259857193611141,0.0125671984631943,0.0252263089165626,0.0238541895636074,0.010784496035234,0.0182740383619103,0.0144749415682992,0.0270570197587731,0.0471329178947718,0.0551678479985857,0.0146506143098487,0.0660104264397073,0.0237417228235983,0.0221750876029665,0.0203862357699387,0.0725312014924713
"Nyamagabe (OSM)",0.0654191134802491,0.0142725221157287,0.12576250489798,0.127906374382365,0.139458022215441,0.0172277368206729,0.014448230114329,0.022741053174883,0.0166101630152975,0.0160165502745344,0.025960653661133,0.365614272029454,0.0121114108337517,0.0187931708952352,0.0245607459234393,0.0208683296197899,0.0218756736074031,0.0196163843702882,0.0192537675417704,0.0209565462877216,0.0239332888893265,0.0244563706350164,0.0248910051281271,0.028385866615171,0.0164463675036248,0.0149265897752507,0.0168234290747726,0.0187528512770452,0.0168509697390758,0.0236523935850342,0.0153830868485008,0.0355372354945992,0.0605412854196918,0.0230823836945289,0.110899369776652,0.0621863232965285,0.0182184449556314,0.0236628296097757,0.0175579574128706,0.0206432956506724,0.011564859791658,0.012437733733222,0.0198708193158452,0.0351305468800271,0.020816645769955,0.0280565797007815,0.0134968730538793,0.0133928570605941,0.0190989375301798,0.267327336808449,0.0223769602194336,0.0197422608861874,0,0.015454435691659,0.0149795709989428,0.0144780056256839,0.0142695426810543,0.0150113124624077,0.0154961884280761,0.0113719607124366,0.0322779350056522,0.0813929981257218,0.0142664609477432,0.0144952797564849,0.0147674760311966,0.0155846107164234,0.0178018917960583,0.0154364211939921,0.0170338453331843,0.0189438120627934,0.0217657256674911,0.00831235912291022,0.0288732146473038,0.0176153355061025,0.0130544593243459,0.0552818231959857,0.0207278877397639,0.0391633496780922,0.0608762653837455,0.0183740534065983,0.0211321494265988,0.0168924517540535,0.0256916685366074,0.020480760211948,0.0207486788769524,0.0278016360271107,0.0186295196752727,0.0236735022835674,0.0172892426227155,0.0264108727805995,0.0138928887082852,0.0157225471356495,0.0163965312615658,0.040473819162058,0.013469778464522,0.0169393632271585,0.0198938096065633,0.0183659016157372,0.0189199110095681,0.0619075537703881,0.0206350959913009,0.041444073538866,0.0223675707021866,0.0243865313891489,0.0201044105181635,0.0110362083801312,0.0196748009057093,0.0187792802251851,0.0279921298319468,0.0949584470538522,0.013378866264363,0.0209445716693819,0.0207362754474569,0.0313877582636912,0.0143530231271278,0.0139360537495765,0.110052777937381,0.0117596229556172,0.0172660635818786,0.0205209473904258
"Nstinda (OSM)",0.0154767773087266,0.204224165874986,0.0188925720281574,0.0177406935913217,0.0175860630768094,14.3641554877472,0.614046623821475,0.0278429048806045,0.0242386964157255,0.0283490519693262,0.0165915603137466,0.0297884176412486,0.0606077299915462,0.0362942597098204,0.0792230482494307,0.0776660587609353,0.0522722531689821,0.0535963506631786,0.0563730947815001,0.0906842432674392,0.0472460573593662,0.0305052330685373,0.0292145654293588,0.0365148860688394,0.0719848312567736,0.0863298728778421,0.36915314019456,0.154241113364254,0.132909301166478,0.00901337924289352,0.0272754034205712,0.0345041540378279,0.0247186498249406,0.0494734545073357,0.0170274895047642,0.186793653349925,0.028221121294944,0.053491480655905,0.0670683726836086,0.0173452296089913,0.00940778327570681,0.00933779476901916,0.00709109716265255,0.0118626771615858,0.00858453517584041,0.0101287936134859,0.231714117991376,0.149968087756114,0.0207598351998757,0.616466515377327,0.0611124017672703,0.0584913797162476,0.0154544356916591,0,2.25014313439484,0.460737040679549,0.373333619966783,0.141240712978337,0.114433161984419,0.0317091334132295,0.0226236927633828,0.0217905957945232,0.0604769236235939,0.0524861006995608,0.0456432316574534,0.0447921277874039,0.0356142873325674,0.02745912406835,0.0638248865759361,0.0159108744820227,0.0464699606311665,0.0288394071280875,0.0224419981703605,0.233931460070806,0.0527135075418968,0.0212801008063643,0.00816387858746507,0.0324769849335587,0.023686519613426,0.178011148997729,0.051083640279907,0.561043048510798,0.016455481334753,0.0945443325267464,0.0487652516860617,0.0509688014984208,0.0389733456177137,0.0524125570059317,0.418231828163065,0.0379266213046558,0.0191091154805978,0.015110910886151,0.00627735683273408,0.013438054472248,0.0389970670228962,0.0247722010441875,0.00840498372749226,0.0369926418819798,0.0402448700158843,0.0214511279345074,0.0474017922393396,0.0950304498631512,0.0483117311912362,0.0196914740369756,0.0455443942634361,0.0153948600296051,0.0431054808764492,0.0396556102828947,0.00969976470847925,0.0166283894324926,0.0175062926402165,0.041168973787091,0.116933540540795,0.0335387719657504,0.0173037996676915,0.0674006236454784,0.0178817969415699,0.0355697914037095,0.0260684852495598,0.0735140258590388
"Muhazi (OSM)",0.0148400780320541,0.267299213161521,0.0182205787973085,0.0171192219305916,0.0169765714082123,1.36975928123264,1.66624682149764,0.0268371770677194,0.0231389538611133,0.0270182537155792,0.0160624490106703,0.0288170302411934,0.0683662536247034,0.0342596690539434,0.070011967208879,0.0679835827850592,0.0473361301559488,0.0480774196268381,0.0501300632979602,0.0779608450956404,0.0433555116397484,0.0284249567931874,0.0272692310095137,0.0341067334882772,0.0801440038575746,0.0976041390226178,0.242545341350488,0.122662670567147,0.108387526437341,0.00884986366894252,0.0258557704588911,0.03234735014871,0.0235644771585091,0.0452567644580575,0.0164654855238429,0.166303150735491,0.0267053731365309,0.0485962425180798,0.0597142325855235,0.0169162790195779,0.00915495120633332,0.00908845352023273,0.00695215525294126,0.0116315630989897,0.00843675434847189,0.00993771443121818,0.167738978567348,0.195927904980422,0.0199190361129678,0.55766409784212,0.0541922147883137,0.0526378835034104,0.0149795442523252,2.25024244501261,0,0.844522338453253,0.585174647940115,0.171376692827846,0.134355406099521,0.0338508824730354,0.0214061798240506,0.020873660674918,0.0662525339336148,0.0568597059766693,0.0489622247766731,0.0479847794357615,0.0334839384044056,0.0261516632088393,0.0559726704660792,0.015408181774729,0.0426215500774059,0.0305439476847177,0.0214631732867063,0.1716180759671,0.0571444136399302,0.0203964239086414,0.00801260608964474,0.0315753343022293,0.0226009274850385,0.137986101848805,0.046506654301334,0.326335046730067,0.0159327593822339,0.0809763251433778,0.0445770774560632,0.0535800596185776,0.0361964872699654,0.0476222780250295,0.266503806415523,0.0352961563443471,0.018391272473931,0.0146564817030495,0.00615891665335142,0.0129490733161862,0.0422206361461523,0.0236114176291674,0.00826284689347214,0.034530807378645,0.0372952619034611,0.0205537663476046,0.0434750070908628,0.0861250966512221,0.0442568964346149,0.0189463408900658,0.0418482100807916,0.0147716104496342,0.03979133591923,0.0367845782067797,0.00951333105469679,0.0160899145707491,0.0168417538666042,0.0382270634919659,0.0978486399186104,0.0315212957202354,0.0167293870481424,0.0745195626331989,0.0172586253084454,0.0376959216918008,0.024761902481623,0.0783394102797401
"Nyamirama (OSM)",0.0142522230045185,0.73026510170313,0.017632136603052,0.0164373418106232,0.0163334391650681,0.42291769293053,2.71930849600317,0.0258171786484835,0.0220338947780774,0.0281647797838575,0.0155830697359575,0.0277948191803456,0.0724120077287298,0.0361952296337253,0.0610556351552071,0.0574815927376155,0.0427285129818596,0.042992854705071,0.0444116780611181,0.0644711006448507,0.0390687692122298,0.0285996684678242,0.0274643692033744,0.0337022771498481,0.110366356485168,0.142407105232092,0.152907220577256,0.0927343734502736,0.084317222184333,0.00869301803136269,0.0256797289785049,0.0300301182132145,0.0223475651137001,0.0406487157722619,0.0159194387286464,0.147087948042804,0.0249711533837861,0.0431959875400767,0.0517421288778569,0.0164863071210612,0.00907885827653975,0.00901468475195193,0.00694241312213942,0.0114511853495107,0.0083029892231699,0.00989233134878567,0.116092452642174,0.219364430392135,0.0189975849005975,0.5007108270227,0.0464278378677419,0.059354367263743,0.0144691107520015,0.466100136945676,0.85447748383357,0,8.72284465820161,0.325307161274521,0.223615092316352,0.0351725241356755,0.020012552524622,0.0198791064138144,0.0867513812641178,0.0719468752694461,0.0601760056684488,0.0587630067368442,0.034793916429852,0.0270285240263274,0.0487842187135097,0.0148653491371123,0.0471822638142354,0.0371361564687396,0.0203602479956477,0.11944046624213,0.0723866385151085,0.0194057543212379,0.00803542805263634,0.0312743918409101,0.0213720634228504,0.101516325523133,0.0412993791804174,0.187469158176181,0.0154509578442128,0.0668040767374341,0.0398310186267484,0.0564617439276813,0.0330101292306348,0.0421934020558138,0.16438298211369,0.0323008109770611,0.0175960816974996,0.0141700083570865,0.0061601137930959,0.0126958359094464,0.0441195269439528,0.0223797694868697,0.00812959893997224,0.0331443135767097,0.03390725000211,0.0195471484090361,0.0391216701950645,0.0778776169226816,0.0397870990641745,0.0181952238709887,0.0376432335010446,0.0144060319788598,0.0360723108200603,0.0334831654822466,0.00936841000565474,0.0155718044155818,0.0164204345234437,0.0351856080608851,0.079077769841517,0.0294511540779199,0.0162040646574961,0.100539844436014,0.016621916862566,0.0398733277105934,0.0232775687525978,0.0958823763821367
"Ruramira (OSM)",0.0139671520576605,1.12096524282429,0.0173166399861297,0.0161750819724666,0.0160701086343147,0.350740594854995,1.33452974552049,0.0253766953437816,0.0215707748873896,0.0273322430299652,0.0153341516710277,0.0273703299628922,0.0679075072562386,0.0348887598146489,0.0582527266631555,0.0549321662943343,0.040994443275137,0.0411059254393212,0.0423403235065375,0.0613447495178691,0.0377875029281243,0.0292538958193486,0.028071726364543,0.0345779255661164,0.120342035498358,0.15793835147448,0.13883972787444,0.0867967592289169,0.0792983425894922,0.0086130706405892,0.0249867232122313,0.0292276684013038,0.0218773665068366,0.0392724685941609,0.0157711780898506,0.140370142319717,0.0244055227025421,0.0416638413430627,0.0496292577906428,0.0162868727225219,0.00892347674009994,0.00886109482227202,0.00684835446159807,0.0113300845955516,0.00822872743740662,0.00976987261111947,0.106743656814389,0.189482823130577,0.0186521859820695,0.480786868818159,0.0444727877067374,0.0622949675178158,0.0142619955956539,0.376732988497216,0.590676153810605,8.71330561623144,0,0.404305718946351,0.26187763187825,0.0339411185798254,0.0195586127639673,0.0195031562237094,0.092930600183553,0.0762169897767175,0.0631594295529514,0.0615969669545004,0.0335862599117217,0.0262675378471937,0.0463231938551783,0.0146475991825589,0.0490383710542056,0.0383086533756471,0.01997119575465,0.110217165362435,0.0767477319227262,0.0190495770833582,0.0079258321345182,0.0307296119012813,0.0209467690841429,0.0945621719558082,0.0398895035296858,0.167725090334136,0.0152066961934072,0.0634802905068857,0.038509135721718,0.0547089530149939,0.0320694686985198,0.0407277499111933,0.148585312218559,0.031395102832172,0.0172986770040504,0.0139707430486742,0.00607770940848423,0.0125211558872668,0.0422627834962532,0.0219090036103862,0.00805904943696048,0.0320344194771698,0.0329200206717634,0.0191861619272199,0.0378382273413434,0.0747056364044734,0.0384635760422393,0.0178705608722433,0.0364494550472011,0.0140774754481334,0.0349642998549389,0.0325183534358975,0.00927048512611987,0.0153256189211923,0.0160751945318292,0.0341121672362286,0.0746378651585167,0.0286691677502953,0.0159364605467914,0.108734186178061,0.0163483747591542,0.0384712931140485,0.022778194247159,0.0995801711270515
"Remera (OSM)",0.0149389951402963,1.28728457928485,0.0183575259444059,0.0171374633644011,0.0170152633802652,0.14693526708234,0.226559981589709,0.0230615035043595,0.0191842888147014,0.0236893243672901,0.014073495945678,0.0288850025914094,0.0494930576759026,0.0294804525785451,0.0450998775258561,0.042066067637937,0.0328888059838996,0.0324128739123719,0.0328910411077661,0.0458375577317488,0.0359894291917618,0.0363500920414733,0.0346847840580174,0.0427018367248973,0.268411408897,0.45098143919167,0.0818987420331256,0.0593224764570859,0.0640335093179479,0.00860572371516241,0.0217728796157498,0.0250526093489348,0.0197823790159691,0.0321897302532607,0.0173425061846973,0.109317317589939,0.0213249653111105,0.033760942706816,0.0430559387605149,0.0152210197964408,0.0082751930351454,0.00822096883716001,0.00683540758550313,0.0113175355986846,0.00822161274270915,0.00975380585748602,0.067159906182712,0.100298824488629,0.0167824396127049,0.386024368991586,0.0343610103882347,0.0926793412099386,0.015006236930283,0.142188031768035,0.172598182432274,0.324404232169666,0.404059204766594,0,2.27866865903616,0.0283504871806426,0.0170859906105501,0.0208959810764822,0.16950310857136,0.124047650256631,0.0941985848213954,0.0908505914322088,0.0281074492846912,0.0227437917582731,0.0352090118383101,0.0134603724701818,0.0669035623930611,0.0414416001223276,0.0178438011284172,0.0701237923671141,0.125732297255218,0.0171015439430447,0.00790985366126245,0.0284418580655921,0.0194650059656525,0.0630573474084925,0.0324533088376983,0.0928374549411611,0.0139614353162855,0.0471873688460735,0.0315432844420534,0.0475097140047397,0.0270221826336435,0.0330248941165087,0.0860996775338772,0.026551744905579,0.0156726316138739,0.0128858308101838,0.00606612578207712,0.0139011445738672,0.0340548802041685,0.0194253943350797,0.00805244453121954,0.0271024919357147,0.0276275333347755,0.0175713247671681,0.0311607164120768,0.0599124758628602,0.0316079598153302,0.0161738751544081,0.0301243457042057,0.0126240323565628,0.0291292328674909,0.0273388506099054,0.00926031610108264,0.0142438161031941,0.0145162687436592,0.0286970890838162,0.0538413020944108,0.0304881582770939,0.0145800697169489,0.220941821321795,0.0173144186668713,0.032694082301219,0.0200581357869727,0.138375783633044
"Kibungo (OSM)",0.0155978547622645,0.544204625491934,0.0190575119096013,0.0177705408276843,0.0176389517274663,0.12104510661414,0.168437179830212,0.0223948812120853,0.0185149798304573,0.022696707194217,0.0137097306416731,0.0298801961574738,0.0452868643118249,0.0280609451547978,0.0419392569720485,0.0389660897567994,0.0308679846628718,0.0302818948854482,0.0306080666067472,0.0421996004527309,0.0386865699858983,0.039694364087134,0.0377816875852851,0.0464654910643696,0.422309504801106,0.911545031796308,0.0715357521064018,0.0534691921529028,0.0573441933884438,0.00876521922143703,0.0208807369513073,0.0239222890768347,0.0206102707327942,0.0303594762335208,0.0179798696593867,0.101781366111515,0.0204670729916223,0.0317408549104587,0.0398772253727735,0.0149039019736474,0.00809456408626512,0.0080425939928843,0.00698080912900516,0.0115452860418734,0.00836687667307175,0.00995092696644204,0.059463911019796,0.0858290225260264,0.016246403462285,0.362384317991773,0.0318573461997322,0.110476675577473,0.0154921163125221,0.115191045787707,0.135301857485389,0.223171862865917,0.261887940527244,2.28002817939824,0,0.026867830347349,0.0163975400080394,0.0218277811143345,0.228735440311774,0.155652776035496,0.11244885448429,0.107803215214736,0.0266520210654422,0.0217720162165253,0.0325809503819661,0.0131119325936668,0.0762512102003525,0.045881720624744,0.0172371310274238,0.0622137330225689,0.158377648477347,0.0174200160573127,0.00807068338978215,0.0278054607746528,0.0202805764611365,0.0565210572140364,0.0305372951215423,0.0801021937919904,0.0136014536963087,0.0433917876560151,0.0297366331860563,0.045566608654705,0.0256711690370868,0.0310479796277956,0.0749517224728677,0.0252513025132413,0.0152021842045754,0.0125662704116073,0.00619113220968278,0.0144840955957261,0.031963336074237,0.0187276764905953,0.00819194352597863,0.0257846281208445,0.0262168294779294,0.0182366769829179,0.0294236209458759,0.060199208205595,0.0298297600865479,0.0156880130073667,0.0284675881173056,0.012225360772828,0.0275902866485539,0.0259554513026354,0.00944425339501221,0.0146769608766332,0.0140846581356694,0.0272667675834101,0.0491696876902651,0.0323950438566468,0.0141898784775251,0.322385690223922,0.0179542011358091,0.0311629681514965,0.0192945276537273,0.15892180356284
"Nyagatare (OSM)",0.010394030199116,0.0304287350382047,0.013309260024577,0.0125678592183268,0.0124964681546134,0.0344711406275986,0.0367364272596572,0.0241345661328049,0.0202806010685481,0.0379132981910643,0.0120759916193511,0.021553537873549,0.0983657689253551,0.0409822977409722,0.0252187698705182,0.0216057506204242,0.0193211674192379,0.0191725848409189,0.0188019000406554,0.0217007950757998,0.0171140120320139,0.0132880260990867,0.0129107223592119,0.0165824346016505,0.0229958340601128,0.0249526152412899,0.0266972315982842,0.0234088159087252,0.0228080108655632,0.00745668890901732,0.0287075379824201,0.0195354403023841,0.0158604660749443,0.0211899942612227,0.0116444216480801,0.0667014716382985,0.0187962091181907,0.0271539512696624,0.0193310758076089,0.0157136679121925,0.00844507094157711,0.00838791812469572,0.00577011722277734,0.00968487955411394,0.00716596104182983,0.00831282771162302,0.0235354775878969,0.0389239759748248,0.0158979802520593,0.261193225065968,0.0217753908435457,0.0190991241601542,0.0113719607124366,0.0317091334132295,0.0338504252774979,0.035060014650131,0.0338578934016137,0.0283024708642894,0.0268240810190385,0,0.0137148664767266,0.0145312380340945,0.0216213827633269,0.0204301483259567,0.0192560637245463,0.0191128985631751,0.0406543608150217,0.0369140517775456,0.0183798576818999,0.0120931579318994,0.0175175463516139,0.0133261844491508,0.0147779482486899,0.025081564124251,0.0204152727703041,0.0142599293069339,0.00670981599534041,0.0290517456887242,0.0153141923508949,0.0240215833111767,0.0300016640583703,0.0281590849748288,0.0119908218394276,0.0212266243717541,0.0311259232529441,0.13012305564632,0.0369836472054994,0.0251786769472143,0.0274272000804094,0.020412894115494,0.0164742063127683,0.0134084448008556,0.00514273426174712,0.00858947531093075,0.11700076994809,0.0188351143171361,0.00703726293738204,0.0380420205111117,0.035844262129798,0.0143374990426567,0.0325076344853481,0.0301252616754854,0.029220209300941,0.0136087697215593,0.0326151351717235,0.0131073473870399,0.0345690370141895,0.0362981985378813,0.00793898334434891,0.0120517009924393,0.0150574820290089,0.0266113533833937,0.0228968884339932,0.0167806032178099,0.0151678707835443,0.0225582245111986,0.0126840286610617,0.0650181111244409,0.0218434654669218,0.0318923426994115
"Muhanga",0.0640211602474385,0.0179989277964975,0.0515291516323897,0.0472084191955653,0.0456165472154826,0.0255436526296441,0.0201092083130657,0.0336262386014452,0.0251081521649134,0.0232989851042276,0.0380700880569123,0.0686787906020395,0.0150969660736283,0.0299899287419108,0.0534433233890812,0.0414269461452065,0.0408693466530986,0.0454783746089794,0.0471369917773475,0.0418861493018147,0.0236501164388228,0.0241002538517756,0.0246784885476655,0.0275287668379672,0.015273019904726,0.0155396358556986,0.0263444829176524,0.0328793966433779,0.0264555157588244,0.0115131380352179,0.0224209481807493,0.276793119459451,0.194636155348448,0.051334291446211,0.0331791025271317,0.143483472271894,0.0309656462221786,0.0554512989293762,0.023878192303074,0.0241498325987762,0.0136828930352339,0.0150917572566953,0.0093935155766567,0.015847612930888,0.0106390070981095,0.0132369684223307,0.0189211164159883,0.0174688262518102,0.0343629004252169,0.667306163710035,0.068129153978056,0.0180926864551008,0.0322779350056522,0.0226236927633828,0.0214059880677612,0.0199786837936149,0.0195334040849311,0.0170728864657252,0.0163863885689974,0.0137148664767266,0,0.0998736519393219,0.0138009053706022,0.0131840534336898,0.0130591291287303,0.0138585934987834,0.0295046720394521,0.0225765137368197,0.0364046287676736,0.0354250080624887,0.0202354482771538,0.0087451673949738,0.12819781424578,0.0289414979846988,0.0131667617667755,0.0928747938381043,0.0104275731281703,0.0484071478309545,0.167661376174784,0.0315144677783566,0.0429161659672887,0.0262512844328868,0.0375086244052124,0.0392325990039183,0.0408767478594513,0.0372759330066373,0.0323877594562718,0.0572170263072803,0.027418421657759,0.078729216993795,0.0188200337382485,0.0242312984205065,0.0081050851179294,0.026297448259889,0.0178540007942471,0.0265079247718262,0.0103162957999716,0.0306585722238942,0.0334841570639885,0.0963800467702644,0.0396615324514188,0.0493008929006695,0.0477870097288944,0.0650269428294246,0.0380692140387696,0.0162966842647043,0.0359397779820373,0.0329767407323505,0.0128408515795075,0.0377514943451871,0.0195869388410144,0.0394426785930142,0.0388859737098456,0.0309443055384705,0.0200598595545477,0.0142831611093489,0.0469020042949627,0.0135659955079252,0.0278919704365844,0.020694538726553
"Kigoma (OSM)",3.39832396365476,0.0195428596965223,0.214947571036585,0.186605582738932,0.169618903424879,0.0247546071654939,0.019881116456145,0.0317794650488726,0.0239129555100569,0.022660340004411,0.0310662478148966,0.203034830582398,0.0157449252165491,0.0279870711960257,0.041993253055282,0.0338763724745394,0.0389103641519075,0.0348334318685877,0.0350596354913957,0.03411413008024,0.0419260599171967,0.0521485525319015,0.0544926571629784,0.056458398335207,0.0237956820402163,0.0206588916404942,0.0245410054416119,0.0288084987910218,0.0246071748132653,0.0166701260884647,0.0216613974878265,0.0885035695543499,0.536913899946377,0.0394073356682395,0.084341292456351,0.11028369949423,0.0275950275436776,0.0412081175567529,0.0259875593373791,0.0240913297612568,0.0136207240095806,0.0146125856789826,0.0139237233549326,0.0234303430343673,0.015230949596916,0.0195230191559071,0.018707198536375,0.017881804200892,0.0295963337380663,0.482882513571732,0.0440636863758069,0.0311396057843259,0.0817450357458494,0.0218059431066759,0.0208858408842604,0.0198742828990059,0.0195011583353363,0.0208937348876484,0.0218236191347082,0.0145260014921275,0.100407900033414,0,0.0195277193111671,0.0199520647728226,0.0204571986748013,0.0220227682408123,0.0266583401740376,0.0217706705042628,0.029331402492818,0.0292495182213139,0.0362849402044031,0.0109066376736886,0.0594359464046427,0.0262657682005847,0.0173605013782175,0.160186339020573,0.0152170370902747,0.0475588190390216,0.630896412887731,0.0279459085214688,0.0346164375550158,0.0245943026471246,0.0306999892602383,0.0327813098082675,0.0335726010106467,0.0381700166610693,0.0285141708864057,0.0416210100898534,0.025419015083039,0.050202666673709,0.0188571340512295,0.0223341368012632,0.0118917350037658,0.0677003960024078,0.0180862907174219,0.0246757950923485,0.0147080999378042,0.0276857816624791,0.0291897709459604,0.233076063467371,0.0330991589362834,0.0761559832270007,0.0375381796182625,0.0432000725102903,0.031975313080591,0.0156867218281684,0.030836427365123,0.0288692872344606,0.0189119489739692,0.0605131294827907,0.0188541771900442,0.0334519857017714,0.0330269894865332,0.0672765285693043,0.0195732188430243,0.018919934114613,0.178866049153962,0.0148891475314729,0.0255471614965242,0.0276264755191015
"Rwabutazi (OSM)",0.0139252219436853,0.120818690061241,0.0172510756800863,0.0161882699756976,0.016068998026332,0.0650198450296031,0.0745532072696136,0.019650674114363,0.0158349474390476,0.0188645245299088,0.0121544990272417,0.0273649238602829,0.0325449774260282,0.0226257093972783,0.0312451519023452,0.0290692573330867,0.0236162203661132,0.0227459219989888,0.0226536976970799,0.0308853390400694,0.0323383120506187,0.0316878060147781,0.030327823550624,0.0377702339798763,0.110744493188716,0.500173884051878,0.0450336418689423,0.0367463371610244,0.0386615709778245,0.00834482259440658,0.0175270204342797,0.0196926644795274,0.0185328274004337,0.0239491628581911,0.0163579947787479,0.0755849032146166,0.0172305477750286,0.0247997086466598,0.0296648656975472,0.0135409343894541,0.00720787382635905,0.00716565760245191,0.00655205660943823,0.0109308575548281,0.00798040568259027,0.00938031826166474,0.0386745945164772,0.0510827340052277,0.0141118374526688,0.278540379647194,0.0236342322058835,0.0739528545111056,0.0142641598764099,0.0605654374425469,0.0663544190177151,0.0862976289930531,0.092559388441641,0.168717440955776,0.227448457723809,0.0216276024945565,0.013801450127727,0.0195231784572002,0,1.38397888087996,0.414449050512861,0.291034212438609,0.0214887377395468,0.0181572715088335,0.0236507991368144,0.0116756802308696,0.0561042296200761,0.0440583770876508,0.014863339834768,0.0408874364077376,0.374816971061479,0.0158947406403757,0.00758285318960553,0.024683113953079,0.0182646591146161,0.0382298241388197,0.0239917452108109,0.0487356710164864,0.0120669143554157,0.0315965138658739,0.0234958485463356,0.0375980379396388,0.0208351885761078,0.0243165596326792,0.0466581464453158,0.0205600253844351,0.0133151594080789,0.0112390788551136,0.00581879367273271,0.0129144822684492,0.0248908731342397,0.0159834275003314,0.00782234485576561,0.0209572610592861,0.0211976297933322,0.0165772283936807,0.0233304162932526,0.0502746011769009,0.0235984815250458,0.0136965955939799,0.0226800090560248,0.010448323837906,0.0221275388019698,0.0210228743505182,0.00894760634906295,0.0135535725018576,0.0121665101849517,0.0219873184500353,0.0348862992431755,0.0277600854593086,0.0125320098215328,2.72769325362557,0.0163361288707668,0.0251290524651095,0.0163753267609745,0.236900350756437
"Butezi (OSM)",0.0142229387619352,0.0945314573212054,0.0175723077779863,0.016482815027778,0.0163588584230498,0.0567318765242134,0.0630027679790323,0.0189814750861165,0.0152013950561467,0.0179858472368142,0.0117768636625936,0.0278304033762318,0.0299640006338618,0.0214390076064141,0.0290653710789554,0.0269882395568642,0.0242946028136264,0.0212039558364269,0.0210477633043375,0.0285520709446706,0.0334694152134103,0.0330193882891786,0.0315688902550534,0.0392968272523616,0.0917212627298857,0.266463035684501,0.0403604925053814,0.033512693582723,0.0351236186778539,0.00842288465105968,0.0167318238755792,0.0187222251933171,0.0189111597220082,0.0231905479557627,0.0166531455572922,0.0702612396161984,0.0164605634167257,0.0232779144782122,0.0275344044380508,0.0131951577579604,0.00700711562747592,0.00696709780861224,0.00662035233065292,0.0110409547973515,0.00805155309845542,0.00947364568174272,0.0349023141062595,0.0453207032660244,0.0135906136658966,0.260962156881071,0.0218869028226689,0.0796937957648874,0.0144930700065522,0.052558062359464,0.0569417200759365,0.0716172106759051,0.0759521027341384,0.123548947192002,0.154889190790273,0.0204349657186466,0.0131839174126643,0.0199469498930886,1.38418454117789,0,1.13025028899342,0.588159195019551,0.0203126344578793,0.01730510277196,0.0218783829843689,0.011315766560228,0.0594742897637166,0.038761899234922,0.0142855101992867,0.036950937082146,0.218652789850356,0.0161787535769367,0.00765828430659491,0.023978328393165,0.0186390091683652,0.0347510415485266,0.022538233494628,0.0434090477968717,0.011693114064076,0.0291837528468787,0.0221043768756297,0.0358281351744876,0.0197260330034871,0.0228273811157369,0.0417395762323807,0.0194825583380555,0.0128491566981855,0.0109052566487227,0.00587750480522325,0.013176128278644,0.0233361085943083,0.0153302090347399,0.00789083412450913,0.0198615115806327,0.020050396469,0.0168860032992427,0.0219746867366434,0.05195399236932,0.0222168579296942,0.0132143151112981,0.0213784957764578,0.0100507154991635,0.0208953505780001,0.0198932518330573,0.00903659109245667,0.0137575239817186,0.0117310135216884,0.0208106042314833,0.0320651397236982,0.0285824183038067,0.012130785164459,0.603305431295266,0.016632742189198,0.0238093023273402,0.0156757710420996,0.186041459047294
"Cumbati (OSM)",0.0145869926260726,0.0754834123047596,0.0179662607647495,0.0168322466827125,0.0167048381951148,0.0496594979962152,0.0535531770442976,0.0184423829162835,0.0146974434709263,0.0171186542435977,0.0115971944758043,0.0283854878358798,0.0275301905995464,0.0202919847438135,0.0270112796894467,0.0249996175922837,0.025147001544635,0.0206392542954808,0.0202758846572052,0.0263379737587162,0.0348367397338627,0.0347017965931712,0.0331372009187529,0.0411536588630744,0.101263619666348,0.167334899068883,0.036151921459369,0.0305118227720052,0.0347631801839527,0.0085162857358965,0.0159355849737565,0.0180667653103805,0.0193664586640551,0.0238648857519939,0.0170091822344721,0.0652558724425272,0.0158431209575379,0.0218012743773182,0.0273283942982453,0.0129121629284584,0.00685401126792195,0.00681569260753983,0.00671203756058139,0.0111761518207756,0.00813725647069743,0.00959646190894232,0.0314770027417422,0.0402304413565175,0.0132303582734523,0.248397435655836,0.020744295055942,0.0869916647303047,0.0147647902778774,0.0457177966857234,0.0490468207971662,0.0599661007645368,0.0630019496239736,0.0939339855831794,0.112052849127065,0.0192603911945422,0.0130587257688854,0.020452867600346,0.414973340798164,1.13151900265992,0,0.935002013214198,0.0191539907085357,0.0164538366511777,0.0202256162026457,0.0111388803110291,0.0636457842044349,0.0341738362751345,0.0140024560397314,0.0333534283765231,0.143977213762262,0.0165157048869087,0.00776204874244709,0.0234433526409262,0.0190831521574095,0.031540529058206,0.0211204194743304,0.0386689201177436,0.0115147109832173,0.0269014193708384,0.0207450478924528,0.0341108133639176,0.0186303407237894,0.0213769113197263,0.0373314308264848,0.0187504214615054,0.0124707021544879,0.0106324799313883,0.00595697064304405,0.0135124419265991,0.0218254553359765,0.0148080866683894,0.00797294416222924,0.0187839722032129,0.0189186248846212,0.0172523176309348,0.0206516799438763,0.0540655927648894,0.0208704851664914,0.0129821843255117,0.0201027936268403,0.00974603137111237,0.0196863330332433,0.0187779873532909,0.00914588068963598,0.0140045543362488,0.0113948219637064,0.0196623680486743,0.0294313994103105,0.0295837378492901,0.0118096335568373,0.276127989370893,0.0169886072278078,0.0225359365708498,0.0151134982607662,0.148641719321484
"Gahara (OSM)",0.0156926331876443,0.0732926782993273,0.019141657987535,0.0178972855653879,0.0177537618553964,0.0488884381948871,0.0524168556115466,0.0192875838559071,0.015492456738296,0.0170282942085959,0.0120919374561206,0.0300596733883239,0.0272307810342759,0.0201863759674682,0.0279158344304484,0.0258031844108528,0.0277861783840836,0.0226359107396152,0.0223170457958735,0.0272269363555305,0.0393654652811706,0.0402757023381004,0.0382983739600543,0.0474737919743434,0.142841132757845,0.139885494416277,0.0356381094181573,0.0301422528072699,0.0393458100541725,0.00878527003235301,0.0158408740801581,0.0192722274746781,0.02075752869009,0.0259751293106312,0.0180805340422208,0.0675172618170212,0.0167856741883415,0.0225467585518842,0.0301113201171915,0.0133541022776064,0.00712782820334722,0.00708665527933449,0.00695691057876152,0.0115600585044241,0.00838228880174802,0.00992867745110944,0.0310729662166085,0.0396256855235419,0.0138860545436625,0.269996094318457,0.0228389710035174,0.117165908648998,0.0155825101707906,0.0448852198803061,0.0480905652081631,0.0585972017609607,0.0614847279320989,0.0906730491775004,0.107524980300819,0.0191181194265549,0.0138596279057653,0.022019092286209,0.291732959163291,0.589591957078159,0.936206983095577,0,0.0190143068590492,0.0163519886752773,0.0209722156602645,0.0116018673695393,0.0794171163835748,0.0323290698493036,0.0147372471102274,0.03291053456547,0.122100376454808,0.0175407519103681,0.00803353217625138,0.0244054567736733,0.0204547771728408,0.0311451362825395,0.0209477040494791,0.0381006615796651,0.0120036411635667,0.0283564274762485,0.0205811874035386,0.0339736820946732,0.0184983281215894,0.0225042457723734,0.0368033510806553,0.0200698290853718,0.0130523072308733,0.0110539082644488,0.00616756695492457,0.014487688267156,0.0216421778099911,0.0156211431495817,0.00820827068665182,0.0186624016395575,0.0187818477374883,0.0183715770888302,0.0204972440531575,0.0607512434660337,0.0213797636316482,0.0136057058351274,0.0199491577206609,0.0102703679071066,0.019543855023803,0.018643137978656,0.00945595419146104,0.0147331763027734,0.0119672476954719,0.020155795857999,0.0304075043211199,0.032781363017884,0.0123231943612762,0.211745228968715,0.0180642933218478,0.0224279721361639,0.0159735039840407,0.134936738498299
"Rukomo (OSM)",0.0188348631649918,0.0301467100882916,0.0223288307147172,0.0208878334918281,0.0206695330833143,0.0405020342838044,0.0363159260471726,0.0481307980126634,0.05134341018136,0.218371687588309,0.0192385995971241,0.0346463207524084,0.0511879997758518,1.53601333834805,0.0814387890992768,0.0630798300382943,0.0532819672495098,0.0610040037389117,0.063537582485954,0.0639235388200583,0.0331096676278961,0.0281596935518703,0.0270241217448569,0.0337246483248166,0.0228379061666437,0.0247856183316778,0.045536707840342,0.051834674602031,0.0383576465514351,0.00977011100190543,0.172086872769068,0.047436004271037,0.0309875140197804,0.0579333561129263,0.0182710700293462,0.249108817344893,0.0450351282370345,0.127191756072006,0.0334690102085894,0.024374291851224,0.0136370923789829,0.0134975593304889,0.00775508954171631,0.0129461853810374,0.00926618529185482,0.0110368593274258,0.0291272477395792,0.0384865099977549,0.0316680580333567,0.902914635555645,0.0930720692338163,0.0223049780403821,0.0178024844869186,0.0356277399237295,0.0334950926391172,0.0346970072633423,0.0335168295445983,0.0280678875805851,0.0266155460688353,0.0406724460023022,0.029516340123747,0.0266310744628448,0.0214853801829866,0.0203099522155487,0.0191511627022996,0.0190105590237648,0,0.234216667296303,0.0623656782907815,0.0196217761416714,0.0249042118981624,0.0132915822252925,0.0276503901389719,0.0463329295587085,0.0202929305211922,0.0259248438900103,0.00888637426019267,0.0477225795878632,0.0295396067724738,0.0492069566220818,0.216385723945865,0.0427489857419706,0.019067426913516,0.0590507635844946,0.261921765361371,0.153271364752962,1.56795220359221,0.101039657421932,0.0445996866754986,0.0544115013053158,0.0340298587512979,0.0232833906080967,0.00684218500960731,0.0139902131181964,0.0824674944098883,0.0441196706538661,0.00905885112841546,0.460616356606903,0.961429400493191,0.0261762956946358,0.319589057892869,0.0635551434428279,0.172515158170676,0.0235369170178531,0.360679972826564,0.0286081441661658,0.551866572955712,1.16414083993635,0.0105726105652998,0.0193250298229105,0.0311848984782836,0.107973303190502,0.0581455983631577,0.0339329048049912,0.028253898999046,0.0224115504644579,0.0210413409165475,0.0327824729989442,0.0657235612003792,0.0317863853656319
"Gatuna (OSM)",0.0154523751602423,0.0240478771903808,0.0188669452851787,0.0177170256762673,0.017562856064241,0.0309845173006995,0.0278713586050636,0.0454308088485277,0.0471448590335885,16.7624077438518,0.0165714537357941,0.0297515008477015,0.03613075200405,0.175289526881114,0.051627930961657,0.0419853461177141,0.0366171969206229,0.0392731185250795,0.0397862871013277,0.0423626637386371,0.0260162443909543,0.0217650428870087,0.0209967347157577,0.0264155092585532,0.0191094655164158,0.0205480564329068,0.0331873535306212,0.0364667571095022,0.0291111111103145,0.00900724663961138,0.13709460723079,0.0344198795325696,0.0246742073237848,0.0398006743116943,0.0158266437828243,0.148308738373419,0.0372433424462508,0.0658940720717317,0.0262338016101109,0.0235765220718503,0.0131236611146648,0.0129933844665198,0.00708586271214686,0.0118539917017781,0.00857899629700404,0.0101216003622178,0.0230271212788739,0.029318014841006,0.0299019299132948,0.552897098788297,0.0524715525876588,0.0187333308010415,0.0154364211939921,0.02745912406835,0.0261514404445502,0.0269736026368962,0.0262270523021019,0.022721721744194,0.0217526617995218,0.0369140517775456,0.0225765137368197,0.021755443410475,0.0181555501434744,0.0173043284298917,0.0164541455814406,0.0163526442863435,0.233941289654378,0,0.0390091690383316,0.0189049245050236,0.0205493998342663,0.0114417549314321,0.02240442508886,0.0335751741604641,0.0172836872152676,0.0212462454327565,0.00815818069814695,0.0458749081402135,0.023644762741296,0.0351051786488159,0.0860456990863797,0.0317426732149738,0.0164356211454058,0.0401936913855367,0.0940855082808295,0.242396432610723,0.16117998215839,0.0570629872594722,0.0327849757533141,0.0378231990444131,0.0320102550852998,0.0222914984859854,0.00627289679964361,0.0119692734492406,0.0526491875122004,0.0409028008406696,0.00839965865955794,0.119207351272539,0.144897495290544,0.0214167385136215,0.103253662708575,0.0482773013715358,0.0778886678989259,0.0196630124269443,0.107233232053431,0.0267342973274113,0.125227663557855,0.151434319076828,0.0096927600649205,0.0166079224103122,0.0292919411390615,0.060676496196171,0.0401056253079625,0.0266414244936984,0.0268490646618565,0.018821684866947,0.017858061459244,0.0267180690663443,0.0590204323785172,0.027142124892631
"Zone industrielle 14",0.0206000628285429,0.03735975541581,0.0222027054247762,0.018594465491587,0.0190333887103446,0.0931829635341792,0.0484464690832309,0.0318742268321459,0.0344351543683648,0.0424312143225724,0.0174408082163756,0.030005908750719,0.0211768386900097,0.0720283736185046,1.50325819737513,1.77351877241117,0.427705087637923,0.797718190074658,1.25907549943375,1.28236866760159,0.074952719802453,0.137169076840973,0.131222926101146,0.0618652208112279,0.0260902513217371,0.0279080970331199,0.103301062255514,0.242966623928783,0.104723205696667,0.00627230637027965,0.0373377882071879,0.0715378149428655,0.0351858524733872,0.183262951198759,0.0174940636243843,8.92997422803775,0.0447630139974544,0.283613564173093,0.0769692083017764,0.0144645955955126,0.0259873629543423,0.0257020926091162,0.0147827425421192,0.00902982300161615,0.00587905205658996,0.00860159132556314,0.0496471685636478,0.0356754836759554,0.0251648443208794,3.75415257283123,0.357660967899649,0.02958854300117,0.0146993563442002,0.0657740841324081,0.0567571604339485,0.0482409298547885,0.0455869273670046,0.0334932657728786,0.0306790651794709,0.0160352437802634,0.0359606199164752,0.0272633169194312,0.0213752365047085,0.0195608874613442,0.0178857610150326,0.0186382325667048,0.0640154860148484,0.0377662099914767,0,0.0154354085804878,0.0368980535496817,0.0375054983345016,0.0284279499561593,0.143028046348288,0.0194023389472491,0.0257458998085156,0.00949792729842657,0.0444837495302157,0.0315045720350711,0.200811786392799,0.15510887497936,0.102028620495276,0.0171912099667743,0.662325668511656,0.136523489287721,0.073415372127108,0.0781381542742151,0.234401454727153,0.117395796259042,0.0885182243367224,0.0211879108617761,0.0141600121685782,0.0145296581292271,0.0436852126340876,0.0249555038803943,0.0352622307297064,0.00565437912600577,0.0711891191809064,0.084086871796389,0.0261316326696351,0.127391459819377,0.362315731199898,0.183854260971541,0.0231006280848398,0.113999653844363,0.0548871419816592,0.0999386801880826,0.0812249263305485,0.00745891256912689,0.0175953182244653,0.0403459646489972,0.117329128990818,0.549944985346937,0.0643308771872712,0.0188675113703132,0.0232216211007787,0.0194424772315041,0.0270524860027755,0.0388208152164504,0.0441610552150758
"Kabaya (OSM)",0.0205791598296421,0.013886503644364,0.0240291046347424,0.0224723533309499,0.022210949842587,0.0177478570958723,0.0148468211821,0.0945450073059432,0.0422013678132823,0.0195939203634391,0.0269658898148061,0.0370365065989131,0.0129327296988749,0.0228338555408001,0.0256111483833255,0.0216989006686969,0.0207072385530146,0.0205120882157653,0.0201674564940324,0.0217948250723915,0.0164587655511014,0.0145998590183968,0.0146852079316898,0.0176674718770401,0.0124857790217025,0.0127356628958301,0.0173622241918272,0.0194259831220652,0.0173921534730194,0.0115248595858221,0.0246641499173669,0.0378743975655786,0.0344400817807076,0.0240779396652094,0.01943732615125,0.0650295520479161,0.025804482818623,0.0247161938040543,0.0165385843213925,0.0778790327206307,0.0456870829062706,0.0444135519708953,0.00925027566218889,0.015490980974246,0.0108209090149448,0.0130992313159696,0.0138736821474716,0.013727685997446,0.0354840107504006,0.279745443740633,0.0235951395326669,0.0137563255686952,0.0189438120627934,0.0159108744820227,0.015408201619604,0.0148728728800131,0.0146540936230752,0.0134693009101582,0.0131224213477457,0.0120931579318994,0.0354250080624887,0.0292053235521814,0.0116799210807846,0.0113204535716439,0.0111454187005967,0.0116098948867365,0.0196202074428227,0.0189049245050236,0.0177771852036489,0,0.0147179651973582,0.00760921894480289,0.0808100512917098,0.0182090650307197,0.0112978867023312,0.0283928041213305,0.0104719129384303,0.172463110853194,0.0327651100877475,0.0190201990670618,0.0219871906068413,0.0174292785165423,0.0266805750771306,0.0212742903723671,0.021569747149486,0.0333234968294687,0.0192930825605512,0.0247449323088464,0.0178512830227187,0.0277389119190996,0.0443049315660112,0.165529454557763,0.00809319130822263,0.0149123590186341,0.0144901673514125,0.0310220887517542,0.0105454672055943,0.0189961162668819,0.019604855843606,0.0286934121522528,0.0214370332098458,0.0304950518693224,0.023306845781713,0.169040689820811,0.020875638938053,0.0427392625566934,0.0204077708512602,0.0194543151952946,0.0126137295420929,0.0206378839021116,0.0518690073495828,0.0217473869427429,0.0215279507161694,0.0189480152879089,0.0538117536629407,0.0119604915242649,0.0226181958972057,0.0124461022534975,0.033456898851039,0.0177088714277658
"Rukumberi (OSM)",0.0253188919221428,0.0562613239703207,0.0284442007002568,0.0265215124770127,0.0261459593835761,0.0530026036112738,0.0427402339504599,0.0250699893466995,0.0212543065707532,0.0212845700179047,0.0153352835064394,0.043040644918113,0.0241790253727913,0.0259339828493817,0.0496880086127374,0.0465241552075943,0.0563400587926703,0.0420818581898781,0.0427055568964108,0.0512037824598065,0.112210265099121,0.154641455621782,0.136299479824763,0.190642877638265,0.10653666581208,0.0620941981746398,0.0382948839762366,0.0487357741979014,0.0439199541114556,0.0104520329452749,0.0204497731194237,0.029098795415275,0.0326941868646378,0.0471299666832487,0.0265582983910087,0.117860281356928,0.0241691651824008,0.0373827262875986,0.0477413936992674,0.0161383679056742,0.00869512402511791,0.00863475093443289,0.00832449785951593,0.013923582705811,0.00987331218163032,0.0118244588093954,0.0330518446003053,0.0337192761264649,0.0185801251222262,0.4719258868379,0.0448875464549664,0.565837229185121,0.0217657256674911,0.0464699606311665,0.0426207839062625,0.0469699366214649,0.0488539627346162,0.0666014578170443,0.0758476078548073,0.0175175463516139,0.0202354482771538,0.0362082963950974,0.056027016262243,0.059384202247156,0.0635081890297938,0.0791595732815601,0.0248993034518606,0.0205493998342663,0.0382161371555126,0.0147179651973582,0,0.0215425026136323,0.0201572240832385,0.0420447144199221,0.0420790901350594,0.0257535269659964,0.00949254755240747,0.0299394877127546,0.0324503065037666,0.0463886563657624,0.0318218160219697,0.0416988860699293,0.0152142659694286,0.0555650246882235,0.0309188692256716,0.0358251948300347,0.0265317864012572,0.037752929319995,0.039541633546784,0.0314048586751035,0.017136080044679,0.0138450258980956,0.00732041730099968,0.0219371287487095,0.01963195341129,0.0216312968382884,0.00964081296429565,0.0257674328384483,0.0271241863556059,0.0275634832550054,0.0304905235846187,0.146606938811244,0.0342826391240512,0.0179374585283663,0.0295415260814319,0.0136804013194451,0.0285414340670072,0.0268445519621464,0.0113578856920467,0.0199657289072717,0.0156736522525051,0.03074128483801,0.05888349208238,0.0715256181161277,0.0157110656986853,0.0513075630201627,0.0266575275137493,0.0203834830829272,0.0225542569472418,0.0611629372288377
"Zone industrielle 16",0.00683608407397572,0.041938372578118,0.00855217274067306,0.00729219089493074,0.00753402369273811,0.0351002917926156,0.0309894702139848,0.0105424382383479,0.00867248464141457,0.0106078217794933,0.00651570960890892,0.0125386680328902,0.0162520156681132,0.0139036021748058,0.0189818401839823,0.014819114012638,0.0251409508080459,0.0307827594241607,0.0343869367639029,0.0156263690314674,0.0138336191525982,0.0352305858775757,0.0349814010551228,0.0156435244434285,0.032238986596512,0.0590381704511531,0.021647806001273,0.018061926392914,0.0175948056173671,0.00371835733043067,0.00900635355908698,0.0107116336139105,0.00866607606553572,0.0129116358236464,0.00773591470381643,0.0956221885164746,0.00883410160027897,0.0131578265060976,0.0145928166064755,0.00668528499864499,0.0117588391332335,0.0116855121441876,0.00859042571866332,0.0051470049632236,0.00357571799886099,0.00497343474805813,0.019821207273003,0.0250616983496298,0.00733651392750245,0.170358722873896,0.0139226455452159,0.0225196623609275,0.00645881575363425,0.0268060074657938,0.0286140326205491,0.0355195223734444,0.0368228769376493,0.0402408918131281,0.0450984976603952,0.0110974436169368,0.0070743752162189,0.0088491751883846,0.043256706332927,0.0374311331821666,0.032444325339972,0.0304542402585944,0.0110687298752302,0.00931794868299248,0.0375054983345016,0.00583613654174872,0.0192245257442788,0,0.00757062743076845,0.0197588070157071,0.0635732991570113,0.00728870283081035,0.00588280282100997,0.0206028956207308,0.00815771151971003,0.0186794568104925,0.0122709523360602,0.0237793837481603,0.00644786943066457,0.0162869761882156,0.0121348252719137,0.0302965294598562,0.0107238177012926,0.0124672887385325,0.0230066840870746,0.010667311492605,0.00673256932560984,0.00559697201250117,0.00866691680662451,0.0187306223643974,0.012782912621157,0.00851287459777228,0.0034696342511074,0.0113506219211999,0.0108901484556073,0.00745785645900984,0.0123939107275628,0.0530165509926908,0.0126084944435067,0.00726260639888542,0.0117139174478386,0.0170298259104212,0.0116336009796174,0.0107921659355043,0.00428255125218985,0.00656284295293883,0.012923288046869,0.0125704992351077,0.0191164497181253,0.0129827655492786,0.00678487163818531,0.0491149220241778,0.00765135943936837,0.0274249492863564,0.00853330154541727,0.109457832253102
"Rugendabari (OSM)",0.0404047635686258,0.0186222803601614,0.0406916379639351,0.0376780217877901,0.0368835776887695,0.0252177913756783,0.0203978998874195,0.055767873148982,0.0311162542747305,0.0231873917671203,0.0394026114734621,0.0587355855422609,0.0160485177350423,0.028634096978129,0.0437843899017649,0.0355233593548298,0.0346110699201347,0.0362958404111621,0.0366148305875521,0.0357921314052462,0.0233501828977336,0.0220404511721149,0.0223711778551811,0.0257913891746337,0.0162080254978406,0.016511241195094,0.0253466985895547,0.0299862182043697,0.0254229820628856,0.013466480665117,0.0222846115991239,0.100208065655824,0.0815517874458617,0.0415117209934857,0.0296613864332558,0.114954203444469,0.0317651955310843,0.0435937395622688,0.0235227513107569,0.0394491618244204,0.0227000245683921,0.0223419028119149,0.0109355962691737,0.0183950860908469,0.0125076443631032,0.015427661438357,0.0191370969285522,0.0182240410870363,0.0533141366074731,0.507776288250921,0.0474855808284445,0.0184059516943872,0.0288732146473038,0.0224419981703605,0.0214630709840232,0.020343923950542,0.019959449491539,0.0178403127239664,0.0172355611733329,0.0147779482486899,0.12819781424578,0.0592294965813276,0.0148651022127794,0.0142879127097592,0.0140061012337712,0.0147408308914014,0.0276434926789273,0.02240442508886,0.0303686113500025,0.0808100512917098,0.0201572240832385,0.00954678534457231,0,0.0272272517925669,0.0142648164898321,0.0566736118837035,0.0122166296780129,0.0815302505699837,0.0754194574151494,0.0290477747958611,0.0363716008158443,0.0253498320060051,0.0388841461563131,0.0342594008218279,0.0351876333862142,0.0385616424975629,0.0296595427524112,0.0442137027091194,0.0262305993254157,0.0540170435152118,0.0293655693673839,0.0447582764220064,0.00947830648065391,0.0232735340997305,0.0184963299127741,0.039027092428541,0.0121475328582285,0.0286367507868897,0.030399598434292,0.0578111948641262,0.0345784064495296,0.0462372719518545,0.0394656054547454,0.284421514772408,0.0334309896029389,0.0266406527368645,0.0321335084593612,0.0300524488872895,0.0149288850527961,0.0325358000250698,0.0320350820524418,0.0347612354296953,0.0343384911584861,0.0283138632000775,0.0320618089176676,0.0153155632277887,0.0377218769268239,0.0149074391137505,0.0289107159575897,0.022438652024535
"Nyagasambu (OSM)",0.0185450170930403,0.0839947707823666,0.0220324948035875,0.0206359285483624,0.0204194071073192,0.280104063087673,0.128365171128581,0.0325560627125981,0.0296675883311581,0.0345491598001926,0.0190148072620668,0.0342541304299978,0.0408534583586723,0.046174966132391,0.153278744562488,0.161689625890967,0.0852735032375572,0.0925694253277012,0.102924004118845,0.218790493979098,0.0714684237124786,0.0421007696549329,0.0399455171606388,0.0499712209476439,0.0468756440701841,0.0523986903540085,0.894419073796606,0.939412522114628,0.170810248721585,0.00970943953855931,0.0332972393793536,0.0462977694875685,0.0304604842251311,0.0762531928908105,0.0196168913080871,0.338204645604321,0.0360814962607847,0.0860103001037996,0.073170623312755,0.0192354308300383,0.0105293433793696,0.010442930711168,0.0076865577584101,0.0128539745220155,0.00921070105304476,0.0109471852299984,0.125685196236922,0.0726559358457625,0.0247978631336466,1.01720340787589,0.111568168991525,0.041895584621131,0.0176153355061025,0.233931460070806,0.171610959549453,0.118452020177025,0.109509531627874,0.0697968127951903,0.0619270683117752,0.025081564124251,0.0289414979846988,0.0262339121196541,0.040845887702966,0.0369160102474967,0.0333163152995075,0.0328640671669783,0.046309285478324,0.0335751741604641,0.128348856430999,0.0182090650307197,0.0420447144199221,0.022066127709331,0.027227251792567,0,0.036985101624809,0.0255491180565932,0.00880878139457416,0.0364919874393468,0.029061713553379,0.602377401460177,0.0749378141565342,0.710415589019192,0.0188477835151018,0.235687697408617,0.0701182645821072,0.0533329796249757,0.0520072002301506,0.0842253630328868,1.34353123030341,0.0529553357575899,0.0225006551061986,0.017171371121399,0.00678287264324294,0.0157139063500703,0.0295346108307068,0.0305525715056611,0.00900621704217034,0.0482513355301113,0.0542462207627399,0.0257938035931998,0.0670649559674701,0.153589171516882,0.0720711882822685,0.0232171408163261,0.063881265471889,0.0183589579366926,0.0591508791492448,0.0532171654258393,0.010498303187979,0.0191008326311282,0.0206397388683345,0.0573729424000128,0.365120112028703,0.0444069270121595,0.0199531469374722,0.0440757411290918,0.0207820084603183,0.0287259364274411,0.0327007893362528,0.0548113008905914
"Nyakarambi (OSM)",0.0123842106115481,0.0953139387576092,0.0155564233793072,0.0146539382098343,0.0145532134986658,0.0565700340005985,0.0632767793618208,0.0189356608458035,0.0151553312647931,0.0179237080877034,0.0117401625204977,0.0249154623271733,0.0299660293937029,0.0213173864123868,0.0289122412435189,0.0269745117596788,0.0219603088167023,0.0210563565416208,0.0208945735685768,0.0285439322759763,0.0269817119575781,0.0254585113496678,0.0244836795245548,0.0307461586758915,0.0886435492054369,0.273272619941351,0.0404019676760281,0.0335293201649863,0.0351395488645873,0.00791155438876716,0.0167095473239248,0.0186746511009868,0.0165772132404977,0.0224876033814497,0.0148071008881473,0.0697832059057214,0.0164390167767574,0.0232397227218994,0.0274985970649198,0.013171398478811,0.00695778715066871,0.00691810754520801,0.00615438086682614,0.0103156627688329,0.00758310611738842,0.00884134705175126,0.0348795421603186,0.0453379639877021,0.0135670231217657,0.259539505950123,0.0218528173247973,0.05182981220707,0.0130544593243459,0.0527135075418968,0.0571430663465036,0.0719280926396918,0.0763417132592806,0.124933925925068,0.157198338600735,0.0204152727703041,0.0131667617667756,0.0173588187695965,0.373727338445589,0.218047456160345,0.14350034181259,0.121608618325253,0.0202909774003146,0.0172836872152676,0.0217169519105398,0.0112978867023312,0.0420790901350594,0.0619173626092265,0.0142648164898321,0.036985101624809,0,0.0144120812792817,0.00713615058164035,0.0238005114475997,0.0163434073277083,0.0347735999128873,0.0225211726864114,0.0434340773107435,0.011658414611081,0.029161798717443,0.0220818254047093,0.0355817875432377,0.0197045224168116,0.0228090729549539,0.0417533490867135,0.0194571418104198,0.0128295783134953,0.0108878836626883,0.00547467570530611,0.0115112920127013,0.0233170013334846,0.0152939270251859,0.00744027314985055,0.0198148715704384,0.0200299238480135,0.0149732878035394,0.0219366095112459,0.0420373083038094,0.0221753885624235,0.0131802502507281,0.0213557758806923,0.00997628357743409,0.0208633171961812,0.0198730748521416,0.00844990014126605,0.012458502295583,0.0116550083610183,0.0207383635276995,0.031995235378383,0.0237239749768929,0.0120924949598752,0.643035252635679,0.0147825921664728,0.0236470989709551,0.0156537014729413,0.524745875560498
"Buhanda (OSM)",0.103074648239862,0.0178125763455886,0.0731469458828831,0.0667845894989567,0.0642405938550766,0.0238855172683252,0.0194304312592544,0.03096468700367,0.0232196709009373,0.0219999060850489,0.0448319416833513,0.0949395358267179,0.0154401326228762,0.0269413896633525,0.0400621721367965,0.0327699895709326,0.0318308982586897,0.0330252269574227,0.0331553101256402,0.0329977793011214,0.0287016689365622,0.0309019230647972,0.0316689245442125,0.0352303197024318,0.0186509457328132,0.0166762874372946,0.0238882011031363,0.0279730938949697,0.0239545033920553,0.0149602102740491,0.0211392442689991,0.082969348813507,0.148670993711817,0.03790829383967,0.0452273414158565,0.104639855307941,0.0268168253470458,0.0396257024960127,0.0222730076518289,0.0276792371704761,0.0159471597363603,0.0175719871375937,0.0122385998407928,0.0206893735791034,0.0137813796077222,0.0172369758312532,0.0182177515478883,0.0174618991759024,0.0287049740428623,0.45901042147725,0.042167894434216,0.0229841806250026,0.0552818231959856,0.0212801008063643,0.0203963461353238,0.0193941593536757,0.0190414381583159,0.017100468389331,0.0174178129821273,0.0142599293069339,0.0928747938381043,0.159253217731149,0.0158955039986289,0.0161792545189998,0.0165159205307092,0.0175390078391479,0.0259192144743695,0.0212462454327565,0.0278345160463895,0.0283928041213305,0.0257535269659964,0.0092361098413718,0.0566736118837035,0.0255491180565932,0.0144120812792817,0,0.0135329952717404,0.0542742592273436,0.142567387370992,0.0271515782650457,0.0334840977543194,0.023907831884075,0.0441944018594063,0.0317055270463101,0.0324824819553827,0.0368635988040281,0.0276895440429628,0.0400799413013064,0.0246930910980438,0.0480869073253441,0.0184445890973944,0.0217867520538976,0.0105306323814506,0.0358959409810484,0.0176969671959773,0.0239802031507578,0.0133504876964993,0.0268333834622137,0.0283347655800368,1.48288823467704,0.0319911299245065,0.0503257750665848,0.0361686298281222,0.0414688378695862,0.0309709288520806,0.0150869660961978,0.029865622937796,0.0280309575269772,0.0167473662109889,0.110500460962007,0.0181822985881678,0.0322198650940721,0.0318400337666442,0.0396887783837541,0.0190665470499818,0.0154844287792946,0.0661698209407107,0.0144439188932307,0.0248581893735946,0.0226707851526217
"Frontière Bugarama (Burundi)",0.00553830638149852,0.00462296912240213,0.00817489268962037,0.00761316798105598,0.00787840396927427,0.00565824170254405,0.00474015071081982,0.00823798674617219,0.00522915390068506,0.00520547401045942,0.0093602512141698,0.0143580446896067,0.00436432614144756,0.00586582009593113,0.00647989568754489,0.00551280809560584,0.00932137820002244,0.0110452317886893,0.0119449718036195,0.0055157319048947,0.00573328501770176,0.01202565807556,0.0123060077900278,0.00605815535669319,0.00489174433076227,0.00484105786765607,0.00508557487293647,0.00527650071886147,0.00508199811056956,0.0179106320371467,0.00487676627287817,0.0066621833438896,0.00715168554382183,0.00584746429608961,0.0077726120490215,0.0353454207374406,0.00521927156080734,0.00584732942730556,0.00512725000900574,0.00860168010682794,0.0131746667240493,0.0136169495423425,0.0259669497165522,0.018280276829225,0.0185525935817047,0.015981424095722,0.00447226441571282,0.0046981739219803,0.00550436021590254,0.0666497795111394,0.0053028036083747,0.00524336133225569,0.00872224346065912,0.0048812549923975,0.00481637877128369,0.00482199722500964,0.0047752684795008,0.0047685400536345,0.00483795156667825,0.0042287242774115,0.00533886080514544,0.00734175222542921,0.00462706718879885,0.00466042513123795,0.00470564913494521,0.00482326867263625,0.00518181525906656,0.0048788241086429,0.0119391972960853,0.0057957158492247,0.00542392115644723,0.0089382278570559,0.00640696729916001,0.0051505120157534,0.00442703709575778,0.00683046411288377,0,0.0307200728561327,0.00694176530616311,0.00523562858938344,0.0055112871971651,0.00516692118424269,0.00935538642981671,0.00552970277677793,0.00550160122570111,0.0185222736429351,0.00527021241421389,0.00573614424018647,0.00521982168937296,0.00596185506129891,0.00500997617097765,0.00573841635145709,0.0302682759179636,0.0142098342715945,0.00460422264541937,0.0052861604103688,0.0193380970399819,0.00538765402521867,0.00529663086461619,0.00696106103411552,0.00557438520801137,0.0215079000042845,0.00575417864103527,0.00655094773310872,0.00543635846151926,0.0110242384168196,0.00544327148486867,0.00527931367240941,0.0169369257132865,0.00780827869127204,0.00870528988187175,0.00585252842176546,0.00578176476413618,0.0064239410349772,0.00544570864090363,0.00462675910680029,0.00770874121473242,0.0100592230541659,0.00517579594407544,0.014222802636126
"Frontière Rubavu/Goma (RDC)",0.00940769123267445,0.0103436192713058,0.0126947910584537,0.0117877419377762,0.0120022640368822,0.0125270896504442,0.0106055246054481,0.0278015289982516,0.0167495397606821,0.0133699740983537,0.0165084802325323,0.0207888051061116,0.0107009422974613,0.01488620546349,0.0142318803558535,0.0122397708266141,0.0188320782215083,0.0218422461590401,0.0233383152453202,0.0122464269473066,0.0112824891815473,0.02057853235438,0.0207657891517885,0.0115542851684805,0.00984451367986897,0.0102036487417069,0.0113348470269535,0.0117406889109567,0.0113276129861129,0.0109249858499853,0.0138549555203244,0.0139334319849428,0.0135443575769656,0.012743295314949,0.0115417772541269,0.0698310161639886,0.0140470469802727,0.0130360261117318,0.0112863744432289,0.0356866299884157,0.0385434558951889,0.0378409371796178,0.0199827902112628,0.0142462866557945,0.0105978975401845,0.0127255897468922,0.0099773746642191,0.0106285967240448,0.0139033934517735,0.146163398711206,0.0107393199266933,0.0102152916589028,0.0118190434179959,0.0109039603261543,0.0107667290615396,0.0107768654323107,0.0106785221241124,0.0102946007489015,0.0101863462637024,0.0103606221061506,0.0111310177855909,0.0128225009556292,0.00958299956097134,0.00944420985758291,0.00933956401492651,0.00953715695892552,0.0127906792477949,0.0125889879369765,0.0233388755226917,0.0183276588993798,0.0105071020186863,0.0177791024166016,0.0152843501423558,0.0114737815548724,0.00939848843577883,0.0133981340780354,0.0190215433613151,0,0.0130469841846059,0.0116540757566175,0.0126419193858165,0.0115035307861812,0.0164186829550994,0.0122712804031482,0.012792796875743,0.0431668327900611,0.0126768195791879,0.0128347383756218,0.0116148829254837,0.0125831939830631,0.0166621396002459,0.0205730300843897,0.0204873363399178,0.0215224767494935,0.011303296654608,0.015188278703358,0.0104060216291155,0.0127923938573071,0.0126145840781013,0.0131330463614389,0.0130082720117105,0.0395924462456758,0.0131085294184461,0.0169329963896868,0.0127049698765904,0.0301308146624007,0.0127093860451521,0.0126304359258086,0.0118619439926955,0.0136353406590434,0.0254719035557953,0.0138705068552308,0.0127780067158014,0.0119050211291672,0.0182240577196688,0.00977655210985838,0.0120599423519152,0.0226401109828576,0.0153037814834135,0.0281260574053098
"Ruhango (OSM)_1",0.300549814369886,0.0194749322613053,0.12322580908954,0.110589773452625,0.103882662964904,0.0266462172333043,0.0214249741314552,0.034307204285949,0.0259996619592214,0.0244571333397329,0.0344374051437949,0.140147217024781,0.0166819677654545,0.0304724758751949,0.0480518588785454,0.0386348454874105,0.0377571710351,0.0400655104943726,0.0406338747775645,0.0389537395307597,0.0369725691334201,0.0433339393627869,0.0449579516455864,0.0481868736005587,0.0219913212404396,0.0192330349703769,0.0269274875187703,0.0322122389393476,0.0270153402305666,0.0153753318918283,0.0235104642551495,0.124361568349053,12.1920425300987,0.0456637316981585,0.0625940716330732,0.126820652212983,0.0306998488947111,0.0482080367047201,0.0248647728208782,0.025656521024075,0.0143731561085435,0.0154908514643184,0.0126014827266821,0.0213363991001139,0.014131779825447,0.0177425081232841,0.0201139660750974,0.0190237126387891,0.0331642374853486,0.565024818140297,0.0538472110591077,0.0282163586146536,0.0608762653837456,0.023686519613426,0.022600797775766,0.0213504879967577,0.0209310223827725,0.0194558578590548,0.0202675255147432,0.0153141923508949,0.167661376174784,0.626271782388582,0.0182628104660578,0.0186365973614714,0.0190791407802904,0.0204463682917347,0.0295312547857418,0.023644762741296,0.0332441796225069,0.0327651100877476,0.0324503065037666,0.0101890912291835,0.0754194574151493,0.029061713553379,0.0163434073277083,0.142567387370992,0.01389470399846,0.0504391077229474,0,0.0311363923423082,0.0396479145268103,0.0269103423714493,0.0340187863932501,0.0371270412238972,0.038240553195936,0.0403425471328404,0.0318345894672643,0.0490478364743789,0.0279004094362301,0.0612031193681438,0.0202360057373528,0.0243128709979833,0.0108208984063168,0.0496924131243166,0.0193376433243352,0.0269941984718358,0.0136804012790293,0.0306128654810898,0.0326865466320176,0.201489898453813,0.0374850386057069,0.065855028474292,0.0432384109389262,0.0508459297626168,0.0361881182181835,0.0167040766544592,0.0346589105173781,0.0322883310593686,0.0172585561244633,0.0509514245924186,0.020105612692928,0.0376044863091872,0.0371319809175031,0.056167677505194,0.0209196544629381,0.017719598423341,0.107992989096823,0.0153816577205109,0.0281855650008094,0.0256898555086281
"Karondo (OSM)",0.0196922384610771,0.0741636654087127,0.0231665093243095,0.0216793841533772,0.0214378929204742,0.210512738501738,0.107756233760794,0.0342651104672833,0.031754295709496,0.0360925275980721,0.0198709569119061,0.0358397433107522,0.0381907296865691,0.0487553879991603,0.205401050981092,0.227357858592576,0.103463383504746,0.115573701587579,0.132392515191858,0.343066544146264,0.0837180354535806,0.0472155856098674,0.0446208706686532,0.0559439775125883,0.0434403469917443,0.0482933434844468,0.470802703177339,6.85157410697226,0.204010871249429,0.00993662640895967,0.0348008653276762,0.0514000928407056,0.0326875643220409,0.0901314630257619,0.0205381476204929,0.432837188017869,0.0392803308104529,0.103837083435792,0.0860351058479831,0.0198759756243332,0.0109106923842453,0.0108183409839669,0.00788145188812159,0.0131798837720944,0.00941400760791397,0.0112151241512141,0.104803996451141,0.0652141090571304,0.0263034060155344,1.24396327161259,0.142196144828777,0.0391051821634912,0.0183740534065983,0.178011148997729,0.137980790062579,0.100736915507358,0.0939988818280629,0.0627844293444131,0.0562793719847414,0.0240215833111767,0.0315144677783566,0.0279072209366631,0.0381939364356837,0.0347207817205444,0.0315083341346633,0.0311048270119193,0.0491803637713568,0.0351051786488159,0.17486672635842,0.0190201990670618,0.0463886563657624,0.0210065834228573,0.0290477747958611,0.602377401460177,0.0347735999128873,0.0271515782650457,0.00901845473131107,0.0378629928915508,0.0311363923423082,0,0.0822881385825526,0.407198222660546,0.0196924153144478,0.379669325437013,0.0765483361104271,0.0551544905826523,0.0556114957353466,0.10166169938514,0.605178083705132,0.059806455908259,0.0237423135506975,0.0178919883875349,0.00694753577725726,0.0165302419572266,0.0280908496112566,0.0327971774503518,0.0092011053400198,0.0512824163695721,0.0581628825206972,0.0274271103893189,0.0728756130552817,0.185134035664173,0.0845356259501583,0.0245093116449203,0.0692487919643341,0.0194482260874849,0.0637305280248994,0.0569918011115038,0.0107604410641006,0.019977084695176,0.0217810356100259,0.0650213976121566,0.732485220431449,0.0490258778257517,0.0208965319642475,0.0410288461923433,0.0218256528125928,0.0275914106416296,0.0353342342384078,0.0519581991376384
"Kajevuba (OSM)",0.0242018442628049,0.0352160929811253,0.0274318753836609,0.0255944643539691,0.025246872419611,0.0583734894390668,0.04197547294003,0.0462083205198087,0.0483420746371218,0.085900822877802,0.023006222131284,0.041681442439791,0.0355421342779715,0.165357715849551,0.181041449922171,0.12432151073955,0.0947253835266434,0.126154404360696,0.140766473844392,0.127432044103716,0.0457881966620212,0.0394504477513909,0.0375092370858754,0.0468861927438125,0.0259789365502478,0.0280439564800622,0.0727366975973772,0.089406810178873,0.0565684793902328,0.0106973829840742,0.0842877844879547,0.0762743689872901,0.0418855980875887,0.105246276995212,0.0216904882437676,0.642511178345089,0.053439790884252,0.665732175423832,0.046490298211839,0.0238071108374315,0.0132620137401268,0.0131291731281293,0.00853581382802793,0.0142797239552208,0.0100910239111613,0.0121152329228444,0.0398319295877378,0.0383108725576994,0.0323968300458598,2.2331255758877,0.268357969225638,0.0277359913491114,0.0211321494265988,0.051083640279907,0.0465057400694123,0.0411378157683069,0.0397687024114727,0.0323837720058296,0.030473637120399,0.0300016640583703,0.0429161659672887,0.0345478711256733,0.0239820489043608,0.0225303320105164,0.0211126010505635,0.0209380668862081,0.216136057010753,0.0860456990863797,0.138159617337422,0.0219871906068413,0.0318218160219697,0.0145482305550296,0.0363716008158443,0.0749378141565342,0.0225211726864115,0.0334840977543194,0.00971743260984878,0.0463788832087416,0.0396479145268103,0.0822881385825525,0,0.065665945411361,0.0227829564718019,0.10987901483535,6.98527485427636,0.0984682693997542,0.352223223595094,0.343234840737157,0.0698967324672321,0.0964011705152672,0.032596077350093,0.0225796219053235,0.00749756656689969,0.0167543370650217,0.0491373451004089,0.0447976501791962,0.00984895683451568,0.232904190795858,0.438732893444844,0.0338982104776841,2.26197039432269,0.0918154474388966,3.15726771316768,0.0294601361293845,1.48203318139476,0.0272518698952619,0.70010432458731,0.397177498071353,0.011643629417951,0.0231980166007071,0.0298180316545369,0.371189783255452,0.104391870475777,0.0469010265457982,0.0272506611659284,0.0251285817937377,0.0257338560563918,0.0264461314072021,0.0580225641597139,0.0350104722204485
"Ntunga (OSM)",0.0175928039113688,0.118008846316477,0.0211461388343954,0.0196177828502668,0.0194637456749492,0.752761091917762,0.211543398244765,0.0310119362613765,0.0277870614505247,0.0331663168628797,0.018327790770941,0.0327728447529273,0.0489383143203193,0.04414964821965,0.114996718178962,0.113297576467345,0.0707833793559415,0.0748765252986359,0.0810000166805954,0.140234220969329,0.0601233172288255,0.038195777688982,0.0364170163717195,0.0442703170653414,0.0586882689505674,0.0656547936967875,2.63645127897207,0.319233106914896,0.263505472580192,0.0095221692698949,0.0316080881781596,0.0414626110863891,0.0283621826124195,0.063591348128772,0.0188221222524778,0.265985649178414,0.032849534132334,0.0699986042606517,0.0896364343573098,0.0186728033179966,0.0104449960966448,0.0103619720000556,0.00769270101219315,0.0126399549418525,0.00905416937093131,0.0109106646499353,0.213900324906873,0.0979100627671844,0.0233277688701636,0.833357734936289,0.0844294459773436,0.0513469247813898,0.0168925381491152,0.568872831748328,0.330622029760252,0.187796872846279,0.168321122292255,0.0931297396544379,0.0803028873084722,0.028232704301795,0.0263411235627475,0.0246154756421733,0.0489441465334249,0.0435716777225923,0.0387816508925257,0.0381945323511117,0.0429348022504316,0.0318457250880687,0.09584529231652,0.0174320500113717,0.0418945958159025,0.0260240129581738,0.0254021598374609,0.720393354730415,0.0436473040301323,0.0239499097444759,0.00885613603419675,0.0361055315928987,0.0269742909181599,0.412733646217098,0.0661293522998085,0,0.0181583208780477,0.148456675639312,0.062467149485104,0.0526515828701518,0.0477232156943048,0.0682612824269101,4.32225659666125,0.0462268762906091,0.0212763532279012,0.0164881461497661,0.00680183765332208,0.0153424850517942,0.0338583300192751,0.0284254757185126,0.0088502335335739,0.0449541608763224,0.0495694918187022,0.0241629024125798,0.0603598520787506,0.128299525991683,0.0617734304866112,0.0220545007025835,0.0574894412278403,0.0177842605095118,0.053822810083703,0.0487093996397446,0.0103271987631411,0.0183531111583497,0.0199900752505755,0.0510581533657033,0.201009707712666,0.0401840131767684,0.019186979318936,0.0535001058842001,0.0198332366705644,0.032881159638668,0.0300489744293374,0.06474126801988
"Kibuye (OSM)",0.0222447418981618,0.0143377671458543,0.0255988035902298,0.0234831884878423,0.0232822179590944,0.0189709646957502,0.0153292002616148,0.0305536849504306,0.0179296323425152,0.0173197969697406,115.709638141006,0.038728021277923,0.0127589092046031,0.0207882170461623,0.0275867595336983,0.0225639598665349,0.022479874594006,0.0224424977878007,0.0221602915781397,0.0226581358162684,0.0171427233771617,0.0158866144437628,0.0159993145320855,0.0184411679486788,0.0128583353486661,0.0132409579365864,0.0180012996886961,0.0201370556320216,0.0180247836825822,0.0254761038524489,0.0163706917844359,0.0400907443173617,0.0363166302427948,0.0252719897149936,0.0204246491480981,0.071088164743755,0.0195360120978701,0.0258845555161403,0.0172182174247275,0.0452806049004651,0.0286932699235221,0.033438977508233,0.0226021940416864,0.0386096327211468,0.0223249310326143,0.0314594008386194,0.0144759098016952,0.0142755947410545,0.0217840344707696,0.301873930783171,0.0248517614233765,0.0141871893052911,0.0257766119004963,0.0164447100767923,0.0159179562113638,0.0154377784894748,0.0151912716295088,0.0139406552108711,0.0135800599791026,0.0119516887094842,0.0378427727815136,0.0307996840896132,0.0120320958995047,0.0116570565320896,0.0114796602913987,0.0119720839388092,0.0190779463842468,0.0164246932009744,0.0195162260934016,0.026778044191866,0.0151941906703561,0.00818012611960296,0.0391625522195552,0.0188576182680254,0.0116177830174818,0.044563745437445,0.0231603712201393,0.0966391930001477,0.0342198076216339,0.0197102973345253,0.022833354629976,0.0181549161318409,0,0.022185430537052,0.0224277176616302,0.0307538682350283,0.0200058030103075,0.0257548052533918,0.0186061459706659,0.0289581066999697,0.0175479253396169,0.025907334864534,0.0185748728707473,0.0163882262066109,0.0142614455579837,0.0191543304965763,0.0212602178799098,0.0198680055344575,0.0203282509917067,0.0402247829643604,0.0223960212819377,0.0331077705311154,0.0244082110624585,0.0382592900389789,0.0216912749250945,0.0155563600757459,0.0212607411731622,0.0201668567576687,0.0306949362438597,0.0425821421230149,0.0185871292949648,0.0229898606904495,0.0227011840594073,0.0199440241559003,0.0197052062192194,0.0123424393848459,0.0237795357325448,0.0128778179888791,0.0184766047877859,0.0190316650204568
"Masaka (OSM)",0.0231807113001961,0.0532769640409467,0.0265762947537271,0.0246272295324697,0.0243447869457507,0.112246106305941,0.069265259618171,0.0392278858719493,0.0380881740181252,0.0416669688315099,0.0223881054428257,0.0403321170413042,0.0315992185133178,0.0586583436953311,0.585849235918388,0.842502593512009,0.187012310692031,0.233731778334702,0.304395407874026,3.46615386347256,0.114290173796069,0.0600095280681393,0.0562754454034059,0.0695463659594709,0.0391990102812641,0.0386786528151127,0.155765344425361,0.517791977720057,0.173778915229668,0.0105652686240187,0.0399294562355357,0.0682157464393407,0.0394019355761336,0.146010126454476,0.0232108048940431,0.963673285281393,0.049059686608041,0.181280559204155,0.118387063860852,0.0216644050642037,0.0121909272056678,0.0120794165326468,0.00855509626084855,0.0141294858447105,0.00998331304761287,0.0121038649889815,0.0668019231977535,0.0488823452183144,0.0306595722551912,2.31799996667054,0.290004850600958,0.0448338307647318,0.0204948986234638,0.0951243381453289,0.081429495325824,0.0667321466557983,0.0634863411006169,0.0472021163602985,0.0433940698872285,0.0212439565700299,0.0393842673747617,0.0327992585228234,0.0316448126088483,0.0292216338429425,0.0269256363165358,0.0283778467827343,0.0592808389959153,0.0403198451920496,0.538502046591051,0.0212918303180022,0.0558048845991289,0.0186257599091496,0.0343468097677855,0.237704535468776,0.0292189771847497,0.0317774003357011,0.00976631433843463,0.0423720711888534,0.0372327402191178,0.383206072085597,0.110604836384132,0.147975725972294,0.022164154670737,0,0.100955857921215,0.0622705807644672,0.0684929322646115,0.17675019133038,0.174423248226621,0.0831851406429517,0.0272770403657024,0.019903837801641,0.00752554719540571,0.0192221998507225,0.0294902680123122,0.0395578016544598,0.00974161207942068,0.0622356151709187,0.0722472587889216,0.0321478119971066,0.0948704205141431,0.273376900160335,0.133238717146012,0.0282949926534455,0.0891954002341502,0.0230380954342085,0.0805850751839093,0.0705185549158309,0.0115242903050189,0.0225196292316442,0.0254652812679952,0.0921610138181454,2.16089692756118,0.0641965852381476,0.0236777844585514,0.0336123346385554,0.0248342144315466,0.0250063245826217,0.0432398814478431,0.0453185542727232
"Cyamutara (OSM)",0.0235728822997757,0.0341441746011855,0.0268829805762557,0.0250306043480435,0.0247118636990237,0.0560411873466964,0.0404409128393208,0.0476730264532828,0.0505635852554156,0.0939904667884038,0.0226102904146825,0.040876545688929,0.0371175958171716,0.191803133909586,0.160805169810996,0.1124538451766,0.0880041890466481,0.114136387421661,0.125752632654602,0.115007574604511,0.0440585815741798,0.0381348103061208,0.0363112203326335,0.0450860658343921,0.0253974418378767,0.0274235906419343,0.068338090433715,0.0828673060897329,0.0538423357552731,0.0106102547515576,0.0922019630927359,0.0716787608863631,0.0404442082991879,0.0967895113625247,0.0213259210751623,0.555249287674681,0.0509768790199053,0.471661777010288,0.0447006311801381,0.0242566690316765,0.0136127482964282,0.0134741756767817,0.00850430374462016,0.0141667271935781,0.0100168684987761,0.0120594067456162,0.0384091600937246,0.0401375114451589,0.0334523270215136,1.93918288495347,0.225440993880395,0.0270706385423454,0.0207538570100119,0.0488267478901476,0.0446277114808351,0.0397221161456646,0.0384349707165059,0.0315020250806512,0.0296973979779735,0.0311485209903607,0.0409305419635388,0.033536298258599,0.0234961405558288,0.0221042538654824,0.0207431248151962,0.0205774065287606,0.262349822681667,0.0942734123919326,0.123475811390091,0.0215760944414159,0.0309410705533821,0.0143981148730223,0.0352183358466639,0.0702360384046319,0.0220889227373658,0.0325077184279484,0.00969300796715013,0.0476017728555369,0.0382777235089476,0.0766843505482349,6.99706249896444,0.0621434014407656,0.0223896449145072,0.10052897363251,0,0.104162461903374,0.469324153966327,0.274767490565707,0.065931996915061,0.0889499161553081,0.033656039576733,0.0231178814101612,0.00747502789796969,0.016543268403952,0.0520261082798439,0.0467204910175388,0.00977664861708433,0.285280453836807,0.617907239537492,0.0328974532135202,8.84415899919187,0.0882883535136275,1.35566132701804,0.0287612376209925,3.76104337516635,0.0283953553951354,1.14933326281069,0.544927861672012,0.011553379181157,0.0227763260745649,0.0309599586145735,0.297094602849749,0.0963173903868765,0.0451904994428379,0.0280425282890327,0.0245995439667245,0.0251932752208363,0.0273579339470003,0.061096052182429,0.0345729442407623
"Frontière Gatuna (Ouganda)",0.00667026264330438,0.0098102298573097,0.00908445449197656,0.00845125767750334,0.00859786344073056,0.0112172150129067,0.0101694671647584,0.0151394207354982,0.0110985869323927,0.0139177116781747,0.00857318917182979,0.0149716170106815,0.0114056220909803,0.0138409464669088,0.0121199385777281,0.0104811311709847,0.0149985160536002,0.0170738045632272,0.0180952074778834,0.0104872873530896,0.00964788716079726,0.0160544402104953,0.0161748841390467,0.00971578783177033,0.00912560740768495,0.00961977009013022,0.0100273900122037,0.0101595565884783,0.0097276593018678,0.00644808959002575,0.0120145047376926,0.0103770899961639,0.00953355218424926,0.010638808204535,0.00833987962373215,0.0557139773275149,0.0102028550063326,0.0114150312157188,0.00965169296644262,0.011692932500972,0.0150875249624771,0.0150480914771406,0.0114640449247421,0.00827963001689442,0.00632385662982566,0.0074430473259928,0.0087732391160194,0.0105897391550932,0.00985918361028858,0.1225387352308,0.00879533269420923,0.00864980960978836,0.00806788771844021,0.00986623988832294,0.0100044474007514,0.0102586949099416,0.0101487177262375,0.0097429984938806,0.00962743752408225,0.0120967559324939,0.00769137975017303,0.00908561283151064,0.00901014764616718,0.00886600981209584,0.00872401736906382,0.00871982193509424,0.0124272035181158,0.0131503543310933,0.0184883942397815,0.00862605027987881,0.00884494124883823,0.0151429167175764,0.0090646389929864,0.00999132309722307,0.00882444154194071,0.00893058537782773,0.0110213842184453,0.0364047078516775,0.00919783914112676,0.0100829510199122,0.0115148372717484,0.0100824836915013,0.00853495227853882,0.0105045943423093,0.0116802424851652,0,0.0121540564717509,0.0109697510812894,0.0101614829977353,0.0102906979979412,0.00989087535646992,0.00905264418605611,0.0118240793900676,0.0147135579054219,0.0126527079585169,0.0106377384479066,0.00623266299554893,0.012273998137068,0.012053756669561,0.00895147568727686,0.0119854712908821,0.0309961028056168,0.0116857515621769,0.00895052320695401,0.0118162046783502,0.0173856751790187,0.0120980086465734,0.0120845857763056,0.00691098338578418,0.00856208726354848,0.0144027449313868,0.0117860476958757,0.0109207526522536,0.00999927237370048,0.00991632877785495,0.00919277109856925,0.00864339314497498,0.0220468314545181,0.0110876110540768,0.0244906706714443
"Kadobogo (OSM)",0.0200952444177752,0.0288989818613698,0.0235659764846832,0.0220316909254422,0.0217844368938127,0.044368541573502,0.0333505719490271,0.0464993097438144,0.0487732409613368,0.155131657716546,0.0201697812568981,0.0363784030982238,0.0455979970724188,0.53293695802208,0.097106003259778,0.0736235980123767,0.0610273768369974,0.0719440283832335,0.0758887899093665,0.0747652165746099,0.0359354477787037,0.0306705639679312,0.0293717448342226,0.036646953602659,0.0223176930006479,0.0239408065235117,0.0510005974892976,0.0589711261430668,0.0422332992086873,0.0100142730480122,0.149398059893157,0.0532013079002967,0.0334564938595969,0.0665844841315123,0.0191207194073532,0.305313600734468,0.0429616817748879,0.170351650761602,0.0363620146455959,0.0238990023071311,0.0133398670526001,0.0132058121230184,0.00795963413823952,0.0132952024459674,0.00948417369052431,0.0113194208755371,0.0315322460219015,0.0352316856987561,0.030598260388458,1.09585344148317,0.116936013871555,0.0236111090955614,0.0186302139427728,0.0389844799336804,0.0362053768969552,0.032921397105424,0.0320043365755779,0.0269850442121914,0.0256371955142758,0.036993550367709,0.0323974332231077,0.0284782000017813,0.0208315990297037,0.0197232927608864,0.0186278184877459,0.0184951606030738,1.56731712911664,0.161295372759206,0.0745020171229981,0.0192940205387244,0.0265358860201425,0.0129306719055007,0.0296652477618029,0.0520271460809357,0.0197056158650307,0.0276942231370012,0.00910493032070978,0.0466472161642867,0.031841481438424,0.0556340674927047,0.352524138104751,0.0474848260318187,0.0199863212465042,0.0681818991220047,0.468294403682451,0.133077213638035,0,0.12854265979697,0.0497520213194275,0.0622319264406484,0.0328026438649757,0.0226871260430653,0.00701445217199691,0.0146753037157832,0.0694931667471398,0.0421562331800157,0.00926793842093968,0.766994807086274,10.6740582956744,0.0279803430728952,0.638489292847346,0.06970854595304,0.253839968397151,0.0249544442683638,0.794701140324261,0.0274917074380653,1.84676433334954,31.8954979709746,0.0108532368514773,0.020279863663319,0.0300566706051984,0.137542598783408,0.0666760925299408,0.0368242557175727,0.0274115064445684,0.0217033913335027,0.0221830949291099,0.0307302337388051,0.0615609754481031,0.0308781843409201
"Gatsata / Karuruma (OSM)",0.0288966100302511,0.0358909612581984,0.0315924783807258,0.0293748364497603,0.0289116909624284,0.0600614013489917,0.0429130073760734,0.0489079596021625,0.0526094016755008,0.0580044460777276,0.0259445989727884,0.047180248519284,0.0290189502384035,0.0912550903988577,0.36550164067981,0.212302196093785,0.159093070343814,0.264829521931509,0.333460841117142,0.220682126063134,0.0557753000196875,0.0507460675064713,0.0478369238042787,0.059949155186489,0.0281097868940988,0.0284868603573171,0.0691948556825067,0.112416768819455,0.0698579932445375,0.0113257447784196,0.0562929170339039,0.113455721549736,0.0521977396871051,0.183007492915637,0.024320482888266,1.15011915918361,0.0712070041656334,1.88401644997917,0.0568147046887827,0.0245924887397329,0.0137613550331546,0.0136193754496015,0.00909417133971958,0.0152030099218756,0.0106470540462477,0.0128793579867312,0.0407604751115444,0.0338956231721875,0.0382761914626598,7.07522961594322,0.976815971478647,0.0322016147806999,0.0236767382622922,0.052436380318097,0.047641157146121,0.0420398342851918,0.0406157683397662,0.0329610982362375,0.0309890045983771,0.0251827318927841,0.0572498865032442,0.0415322103388503,0.0243099391288781,0.0228218257815839,0.0213706545814275,0.0224931818012059,0.101021366075532,0.0570908264621181,0.201803650945348,0.0247487471296391,0.0377651414995748,0.0147484059892697,0.0442308101277157,0.0842787958234945,0.022811857336509,0.0400938708872185,0.0103108780665737,0.048180834665819,0.0490688430639319,0.101732891677691,0.343578895911521,0.0678100363962922,0.0256746137901334,0.175517288733423,0.274246271058095,0.0774603035069155,0.128557681734939,0,0.073774589585686,0.161796558617946,0.0346237744806083,0.0235639053440249,0.00796497063457751,0.0189413905177205,0.0376972968692988,0.052517328452123,0.0103792356715097,0.106642602344236,0.141316466241182,0.040679590184868,0.23354913830128,0.121442300065883,0.541701045785612,0.0344052239152121,0.210256198642463,0.0291163872547866,0.170096843608386,0.135450888476585,0.0123834977273268,0.0262280309114556,0.0316997305262129,0.208863476818274,0.16052748981766,0.0596789246039069,0.0286466240728463,0.0254877551652469,0.0295051592957707,0.0232339002573118,0.0643124282464024,0.0355046825677474
"Kabuga Ka Musha (OSM)",0.0181770855203577,0.107599169529507,0.0217430254595994,0.0201532887777396,0.0199902901946057,0.545391856491538,0.182775063335494,0.0318937337734759,0.0288149541529877,0.0342623944329356,0.0187843906674314,0.0336009769545123,0.0468416456844361,0.0459557505716663,0.129675377669012,0.129301879531303,0.0773862696743869,0.0827331102910181,0.0904221890296206,0.164394202079533,0.0647581249536233,0.0405133822807341,0.038562096852576,0.046830313029904,0.0546276979797101,0.0621682148898353,10.8228612236518,0.439668554587326,0.267771027599096,0.00964996325504766,0.0326473523932189,0.0437072774546175,0.0294433556542012,0.0687299279842364,0.0193071041692064,0.296318659237489,0.0343190218601011,0.0762310767117824,0.0884702242453182,0.0190217030361458,0.0106683447664953,0.0105820707070635,0.00781162015171074,0.0128254417054812,0.00916953871472007,0.0110712933641974,0.183355711313683,0.0906559900228606,0.0240791228021603,0.912751971793724,0.0939208259679218,0.0481731874564109,0.0172913185879858,0.424150286252907,0.270004317142446,0.16472584041906,0.149150281931831,0.0863860298092367,0.075152938207498,0.0274975524956325,0.0275222270971868,0.0254447825399226,0.0468584297343751,0.0418964505079923,0.0374410465333113,0.0368953919283346,0.0448108216714458,0.0329010939119527,0.108912967179693,0.0178563539787665,0.0397224716583539,0.025275205427522,0.0262915249379185,1.36241049663589,0.0419568017058747,0.0247423804955245,0.0089858468140638,0.0368959470235719,0.0279745752449609,0.613973378637611,0.0704310644693723,4.32389894538043,0.0186082084600518,0.175096562170368,0.0663079668269562,0.0540459068755379,0.0500234707654559,0.0743150617162539,0,0.0490664103579599,0.0219045302512701,0.0168682808667264,0.00690329153541722,0.0157946445233928,0.032819315375869,0.0295130566802126,0.00896062714998059,0.0469548524186511,0.0520456008410868,0.0249692110788866,0.0639059058367081,0.139995980418938,0.0654678270570277,0.0227159681435335,0.060768169238408,0.018373030187694,0.0566883545333434,0.0511046793979208,0.0104765963995778,0.0188163263277504,0.0206059175495674,0.0536473371221408,0.247034651342865,0.0422655133857385,0.0196866269372422,0.0510468467860731,0.0203744899596492,0.0321273734263575,0.0312870119548117,0.0626961967127477
"Runda (OSM)",0.034631773727565,0.0283556103992692,0.0363581793771448,0.0336399971137035,0.0330364708159891,0.0433916153615696,0.0326124099249366,0.0428054385179885,0.0431672647731577,0.0389919929823095,0.0291822152408082,0.0532412380533872,0.0228913903405052,0.0538053999149114,0.130467054369986,0.0909337639378676,0.0916858103980943,0.116078248104148,0.128111347447065,0.0926355057623467,0.0400289383532082,0.0390411666086608,0.0371507490074767,0.0460775655799402,0.0232125675709685,0.0236123701084756,0.0464713917818513,0.0637494735626998,0.0467584528044345,0.0119446317132586,0.0375159965116434,0.184982208194433,0.0658137573148385,0.129130928094694,0.0271830539054127,0.360596240188134,0.058405831515549,0.14997050510776,0.0405556723839029,0.0233030469856661,0.0130510708837649,0.0139720759321851,0.00967482111034912,0.0161298718739229,0.0111931471068789,0.0136661507549866,0.0308653847317416,0.027226935620101,0.0455931391504662,1.97994806809357,0.230636073595694,0.02745143395929,0.0264275878709807,0.0379701540409268,0.0353325401541821,0.0322393207858981,0.0313543439979144,0.0265294975157628,0.0252301033266106,0.0204184984080827,0.0789212810321554,0.0501285947458344,0.0205611082510625,0.019483147526555,0.018749974446615,0.0200673997502009,0.054469499219779,0.037866465643539,0.0835374936799446,0.0277583900563485,0.031432448251832,0.012860910669294,0.0541060722294062,0.0530411478406688,0.0194612117908146,0.0481583193212609,0.0109269340870006,0.045551896950316,0.0613145571528554,0.0599134564562691,0.0966339073203751,0.0460530553340636,0.0288545545717779,0.0828980528352407,0.0889832118592668,0.0587824915488696,0.062319010367605,0.162143463310813,0.0488610457042853,0,0.0299942430613924,0.0214249226853284,0.00845062672675367,0.0213922543218276,0.02807423816361,0.045233855437601,0.010898053120157,0.0569684036052137,0.0654804541801582,0.0489881068291593,0.0840971836860455,0.0905643435000387,0.114223426518344,0.0401860080153533,0.079490424599439,0.0251663288406173,0.0724172454165572,0.0640282949464144,0.0131250472627731,0.0295736290236715,0.0276741500750765,0.0818927011422588,0.0803976972672437,0.0461772950769672,0.0255215105023057,0.0214126863412562,0.0337652384699485,0.0197702629139007,0.0504112630198858,0.0306675850277088
"Ruhondo (OSM)",0.013429258663675,0.0162627797870724,0.016704200067671,0.0157172256257039,0.0155993461387355,0.0213998534735994,0.017599905836167,0.431210620399854,0.20186030246472,0.032967419180797,0.0176996114663283,0.0266074669719667,0.0180650735088568,0.0411771548043895,0.0337155538654866,0.027985784289264,0.026743812915553,0.027490195759729,0.0273604565083239,0.0281500315270217,0.0198253709811473,0.0172233783536926,0.0166793063285077,0.0211596842203377,0.014382485915682,0.0146615523994211,0.0212074533850586,0.0243724853872165,0.0212571628688878,0.00934193819792362,0.0516456018251506,0.0278837802383069,0.0210549085134466,0.029892124919632,0.0142380585501907,0.0871461727070717,0.0566390043613375,0.0340573797703949,0.019946211380329,0.0526577539804088,0.0306640770469064,0.0300442255706229,0.00737184611662242,0.0123292397623406,0.00888071950620762,0.0105146177470133,0.016480548831793,0.0164643548344056,0.0492222942125227,0.378330471249074,0.0336009649285776,0.0158490723439926,0.0138928887082852,0.0191091154805978,0.0183912375185102,0.0175928114148755,0.0172968996820844,0.0156758613187037,0.0152071203253336,0.0164742063127683,0.0188200337382485,0.0188512033569214,0.0133182473380629,0.0128527789816339,0.0124760423246248,0.0130584985096529,0.0340178009922757,0.0320102550852998,0.0234589450496437,0.0443049315660112,0.017136080044679,0.00861867281746141,0.0293655693673839,0.0225006551061986,0.0128295783134953,0.0184445890973944,0.00846874661509287,0.112247194338468,0.0202360057373528,0.0237423135506975,0.032596077350093,0.0212518155187036,0.0175496889254048,0.0272304494508867,0.0336285195767584,0.0514237057719383,0.0327952107348919,0.0346137881864438,0.0218750559434409,0.0299699091013463,0,0.0777257799163346,0.00651615427136986,0.0106804585817037,0.0212070591644242,0.0830660715336298,0.00868956244196271,0.0302163827013206,0.0322256538435698,0.018573661009695,0.0338228275911402,0.037702852487777,0.0344636939951468,0.0383387720289495,0.0327131389684685,0.854557825706148,0.0314731712153615,0.0324676607211881,0.0100758311815229,0.0148631661403491,0.743936965343233,0.0372814767853837,0.0274374375096425,0.0213814070379578,0.137896520493246,0.0136813883588823,0.0158509908958915,0.0163883132066768,0.105000702146353,0.0201627764208009
"Mukamira (OSM)",0.0158425367838378,0.0132737778791296,0.0192756189075675,0.0180937227908409,0.0179322586276262,0.0168376080411271,0.0141472936018925,0.218011635172532,0.0610232653408961,0.0230726684589089,0.0260921548734001,0.030338509947943,0.0144475273880201,0.0273893384730544,0.0237875310851433,0.020253213395713,0.0191247393949453,0.0189588317310892,0.0185844831163181,0.02033590491769,0.0156194047359927,0.013177054392403,0.0128041038172073,0.0164516882557295,0.0119867833734395,0.0122285587486528,0.0164195372421417,0.0182512512643544,0.0164453320737547,0.0113534719838796,0.0306563797323212,0.0272904513672318,0.0253862110054627,0.0213709585223085,0.0161214239855779,0.0600984454938201,0.0324212082493618,0.0234131483315866,0.0156902674236876,0.150527849344107,0.0871738473729816,0.0831608813707141,0.00910284873654049,0.0152390526604489,0.010670340649279,0.0128958348483475,0.0132127648023039,0.0134550110683148,0.0297729761219241,0.258236225360115,0.0214902143240136,0.0129903073898331,0.0157225327473804,0.0151108866162345,0.0146564822050289,0.0141798651955035,0.013979017146046,0.0128959732746048,0.0125779405948472,0.0134083958615598,0.0242315691066195,0.0223170899711385,0.0112435056682134,0.0109101068101236,0.0106393217649715,0.0110624467083431,0.0232797240360373,0.0222916186933941,0.0164862703468941,0.165536134323056,0.0138449828704519,0.007336369002996,0.0447591099311988,0.0171713821233772,0.0108878067716949,0.021786860290007,0.0103171078921341,0.351951846392398,0.0243130414836065,0.017892012999546,0.022579749053777,0.0164900068026886,0.0258209956090173,0.0198922086756597,0.0231093729694159,0.0384014595148392,0.02268494340189,0.0235608804414584,0.0168683814402901,0.0214177293412527,0.0777280140269131,0,0.007970773722164,0.0122098833374282,0.0164107151447941,0.0406711411623686,0.0104019226298041,0.0215452518996098,0.0224005778444388,0.0219659687760797,0.0232961777388068,0.0284980182775254,0.0236266713196709,0.066815236066352,0.0226610214674731,0.0826814864877384,0.0220989226862487,0.0225168324117088,0.0124121865635279,0.0169335468035347,0.104126833618952,0.0251722731840614,0.0201489215020029,0.0166491741213425,0.10771582784204,0.011503836748993,0.0182360124014821,0.0136715326547212,0.0452001076608585,0.0170495026716977
"Zone industrielle 13",0.00791985763891481,0.0042951750921357,0.0120927777187573,0.0105077444448246,0.0111595887503751,0.00617650027296163,0.00446383897075732,0.00855934376869671,0.00532643986742176,0.0053131552219153,0.0162882111426592,0.0208306515781758,0.00391392979563782,0.00655819639513506,0.00777652992070808,0.00575261860680609,0.0112730898823794,0.0136610521848461,0.014930003655486,0.00575572417399534,0.0061959129354311,0.0155017676693736,0.0159817641786164,0.00683053302482375,0.0046983637339476,0.00468694069844382,0.00502303055520621,0.00532862161138751,0.00501394444040716,0.082193020915816,0.00467745236129069,0.00812338667937258,0.00928523505647014,0.00642080429739824,0.0109523664666831,0.0411405380557499,0.00523192159953849,0.00640568786254076,0.00512589833454535,0.00975106768152909,0.0176386020293755,0.0188722952973997,0.405846274099274,0.0899316011579118,0.213445830500863,0.173488947375061,0.00440241433412278,0.00446049570125044,0.00571589553809911,0.0817157020466121,0.00642944251513019,0.0052722867531464,0.0140733732113646,0.0046818920377794,0.00458099975616552,0.00462819731448678,0.00454865782236528,0.00453631311945403,0.00464569588787662,0.00372604196714832,0.00648493695715587,0.0097683894401877,0.00430384424211632,0.00435414399543362,0.00442599260563058,0.0046103872326025,0.00517329392277621,0.00467807998413587,0.0145306978610216,0.00626519618397842,0.00558409564576806,0.00866771515606883,0.00750979259379029,0.00511654585295504,0.0040026676730483,0.00847358586703253,0.117245194030958,0.0298121415466641,0.00874196272175921,0.00525919859128625,0.00573932455852017,0.00518948399571429,0.0162631148955135,0.00580397779122703,0.00573256374890617,0.0145420971082243,0.00532099469805733,0.00615591068235407,0.00527971012735227,0.00659928375336624,0.0048865846678272,0.00615684034271108,0,0.0206441261419286,0.00426662404576278,0.00539586840701495,0.256975459014902,0.00558299683380959,0.00536411789727866,0.00878923600716564,0.0058955626441308,0.0246473060741603,0.0062340970815552,0.00786787908762334,0.00561532772927753,0.0125984786019856,0.00564773913214086,0.00533342175551654,0.057761735697706,0.0109645640823122,0.00996211676007311,0.00645144339444304,0.00631128053042749,0.0075954368952084,0.0056945880372284,0.00430300498970676,0.010745042816601,0.00759270216601699,0.00513527165279697,0.0108124278144513
"Zone industrielle 15",0.0572792165311077,0.0107042884240309,0.102580796251089,0.0824045105148096,0.0854147437805165,0.0151283169075479,0.0102230643155705,0.015291691321908,0.0114779353757816,0.011171411168829,0.0143161514374264,0.130190047043373,0.0074175101627037,0.0147277904335716,0.0239947139836882,0.0167720782381068,0.0428408820985274,0.0434792477575589,0.0485305740367962,0.0171350619406658,0.0234202825012048,0.0728024282537705,0.0771729893994479,0.0304676774495629,0.0130403881424486,0.011909748947654,0.0127062953978741,0.0146094558514406,0.0134282233273222,0.00906115947126163,0.00979066934775593,0.0283971941891532,0.0517665030147275,0.0197455695854736,0.131138315243993,0.115213737765354,0.0120384784316491,0.0171329489429403,0.0148154588410418,0.011171386173593,0.0199554071427995,0.0212489038637001,0.0215335653243539,0.0135401020637869,0.00828701055542418,0.0126715217747213,0.0101909493443098,0.009638257420195,0.0130606149297851,0.23117361409742,0.0192838850943985,0.0169997380979396,0.0393757808069854,0.0112058367415482,0.0107400231203662,0.0105411829361319,0.0103678164911892,0.0116765363800401,0.0122376986033052,0.00670778515558235,0.0248844472744618,0.0698013486940269,0.0107172504627693,0.0109664316804105,0.0112907346236176,0.0122298505734454,0.0117388271505764,0.00981369578374848,0.0436866909731293,0.0126249457236584,0.0196286248814637,0.018731786573544,0.0209985958082845,0.0134048417029586,0.0093844273164599,0.0343713066554724,0.0131225829149636,0.0344041009227585,0.0496428191806277,0.0142047756771323,0.0144253274635776,0.0130781199494341,0.0141250672793858,0.0168821352619102,0.0142230155229734,0.0274482683010627,0.0123977633789687,0.0165983378708835,0.0135174581970391,0.0190674354157565,0.0086119819158623,0.0100403477815668,0.0206441261419286,0,0.00832931292498821,0.0114450457150829,0.00790703183649215,0.0127693064828043,0.0126156938653777,0.0391563649533316,0.0144939869252715,0.0948555774823277,0.0160779653107166,0.0179562720017221,0.0136726490360074,0.0223002474953106,0.0135284479187311,0.0124908946602977,0.0111003935482982,0.0243063237485041,0.0177295813810073,0.0157875225294435,0.018222249602888,0.037004442501375,0.00963335795666529,0.0105330573191155,0.0844297147479925,0.012879524707965,0.0114819389884757,0.0236878832318962
"Ngarama (OSM)",0.0129084583484793,0.0371125160711619,0.0161403333996484,0.0151733719831766,0.0150685480494678,0.0423896465580798,0.0467354527260097,0.0307932339623008,0.027575373545514,0.0537229906775334,0.0143978664425739,0.0257513122601245,0.134280646283734,0.0770254614026992,0.036363281238072,0.030334000140152,0.0270039798117036,0.0277846413696707,0.0276668387109017,0.0305268035439145,0.02100293897394,0.0173811400272587,0.0168319718270186,0.0212776002949456,0.0267208672343127,0.0292639489836866,0.0317630444201556,0.0272747776986829,0.0264579489380159,0.0083037337980093,0.045893257036326,0.0262813241578387,0.0201197826319679,0.0293359820070072,0.013810131765021,0.100192042237244,0.0251697707113327,0.0418282520659233,0.0218906351938994,0.0185556530790829,0.0101615731604223,0.0100810101267525,0.00650696444595205,0.0108699023414223,0.00794232759386899,0.0093209436869535,0.0278090437029625,0.0499359368778068,0.0202664894345853,0.382012485802369,0.033846493473243,0.0216310507275791,0.0134678087735848,0.0390222067102928,0.0422496871605017,0.0439665630543308,0.0421558606719778,0.0339947874089264,0.0319071468411558,0.117168365777129,0.0178578726009011,0.0180837159304746,0.0248872148535622,0.0233328043269036,0.021820598490761,0.0216349567702662,0.0825014536508275,0.0526952307434164,0.0270953360357163,0.0144887760896501,0.0196343390505225,0.0150716617892143,0.0184977697263351,0.0295473131398224,0.0233228262615001,0.0176977768455398,0.00753049376911486,0.0351602719604144,0.0193397783144725,0.0281018495325378,0.0491777426211702,0.033756031068438,0.0142863431670377,0.0294442026145426,0.0520016386975913,0.172933332134264,0.069534940077864,0.0377084305214087,0.0327207220429463,0.0280650516080236,0.0212108488554178,0.0164105791045144,0.00577935304325699,0.010365237932253,0,0.0250990963152812,0.00778602334825418,0.071608198380162,0.0658847954644256,0.0178165715930765,0.0553015587715426,0.0380477121261648,0.0466726977169445,0.0166479494475717,0.0560975366848278,0.0173021761895241,0.0614291038061786,0.0673593231589625,0.00889828926715283,0.0143952026808794,0.0195205483593124,0.0400505794951387,0.0296514629817239,0.0215141346472871,0.0189841618547043,0.0261205558178974,0.0153120843876729,0.0535404509337938,0.0308697594580592,0.036315863910726
"Rushashi (OSM)",0.0176735600926563,0.0203134117763033,0.0212373753281513,0.0196761991213991,0.0195259182642972,0.0286136153778954,0.0223908715283921,0.109510991756037,0.244273703767682,0.0426813934926395,0.0193402982720102,0.0328726860721125,0.0209165862201725,0.0563443673615305,0.0528233303389698,0.0412221572462625,0.0410244116093963,0.0446267008990257,0.0455050759810945,0.0415678519889652,0.0260104838354482,0.0239929989817942,0.0231323178741496,0.0282706510249156,0.0175039880733869,0.0179425543305539,0.0283685656914504,0.0341011538397698,0.0284558916400817,0.00980226221100656,0.0766893605095163,0.0408710558963621,0.0284780018318639,0.0450973946451484,0.0174707565218285,0.14094725770936,0.412344504915714,0.0520973080064009,0.02621272232979,0.03644188487152,0.0215720742438764,0.0212573845294502,0.00796095308303381,0.0130493512390799,0.00930734453717068,0.0112711335178556,0.0211827453138019,0.0199256499803246,0.228545518673918,0.626081866452383,0.0585644298394036,0.0196816557089263,0.0169395001347149,0.0248259770844734,0.0236559154165057,0.022387779005928,0.02192077712055,0.0194312014135001,0.0187311718623212,0.0188463894985301,0.026611019599032,0.0247026728944338,0.0159790914535667,0.0153233337664354,0.0147999689967976,0.0156163163709037,0.0443446386906998,0.0411132434631483,0.0369500596136505,0.0311305816320053,0.0216612642468054,0.0105058449921923,0.0392169648084512,0.0306566555123508,0.0152855281698619,0.0240277180530497,0.00915004818573106,0.0764160892484764,0.027066394832152,0.0329227317700238,0.0450523662450072,0.0284342458671626,0.0191553152163135,0.0396305546561458,0.0469401947688021,0.0639239288877937,0.0423672460338243,0.0528408023908037,0.0295198782052661,0.0454292938465711,0.0838324527033931,0.0408783168794622,0.00703109833343667,0.0136348228530518,0.0251476686039939,0,0.00909217035643988,0.0383395848998371,0.0414562076438892,0.0242417329714781,0.0472556955726799,0.0532778642597029,0.0484385168565035,0.0389066002613297,0.0452564299689135,0.0754791982609185,0.0430000536956651,0.0418417033905074,0.0106569171098672,0.0184174875694501,0.0756066748002732,0.0537064470514823,0.0399157802121923,0.0286492983129969,0.056202878302452,0.0165073859690951,0.0199006980747392,0.0189339789240036,0.237365602348346,0.0247263163616248
"Bugarama (OSM)",0.010938703805955,0.00782631058475039,0.0164689236605624,0.0158037051758749,0.016061699426241,0.00924455055163957,0.00809810050169729,0.0140467720471102,0.00884994893466793,0.00871713346232193,0.021216432724109,0.0303833279822703,0.00731093390571569,0.00968411976786178,0.0110522739907831,0.00980808841570409,0.00903866140705582,0.00835401315298797,0.00797705402673651,0.00982400743919982,0.0101526455026151,0.00861803006222728,0.00859426006391889,0.0109108115100781,0.00842725194362664,0.00809306088603901,0.00881132976784998,0.00929483900908346,0.0088145834465387,0.189399132057788,0.00838616331655644,0.0124111578281692,0.0138891080767693,0.0103794476624905,0.0157724751013132,0.026390469796972,0.00916154398253603,0.0104612051774876,0.00877937013628375,0.0159265709149546,0.00869141810636038,0.00919393002588163,0.0983342658616544,0.0838509981287485,2.31262495428344,0.100521412755277,0.00751867371971927,0.00782054027272972,0.00963924648762079,0.114857926374417,0.008439248135961,0.00921822680579713,0.0198943258542735,0.00840425274192426,0.00826220661810743,0.00815126692816331,0.00807623174931893,0.00806841421480569,0.00820914453629327,0.00703651155836598,0.0103159447174368,0.0147127007181703,0.00782733258432188,0.00789610876969214,0.00798038254562177,0.00821811153916458,0.00906052995610133,0.00839892752387126,0.00740030444804523,0.0105448366983212,0.00964013057873164,0.00483169824217341,0.0121470246710727,0.00900550634097407,0.0074395238676916,0.0133500945924627,0.217829120220255,0.0293138624811976,0.013680042959288,0.00920040259821536,0.00984828521554205,0.00887536854981291,0.0212275606957796,0.00975777715802397,0.00978135775976449,0.0155385900840676,0.00926882694177773,0.0103803086877416,0.00898662199874498,0.0109032427265904,0.00868884024083766,0.0104013639873383,0.219460060911541,0.00991222449876718,0.0077891033640034,0.0091202639454805,0,0.00929748656355494,0.00933751285933226,0.0137368400952185,0.00981351644087729,0.016399512249206,0.010207853067591,0.0121857022559834,0.00963236144992685,0.00667612947716052,0.00956538582020513,0.00930135889100161,0.100314730936973,0.0155480734916649,0.00821159385298199,0.0100154695312653,0.00993965699577703,0.0114624779760272,0.00927741028215742,0.00773085921908311,0.0156293056796491,0.0074109845915578,0.00889946118716322,0.0114528285826005
"Kigoma (OSM)_1",0.0198452430903742,0.0289588448674574,0.023443669980873,0.0216144531470967,0.0214380617552607,0.0435823856940729,0.0344454035913087,0.0435463849001332,0.0439632677476795,0.120947260124025,0.0200694274555455,0.0358706649434435,0.0472467274500403,0.296150749547829,0.0891891516162354,0.0667090920407552,0.0583648526913224,0.0675616037597643,0.0707458745169632,0.0676024897799749,0.0347411752739534,0.0306149551623412,0.0293760468801449,0.0354282441886498,0.0222182091528268,0.0242559288995333,0.0478485321249866,0.0545173480008291,0.0401566870126318,0.00999799388535691,0.107399530046506,0.0502418973150095,0.0324886491102055,0.0615625727300881,0.0189871385614349,0.276789685366537,0.0391245424632276,0.137603734809323,0.0351096971729128,0.0231274873243397,0.0133270807875805,0.0131981010261919,0.00818631707728978,0.0133484057667338,0.00948646514510081,0.0115647930720538,0.0306244048293504,0.0367170703212782,0.028530075177558,0.9917538060713,0.0986754541159202,0.0231052236036767,0.018375757486854,0.0372029542141381,0.0347087562267666,0.0332061271737716,0.0321083346973207,0.0271506128750738,0.0258225621178606,0.0382662989387496,0.0308410185972731,0.0277445383982445,0.020982693973182,0.0198789749806818,0.0187933451609047,0.018670099748356,0.469011936930002,0.120870500021536,0.0695353747799594,0.0190108373486347,0.025844320360939,0.0135221803555479,0.0287446208617618,0.0486217777294178,0.0198361717321594,0.0269214954183343,0.0094042457779727,0.0463256875212712,0.0307434241311593,0.0516993606165182,0.236974302464748,0.045044527666096,0.0198704070660607,0.0625313825538456,0.289643275692692,0.122786294760249,0.781635965293376,0.107976971016272,0.0470445827509298,0.0573750715965276,0.0303423060484528,0.0215812576251144,0.00722615754581666,0.015004778871981,0.0722829265386019,0.0383842068093492,0.00926192928197064,0,1.16671778819984,0.0271874397101312,0.358611001931848,0.0690109427624444,0.188690259781046,0.0245625249508173,0.405284504907661,0.0263831090174403,0.639416241630975,0.967794476972461,0.0108978805480228,0.0201075750748676,0.0288429769927511,0.117514777921647,0.0621469219455722,0.0358659501831815,0.0260858232352853,0.0218779439808146,0.0218729621715039,0.0327434268856682,0.05290487847525,0.0321429596453967
"Mugina (OSM)",0.0205443855903861,0.0295951321426473,0.0239977045256122,0.0224381471914923,0.0221786874399015,0.045793429707153,0.0342796759939415,0.0457260751706259,0.04759040238911,0.140386381172282,0.0204921784550003,0.0369872161233209,0.0439046592213823,0.421236003963396,0.103663733002725,0.0779679519013719,0.0640667225665033,0.0764036603213951,0.0810024572004457,0.0792455572079574,0.0369810672046819,0.0315737295849253,0.0302124001594918,0.0377295028155719,0.022734811456793,0.0244011620568868,0.0531270180965823,0.0618129334498442,0.0437053580500453,0.0100961108372763,0.14031181044042,0.0554387492889453,0.0343620859462558,0.0700626471128527,0.0194152363300486,0.329484289684471,0.0425453102243907,0.191606446061566,0.0374346491392674,0.0236666139626838,0.0131855363906015,0.0130541969904001,0.00802248135488893,0.0134106580972446,0.0095567003436285,0.0114079107469143,0.0324164473740295,0.0342017295076653,0.0300939107927479,1.17861348304278,0.127567513402861,0.0240781160321314,0.0189201919613755,0.0402490424651543,0.0372982157436201,0.0338071301502557,0.0328455079575566,0.0275847275938866,0.0261778016326093,0.0358474828412485,0.0334877850602223,0.0291477379598667,0.0211925980655669,0.0200465426217227,0.0189151853471951,0.0187776588843731,0.960465482770298,0.144932417588522,0.0795224778522492,0.0196052261322553,0.0271257230899158,0.0131076277905598,0.0304017321670472,0.054253756617864,0.0200303511741568,0.0283365174667147,0.00917064274834707,0.0460950392132029,0.0326891235757759,0.0581714321710045,0.438866973152484,0.0493009663835917,0.0203047973130137,0.0718842872398941,0.616174237905179,0.127019877706796,10.6717322016293,0.141236510434958,0.051739898634973,0.0653660948598696,0.0322281398372941,0.022401221526202,0.00706679186125744,0.0149019975101679,0.0658269019146176,0.0412464365674157,0.00933765813745131,1.14459029304987,0,0.0286358741551247,0.904161667228857,0.0719561406574765,0.299040313849108,0.0254583477722681,1.20835683057547,0.0269463488451516,4.22228582256465,55.9208900872878,0.0109459726487984,0.0206125659644238,0.0295059303942684,0.151146417433907,0.0700837780643719,0.0378870214591453,0.0270054980691761,0.0220937325529352,0.0225858990479152,0.0300352791262514,0.0597072576433739,0.0313336552043283
"Gitwe (OSM)",0.143784110212881,0.0179328072318269,0.0870627610655344,0.0790808741993642,0.0755415964605993,0.0240831087821507,0.0195734995986968,0.031203839474338,0.0234168814414466,0.0221755870861054,0.0404707007609807,0.10859186831345,0.0155309391159486,0.0271908097958238,0.0405968532198288,0.0331660112944401,0.0322330263980516,0.0334946142817574,0.0336501982082147,0.0333994655147808,0.0309050274704694,0.0340569009662265,0.0350148652204244,0.0385430367296144,0.0195958920826867,0.0174111741758698,0.0241019187243928,0.028265338348336,0.0241696169192376,0.0154469201988957,0.0213079952655958,0.0852439061022281,0.211133758905525,0.0384228496699154,0.0506905024149564,0.106120856206542,0.0270859434801155,0.0401898839707721,0.0224571246268566,0.0263279554942806,0.015100451871571,0.0165622426167936,0.0126650527288427,0.0214486579666901,0.0141921303725893,0.0178308122875878,0.0183539911969902,0.0175755062069624,0.0290116270109214,0.465942264183624,0.0429139551186391,0.0244239221006531,0.0619088187323399,0.0214512110788897,0.020553751301832,0.019534915943607,0.0191775415464012,0.0175687512398344,0.0182315807722708,0.0143374692286629,0.0963829118371446,0.231575296639823,0.016577283451427,0.0168857201967729,0.0172514009067759,0.0183680700197885,0.0261706672586727,0.0214168209992545,0.0282009848429286,0.0286936530893821,0.0275636973024639,0.00942250455601469,0.0578123159397506,0.0257939771040068,0.0149732659288328,1.48294611175214,0.01395797039733,0.0513468319230061,0.201497028096587,0.027427321243267,0.0338985843483632,0.0241194906113755,0.0399295427887424,0.0320740726330334,0.0328717938905241,0.0371188012722469,0.027975741882551,0.0406657858602175,0.0249184087610892,0.0489151127903907,0.018573692521501,0.0219659494376348,0.010871734292048,0.040275253671246,0.0178156894746722,0.0241926967326414,0.0137371554363944,0.0270967120133658,0.0286343075636707,0,0.0323645190842854,0.0544536095990237,0.0366407105382628,0.0420812694914168,0.031326028716532,0.0152043903122882,0.0301940819322564,0.0283243812677509,0.0173471918931662,0.0888897550567883,0.018321597762414,0.0325880314647229,0.0322019405135251,0.0438068874773861,0.0192005794808278,0.0161300053465829,0.0780233321623493,0.0145147868720526,0.0250908427787654,0.0235546955237732
"Carrier (OSM)",0.023476537151329,0.0336873056628964,0.0268839446915915,0.0248395590461665,0.0245652832090851,0.0555765285194208,0.0396972922570713,0.0482469600800795,0.0512063902503328,0.104378124082126,0.0226120732506656,0.0406768130374501,0.0390932927919317,0.227984998131869,0.150753235828466,0.105319685731913,0.0855113892581057,0.109053870720727,0.119230554776354,0.107516764760688,0.0433306429756337,0.0382047678694873,0.0364221327677949,0.0443372615097953,0.0251972375592667,0.0273110223137237,0.0658676625559963,0.0789924450150271,0.0523999680708623,0.0106214114631066,0.101723391739695,0.0693315879459811,0.0398865147769963,0.0920705749764292,0.0213031070222136,0.512392394326346,0.0507833743407732,0.376755988806729,0.0439285541998364,0.0244989668946102,0.0140206595846634,0.0138772014036372,0.0086538344401073,0.014226697719382,0.0100367354636015,0.0122253522895666,0.0378773374949565,0.0396142374474039,0.0337659694899269,1.78930236514965,0.19845789109863,0.026826141134362,0.0206548573557195,0.0476434618696208,0.0436770355134083,0.0391383722258392,0.0378796643514919,0.0311906721527855,0.0294451438841582,0.0326117772611882,0.039872603089835,0.033146018467598,0.0233578357452555,0.0219952452627966,0.0206645006045488,0.0205075548950031,0.323163875289541,0.104158657085544,0.117174228407634,0.021461511074541,0.0305784035730111,0.0146366185807228,0.034699920626544,0.0675208907136901,0.0219641098002287,0.0320910445054937,0.00988201614886439,0.0489089813660836,0.0376319967402852,0.0733997794529114,2.28838782606661,0.060339890740689,0.0223811230196597,0.0950808633221991,8.88496499827989,0.112328794655197,0.646394678967186,0.236058695880143,0.0638678089663522,0.0845666227681808,0.0339379272332383,0.0233320690915639,0.00761278312495078,0.0167998812702259,0.0555745600954975,0.0472131620675396,0.0097910353555063,0.356414920618811,0.91585411149312,0.0324671469082512,0,0.0879764677923357,0.854912895687373,0.0285933271684425,22.7298590006407,0.0293111478122323,2.16567007632862,0.779496607534846,0.0116027418162259,0.022734106844926,0.0318325610735629,0.257460125910932,0.0920954870366857,0.0446300326246051,0.0284650753660838,0.0244540675721801,0.0250707197158529,0.0288800329515873,0.0613693210599244,0.0350191803460196
"Bugesera SEZ (Agro-industrie)",0.0590143115924447,0.0674345807347381,0.0620105226321782,0.0534073969360593,0.0537488869585041,0.136125644355073,0.0822688919395342,0.0562647400557044,0.0536407085676213,0.0542673236729826,0.0327800754924211,0.0850591607564673,0.0428033897616024,0.0765103825914829,0.243858893188783,0.214404256939119,0.497250510292091,0.346892603018157,0.403273795254933,0.264211892193858,0.725592001901571,0.658867825517854,0.590258665520499,0.431629855226947,0.0717907919158833,0.0572711381971084,0.141258186338101,0.236572488584222,0.183086482195917,0.0167145968278251,0.0488597646100229,0.0874521565160793,0.0717076442134988,0.208465325710596,0.0551392280647749,0.875696584007349,0.0631988161786561,0.133613146543741,0.227669632972889,0.0301590407133069,0.0377025797022471,0.0373612241340055,0.0280800963344899,0.0235628109146684,0.015682991148959,0.0217283315891769,0.0819846721728982,0.0651018659805208,0.0428776899519036,2.14151750912817,0.228996133615937,0.119436074991379,0.0416108888602407,0.103066020484321,0.0925685313104099,0.0821615085732347,0.078671026376582,0.0619115904183005,0.0622079564419653,0.0293646874841129,0.0513729917456009,0.0804598497299065,0.051311858717963,0.0531813860396799,0.0555079599985135,0.0629829765252985,0.0663546266516088,0.049169165756623,0.365640131300891,0.0297584752684283,0.165215190916544,0.056467175748527,0.0469013054696851,0.173770945024506,0.0422626233851621,0.0514555293279551,0.0226206759985424,0.0836504507665619,0.0690493391651048,0.212744781766009,0.0992678742013085,0.140840415302593,0.0323757241222991,0.319613112018097,0.0948456330384301,0.108805722382199,0.0734271688127897,0.134481982586169,0.15467609468194,0.097459236525514,0.037521930069039,0.0276373144885711,0.026927542042578,0.0992360758584961,0.0378683981337892,0.0542925224119652,0.0151463505292795,0.0716800209975172,0.0760520257799536,0.0560875005053388,0.0936765764684674,0,0.114761328899852,0.0405128458658373,0.0878051360332237,0.068215147511849,0.0835264029400281,0.0747518903485028,0.0193316779658432,0.0389189421421766,0.0562731350657064,0.0979802713288241,0.369112817943637,0.304985134452381,0.0345169121764061,0.0491319180518829,0.0550743880746603,0.0519196756779617,0.0573815915702498,0.0901365850918686
"Rusine (OSM)",0.0265705978511382,0.0342109924058916,0.0297330825700149,0.0273699672566048,0.0270362222664533,0.0569323716676204,0.0403936713730113,0.0491769778815211,0.052627203369875,0.079954754010742,0.0246557418773503,0.0444261216208666,0.0344814077396968,0.146174076849654,0.242658779964426,0.154085065574505,0.117317237912944,0.165830986923061,0.190611311921947,0.15855839136112,0.0509294157607035,0.0454390692669023,0.0430995695986674,0.052272247941983,0.0268568573846484,0.027690269377113,0.0675742144137541,0.0927518041603071,0.0618229814575245,0.0110819591321871,0.0771496283931365,0.0889428413577312,0.0463069002139674,0.127612987011242,0.0231325878754267,0.91955406153101,0.0599204324373537,1.50092821251495,0.0517532591558528,0.0247833298224015,0.0142554409874098,0.0141081744540251,0.00909480769274242,0.0149108917320493,0.0104475103511632,0.0128188084812645,0.0385968560629643,0.0373349123527176,0.0348997850517567,3.13726039275216,0.372802883961718,0.0297794124588135,0.0224024402776941,0.04860422322505,0.0445013111585023,0.0398316354761956,0.0385318503605068,0.0316546498002392,0.0298653789219962,0.0293108732696405,0.0481348510342418,0.0376256545208617,0.0236331934602136,0.0222430503734585,0.0208873163853947,0.0213966443558443,0.174492995394823,0.0785708990781711,0.164239517281644,0.023348652622377,0.0344211425045121,0.0148527196322273,0.0396577510054455,0.0726718023397314,0.0222088696452974,0.0363261512257643,0.0103551034097586,0.0497184119908773,0.0434721242082902,0.085313349858592,3.19665233914816,0.0618172042384312,0.0243901690952688,0.133801450342491,1.37189732037884,0.0970016870069931,0.257170468035379,0.549499858384102,0.0654995583950732,0.115145294042564,0.0346039967306989,0.0236707393427465,0.00798516334039003,0.0184065885886762,0.0469086139737866,0.0484347725987478,0.0101821020072427,0.188036460581695,0.303261577591695,0.0368026258226249,0.856830490932317,0.106304400939808,0,0.0318844922456206,0.675379501194457,0.0300721906202486,0.42564732285005,0.28151026064056,0.0121517060358546,0.0248237577245805,0.0325868954015632,0.616614293301765,0.12680646067942,0.0525073934865786,0.0289723365246754,0.0247556421448643,0.0276202565785082,0.0268398946213513,0.0633095658371436,0.0355304046289033
"Ngororero (OSM)",0.0304909837129087,0.016748465565773,0.0331811338163016,0.0304194777837937,0.0300052644591023,0.0226525472853017,0.0181320454350199,0.0785471652765749,0.0415210661830759,0.0206527478413239,0.0387335340550334,0.0488641363247669,0.0146445412271785,0.0252871876497987,0.0360113077846885,0.0290651793626747,0.028990624966087,0.0296949566704886,0.0296555178222721,0.0292315160874397,0.0205718972841095,0.0194737195949377,0.0196957986167378,0.0224408879165138,0.0147757088155357,0.0151713846073008,0.0219385090311965,0.025229566254923,0.0219832843130551,0.0134650449338783,0.024440806908122,0.063273860583656,0.0548921079722282,0.0332943710509727,0.0252715132482029,0.0940300163798464,0.0316375401487793,0.0344795987084209,0.0206910490207274,0.0512506116097918,0.0310370863515231,0.0304312801345295,0.0112745176840715,0.0184908852566495,0.0125329089034839,0.0157879267016122,0.0171169608517639,0.016560835207456,0.0523309582673715,0.405055717158628,0.0352097614843886,0.0165574064482546,0.0244436338259949,0.0197100989266567,0.0189595305522967,0.0181971300670614,0.0178724389316218,0.0161707263324603,0.0156837777735403,0.0135904483099698,0.0656984845153334,0.0433528768463885,0.0136814279168375,0.0131975205424157,0.0129658623052173,0.0135927126569637,0.0235824173059421,0.0196814276557611,0.0253774777841271,0.171470316703794,0.0179437555233653,0.00912465643391168,0.289098595083701,0.0232639777292798,0.0131600047463027,0.0417141331484642,0.0126170061286153,0.111697199003491,0.0512164582547921,0.0245675161906736,0.0295662887968474,0.0220616841932257,0.0381991175309375,0.0283362310575944,0.0288416286294406,0.0356833041054046,0.0250132440472489,0.0345551343957319,0.0227231394375414,0.0403646586180872,0.0385451835783815,0.0674204611126283,0.00979030256913748,0.0202948581673638,0.0166459083292994,0.0389307679836104,0.0121618965427771,0.0245568001644717,0.0255239321247151,0.0423337345302347,0.0286168608846615,0.0406940109385464,0.0319007329977719,0,0.027652114706518,0.0378829985965726,0.0268675943150847,0.0252760410478502,0.0150099483760614,0.0272933338777921,0.0454107350513897,0.0291746916452276,0.0287942812980969,0.0245094056361218,0.0431412730940733,0.0140741440423176,0.0306885765960978,0.0143035268629311,0.0328358263743653,0.0213566199515328
"Idigiri (OSM)",0.0224832351369441,0.032484155255999,0.0258638464573316,0.0241060562278099,0.023811370510864,0.0522165036210852,0.038157718389075,0.0464457103131343,0.0486460111954851,0.106322513180408,0.0218685299417135,0.0395017366700214,0.0392253829127927,0.238659848812804,0.136327614286425,0.0981082164513678,0.0784585663744461,0.0984168156429037,0.1067557205715,0.1000809206264,0.0414296043605134,0.0357316552548369,0.0340861141163717,0.0423495083439948,0.0244468839092258,0.0263475440875482,0.0624002224153396,0.0744462364800876,0.0499850484891741,0.0104358037422549,0.104785572581122,0.0653411686203973,0.0382037059485517,0.0859534584943403,0.020657123375615,0.45520471517953,0.0485134890671895,0.323157900710263,0.0419968677263168,0.0238963731516196,0.0133848242521999,0.0132504197698472,0.00834772742952162,0.0139117711788497,0.00986151324864676,0.011845862921159,0.0361947471062848,0.037933532186039,0.0325437116224975,1.60339745539448,0.181161207479834,0.0259973517926997,0.0201081693267552,0.0455913763392829,0.0418869616943568,0.0375427429050364,0.0363798549076983,0.030085318931832,0.0284307821079522,0.0326374278849301,0.0381102117399105,0.0319402021340633,0.0226792650189772,0.0213776369153395,0.0201006767618178,0.0199455538952237,0.361165177231392,0.1074327844556,0.104829902968052,0.0208803290937209,0.029558672189326,0.0139615143677598,0.0334547020347694,0.0639691613042647,0.0213610624768197,0.0309904274376442,0.0095251970609114,0.0467796761226717,0.036216781503714,0.0693495859242126,1.48586518492253,0.0571996898900082,0.0216592095380326,0.0888201852394333,3.75993330989122,0.111237382593917,0.796159091967593,0.21056085957378,0.0604335958363667,0.0794443730563394,0.032735601083647,0.0226678618267197,0.00734315637942421,0.015982160126385,0.0561156263048562,0.0450456455931013,0.00962829296119147,0.398690976468378,1.21119733952401,0.0313458159149978,22.7209224476843,0.0822309478827869,0.66684247508111,0.0275793334048784,0,0.0275494141275687,3.75389378517773,0.995656317186408,0.0113487217782286,0.0220154676380698,0.0301054384594069,0.226780940924682,0.0857353431290357,0.0424874680780437,0.0274063182915328,0.0237090983549097,0.0242674383337972,0.0282679649469427,0.0582956204980244,0.0334672655570587
"Zone industrielle 1",0.0103180164206418,0.0108184936728912,0.012370907088624,0.0104955467822415,0.0108075442451155,0.0177584402383124,0.011865586732549,0.908581438806638,0.21304580988386,0.0278475198860686,0.0135379808393082,0.0177053995024837,0.0122550310175541,0.039476239366556,0.031015140464774,0.0211185001883933,0.0415336192883889,0.0552292198185226,0.0621104393617344,0.0212332695326137,0.0142959730783686,0.034569393179623,0.0343228895739295,0.0155729851490206,0.00923125851124092,0.00995391519440145,0.0150869091276052,0.017706753666085,0.0150936559671405,0.00555055338268339,0.0434775365303589,0.02201575823248,0.0157991443796859,0.0238087051155794,0.009675023426916,0.162943113939535,0.0483050116756308,0.0274902280830137,0.0143635394463889,0.0478135673371045,0.0842243211088793,0.0821286221113714,0.0127607727602612,0.00788640313507056,0.0052441282582869,0.00753632576063728,0.01184045165703,0.0114403215485164,0.042016385951994,0.356525892793191,0.0296031879124148,0.0104184882055087,0.00898111807790511,0.0131361589563314,0.0125308907294004,0.0122110863605987,0.0118886840943006,0.010503003865644,0.0101294893432961,0.0109316470386372,0.0144636147072616,0.0134372210604715,0.00844845022793126,0.00808330822036701,0.00780906934450727,0.00829494087691511,0.0265899261581903,0.0246315927197519,0.0549276570426772,0.0418965101565598,0.0114792813104508,0.0170605734393657,0.0245336116643841,0.0160589274590601,0.00800218484026113,0.0128366582268929,0.00842889882489184,0.143774994194844,0.0144185948099529,0.0171494871688893,0.0251738938639715,0.0155041078656373,0.0133615461288348,0.0207733127087869,0.0263516927807292,0.0550987231560057,0.0254192032928683,0.0271285199222269,0.016085933668561,0.0229790298751024,1.0838733344381,0.0877710501762157,0.0126242197289558,0.022333306793913,0.0150115392652694,0.0781762384547477,0.00505835588544563,0.0241679121927776,0.0248515370042475,0.0129508811484402,0.0272374508146532,0.0645053587783059,0.028017064942783,0.0362608697550418,0.0254668428256973,0,0.0247054178322991,0.0250548989854039,0.00652623634065383,0.0104108388159644,8.01634289737382,0.0327793306072309,0.0223357172538662,0.0164819882081443,0.206326015684,0.00887665991442695,0.0109983679569869,0.0186757611978483,0.0987727854030518,0.020378295077838
"Rwafandi (OSM)",0.0218340866217703,0.0313198936003733,0.025299208388416,0.0234785785869104,0.023222977812496,0.0499759739829423,0.0365170013918967,0.0449656277374956,0.0462525794980742,0.124383506773995,0.0214532557079929,0.0386121745455793,0.0420586830921818,0.319445174443665,0.120923936090722,0.0879699691581701,0.0726116309527494,0.0888511987394759,0.0953126044848355,0.0895450097548393,0.0396265662704334,0.0345053070689373,0.0329722522029039,0.0404818953420358,0.0238002106651499,0.0256859456006837,0.0581054471830191,0.0683395800425533,0.0471966253819438,0.0103408417634231,0.122532724803098,0.0609294476539135,0.0366890354809106,0.0784001028419781,0.0202667560836764,0.394548224261717,0.0458544628143162,0.244581021443729,0.0401324023513998,0.0234964940712033,0.013295403713199,0.0131642637172384,0.00834841664430336,0.013800342906942,0.0097828746001076,0.0118236607441855,0.0347160944386973,0.0364565797725779,0.0313832346386184,1.39544864301283,0.15111151956507,0.0252598639670482,0.0196848669907104,0.043241046217745,0.0399050041335152,0.0360439289125612,0.0349594442333116,0.0291298463948109,0.0275875298126216,0.0346518240657459,0.0360578366810515,0.0308468644366624,0.022140358169021,0.0209046109466765,0.0196912965103605,0.0195471706198948,0.556043119848854,0.126038395817076,0.0936393259999329,0.0204206347636942,0.0285912395542747,0.0138575270707083,0.032202483167976,0.0593995528994131,0.0208779699435498,0.0299223178952773,0.00954418547895095,0.0463582803223194,0.0347422189106766,0.0640139979240892,0.70637523628183,0.0537093436037656,0.0212439368740551,0.0805519328058197,1.1558670235316,0.121948637509247,1.86037433123667,0.171180739996244,0.0565505705903947,0.0726198289709545,0.0315385102348365,0.0221184954716304,0.00735094537126595,0.0158200832575661,0.0616336395202331,0.0429026703712448,0.00955030370634863,0.632552955398993,4.24829161929338,0.0302522381167648,2.15736814686634,0.0789077233354404,0.422966763910657,0.0268295717451212,3.77136699343135,0.0268557890846037,0,2.82031792978555,0.011259954967046,0.021563725508019,0.0293706772822767,0.185151745638505,0.0785304510552321,0.0407415800946295,0.0267113730821466,0.0231266681224557,0.0236796739067103,0.0298801354386263,0.0562317262466833,0.0331146356153584
"Rusumo (OSM)",0.0203207532761301,0.0292636883485634,0.0237790324770204,0.0222425312978485,0.0219869818722265,0.0450813206729428,0.0338411843788061,0.046038033605173,0.0480783421247821,0.146175252103061,0.0203293446587784,0.0366903783939917,0.0445750173028333,0.462806788537488,0.100518980534607,0.0759523070841821,0.0625756110900755,0.0742273790266466,0.0785085672334226,0.077167873202336,0.0364808156535336,0.0311069452386643,0.0297760996064249,0.0372109098994517,0.0225342051544252,0.0241737628538486,0.0521335349455072,0.0604931582433891,0.0430144106333473,0.0100546109061401,0.144344180711911,0.0543802640030436,0.0339266865516845,0.0684304875902178,0.0192679290473208,0.317846897205005,0.0424142242944497,0.18164744948145,0.0369223879322557,0.0237568754701487,0.0132318688133456,0.0130995887576986,0.0079827641122492,0.0133495973015575,0.00951938481516723,0.0113544301781569,0.0319899354913012,0.0345974412953631,0.0303014113260768,1.1390408814996,0.122688326795573,0.0238541895636074,0.0187792802251851,0.0396556102828947,0.0367840219993166,0.0333833854136438,0.0324435860277518,0.0272958331382258,0.0259163665350915,0.0362981985378814,0.0329767407323505,0.0288267168171814,0.0210174929007756,0.0198891831837042,0.01877451317638,0.0186389976548079,1.16263845419057,0.151434319076828,0.0770707262972428,0.0194543151952946,0.0268445519621464,0.0130057388379872,0.0300524488872895,0.0532171654258393,0.0198730748521416,0.0280309575269772,0.00912717814997418,0.0462690446015153,0.0322883310593686,0.0569918011115037,0.397177498071353,0.0484436987975596,0.0201445126160079,0.070158036594134,0.543238031278461,0.129319478869494,31.8986001715617,0.135343651160013,0.0508026393953586,0.0639081599679736,0.0324676607211881,0.0225167067855006,0.00703297955390733,0.0147739926226848,0.0672882067449887,0.0416232259436147,0.00930205725058294,0.948917179434342,55.9274108556135,0.0283241492014806,0.769260764606674,0.070813699271521,0.277565702573606,0.0252114479612153,0.992975308175096,0.0271384056738299,2.79960223584107,0,0.0108968687291178,0.0204468172610045,0.0297027790093198,0.144744556225933,0.0684701774003703,0.0373695970610512,0.0271628426058992,0.0219039766811386,0.0223885479674357,0.0302743276778377,0.0605096381428162,0.0310795592343453
"Karengera (OSM)",0.014301071832865,0.00889562153856124,0.0218447848354801,0.0206816697123015,0.0211618462088883,0.0109011181899124,0.00924431349936881,0.0164577177672142,0.0102872485331775,0.0101246834807888,0.0306008341634085,0.0405510367653382,0.0082314252192936,0.011502713349362,0.0134268636238058,0.0115435725780883,0.0111248300062665,0.0104553092772814,0.0100793484153287,0.0115642435718671,0.0120470193070258,0.0109700896201463,0.0109832747298137,0.0131224681688076,0.00967570067222042,0.00927627179699548,0.0101926753375747,0.0108354255050739,0.0101951831533723,0.275228193507026,0.00962300987123368,0.0153275738527209,0.0175913363895778,0.0123709917949816,0.0206506877383597,0.0330557637362403,0.0106552769755468,0.0124753092931806,0.0101702549802745,0.0192692601689258,0.011266982119118,0.0120609130591444,0.0740776923963899,0.453272824388628,0.122852044580914,0.11528699196575,0.00865818857724636,0.00891761700304043,0.0113206735707192,0.140532080173643,0.0104632594290611,0.010731677222103,0.0280591430653695,0.00964540562302276,0.00945890116261089,0.00933513707468947,0.00923292793070026,0.00922159679157443,0.00940670506372433,0.00788444593258085,0.0128146705679271,0.0188910204068765,0.00889832703083557,0.00898759416230551,0.00909897512489931,0.00941140606480015,0.0105215412450437,0.00963839440087206,0.00930080222068731,0.012565683471574,0.0113062815067963,0.00569381854827847,0.0148903282053371,0.0104449795385567,0.00839509795638676,0.0167186281842506,0.104804710185473,0.0375747557217699,0.0172329184645138,0.0107075771785888,0.0115927287955234,0.010297226857385,0.0306414858667663,0.011487262099822,0.0115067302969922,0.0184754818279224,0.0108019403918323,0.0123360168867878,0.0104474553123677,0.0130827982326489,0.0100218899629517,0.0123635510614237,0.0576687865988321,0.0132230008305503,0.00884716565900666,0.0106297436934472,0.10157599820591,0.0108775141276032,0.0108939483379293,0.0173220932209059,0.0115711922037921,0.0204703356440313,0.0121234203807307,0.0149833457132081,0.0113011156627403,0.00822488732363287,0.0112216569190483,0.010844266823192,0,0.0203045228173584,0.00993869583107859,0.0119044615165972,0.0117886110716154,0.0139554838686522,0.0108677459938531,0.00878228242292954,0.0204142926222427,0.00861511046296844,0.0103121705159663,0.0135085562177884
"Kaduha (OSM)",0.0484660598792441,0.0144356431393687,0.0483729865304647,0.0453927865474901,0.0472853832652915,0.0190270468786043,0.0154553548653707,0.0245200113507217,0.0180678937231066,0.0174227759678317,0.0431217363048268,0.0971952660333581,0.0128268594668766,0.0208846090232179,0.0278901235425291,0.0229263568177301,0.0227978788039761,0.0228742861754299,0.0226451828899961,0.02302669560564,0.0219315446842022,0.0228233559106243,0.0231798789499762,0.0255924247880217,0.015418808550897,0.0142121309901578,0.0181946312550087,0.0204137350361816,0.0182212007790421,0.0177032523330089,0.0165232289902439,0.0413848182665151,0.0534394553256263,0.0256926892197707,0.043827147462772,0.0723853214030832,0.0197906456480371,0.0263549304839024,0.0173636228873834,0.026587506804351,0.0160571017948105,0.0176236689025001,0.0153479911184429,0.0251973709216192,0.0161044890486492,0.0211490416677853,0.0145664385214059,0.0143430575432785,0.0208516621821278,0.305931987320195,0.0254600385886359,0.0182566250808125,0.0960925051546332,0.0166009617992965,0.0160595265641221,0.0155437148201967,0.0152958541592747,0.0142115935825293,0.0146460414961345,0.0120045690678199,0.0379981895849185,0.0608101934682336,0.0135143489182236,0.0137190716981629,0.0139678724249493,0.0146996099235286,0.0193132548321806,0.0165803790985289,0.0199061861495315,0.0206371458793436,0.0199599906051381,0.00831097287728722,0.032650963898479,0.0190889582677744,0.0124125735931799,0.111939119669897,0.0164825646370705,0.0536339851383538,0.0513157313206705,0.0199714292136944,0.0232180568722521,0.0183286218917124,0.0424871987764002,0.0225105044210751,0.0227844172915299,0.0307651948454144,0.020275074942602,0.0262711014924185,0.0187920814082877,0.0296317518389439,0.0148266180024657,0.0169078625258201,0.013084788116402,0.0265353780907391,0.0143579772308967,0.018392401798661,0.0155149854799487,0.0200795073908888,0.0206111106023483,0.0899060492166175,0.0227175676277737,0.0391906375763248,0.0248047054532977,0.0272674763106666,0.0220192884726527,0.012456152956472,0.0215524710850159,0.0204446377232275,0.0203056807314047,0,0.0148840230846139,0.0232552034965084,0.0229721348920542,0.0282204791825734,0.0154737900277395,0.0132357538080285,0.0441290379072875,0.0128418608629162,0.0186963192577869,0.0202195500023204
"Zone industrielle 2",0.0133104480609035,0.0137628806562793,0.0161674207810088,0.0141291022724649,0.0143071319615224,0.0209583989648581,0.014938746670959,1.54820955864494,0.181363792075731,0.0314025109501341,0.0176534181791573,0.0239015865191017,0.0153689297068488,0.0425479541513542,0.0343685264214627,0.024780179390911,0.0362114526837561,0.0436735183817384,0.0471472280867099,0.0249027594311643,0.0175149847520493,0.0276106460488969,0.0271950783135865,0.0188756292003671,0.0119814291249445,0.0127102082994419,0.0184289681457123,0.0212414279840998,0.0184415671279829,0.00791342812545304,0.0467045156276761,0.0255915379195977,0.0204690228078787,0.0274345576286348,0.0129999247418167,0.132236719946523,0.0512026790746644,0.0311718784089953,0.0175936624985207,0.0600271703141618,0.0704371456432318,0.0686472677891015,0.0112817343160354,0.0109589046152741,0.00750459017459055,0.0101350680196951,0.0146237444690429,0.0143789294922763,0.045065553798016,0.388817172923973,0.0318079225898919,0.0133250877623423,0.0122481074319819,0.016336341403452,0.0156723991281424,0.015262401164841,0.0149180463821124,0.0133795645013135,0.0129571484221855,0.0139001661001191,0.0187333545767299,0.0176859337761505,0.0110718638091922,0.0106498436471625,0.0103274299130802,0.0108845188594575,0.0303552488070161,0.0283917708300037,0.0414579390413087,0.0524536650764254,0.0145103759615572,0.0137559371350809,0.0312587547831471,0.0194929455932945,0.0105687044396428,0.0170138187719747,0.00960940667513864,0.160458244605291,0.0189520216604971,0.0206524238353919,0.0289401023106116,0.0188227530063081,0.0174278766285777,0.0243826482074241,0.0301034560299429,0.0571824866464266,0.0291812471818423,0.0308965003518646,0.0194409632320584,0.0266857742537828,0.867204567782693,0.110570806441203,0.0106978354140302,0.0186755489717067,0.0183589014441615,0.0776389743132141,0.00727716733643161,0.0277942615006336,0.0286121228286148,0.0171536585194234,0.0309220027426309,0.0545537537288273,0.0316846347170134,0.0450844937597086,0.0292162995102535,7.49242491972808,0.0284056699803807,0.0288199142452267,0.00899091995783647,0.0137818522365632,0,0.0361072981380234,0.0257725168284506,0.0197009879363617,0.269868141367293,0.0115051276077455,0.0146184687364926,0.0189854289769867,0.0944032163789756,0.0220146665448008
"Marenge (OSM)",0.0242368916572333,0.0307534511923901,0.0277986016423466,0.0252045726475715,0.0250171705103541,0.0502880092170674,0.0355249237183934,0.0537035078209106,0.059434864949448,0.0646153672030997,0.0232705484288159,0.0414097452690591,0.0309215636150496,0.106075143568824,0.151367837674548,0.102720959263116,0.0890509778676346,0.11301055260807,0.123355993554035,0.104689301298203,0.0440321132435632,0.0408593350601806,0.0390066466707754,0.0450917177033583,0.0247748840601803,0.0257440355349242,0.0549157994522264,0.0706345336253684,0.05126582472179,0.0107830594485139,0.0608818395989956,0.0698092763637362,0.0406210627182,0.0914743033675752,0.0218344880037891,0.515248148450217,0.0582595628924089,0.328724202955308,0.0445972004513486,0.026195939569618,0.0158748339233062,0.0157036006631329,0.00919687794948104,0.0145750613145322,0.0102028366102015,0.0128000614556757,0.0342195839162535,0.0336012391067362,0.0375313352900564,1.77595575918286,0.182164904718194,0.0272026694535355,0.0209808174156101,0.0416442021196852,0.0386258167445207,0.0353896996412706,0.0343207320308354,0.0288223389943598,0.0273670652590674,0.0267482093761325,0.0400028059828465,0.0336676561584844,0.0220328465159887,0.0208386637759761,0.0196732041946555,0.0201710955707583,0.110583924098616,0.0617218261269289,0.111181205115768,0.021796518816633,0.0309639133194991,0.0147199226834802,0.0350757127858464,0.0583148215299499,0.0207713791785387,0.0324753839213462,0.0104918420049971,0.0547946830898521,0.0379882815459824,0.0662062856866197,0.385011480237437,0.0514991556159863,0.0230046120757954,0.0936926950900072,0.306770695557937,0.0879946141601964,0.14131556469324,0.215485176236087,0.0541227875071762,0.0834552904263922,0.0376572287353136,0.025281343187359,0.00810991100339664,0.0180512017088592,0.0404676808019222,0.0541551864078597,0.00993757486061909,0.118899899891104,0.155530153762367,0.0328515346374104,0.263100192470687,0.0933050197009844,0.630764749016502,0.0292553208351204,0.233778513692607,0.0347928557853341,0.189506939942173,0.148909066336991,0.011885516569373,0.0233060833510341,0.0370518281416275,0,0.0923715460332081,0.0457974316268752,0.0315801675191628,0.0230298425561893,0.0256022035468776,0.0262043525726443,0.0718305253999041,0.0346954046385177
"Kabuga (OSM)",0.0238334754265494,0.061961497645934,0.0273774819769333,0.0249210330963306,0.0247205826660154,0.148175680000682,0.083050198493208,0.0399738520307563,0.038857004054572,0.0426388201705488,0.0229653159762803,0.0409471508237825,0.0350374373518359,0.0607991183354626,0.498627054518267,0.619580417112462,0.18418434785284,0.226277555929598,0.286541183789815,1.64007268153624,0.12668796294055,0.0688653265023475,0.0645051935253733,0.0756925564641951,0.0427869958718884,0.0439493871043483,0.2171837630162,1.2555354112009,0.218310565761632,0.0107092448315506,0.0401321661447154,0.0683473942920994,0.0399714159702858,0.140064271323793,0.023708512345296,0.900133765576443,0.0490404291938416,0.170111133661475,0.131353618098253,0.0220064517013073,0.0129936558123065,0.0128737828061371,0.00904975524454284,0.0144440107993688,0.0101324290961184,0.0126314397214926,0.081472989207652,0.0567034133931698,0.0310153062410679,2.22818755477162,0.254114180541279,0.047692200167764,0.0207671469188641,0.11959990443076,0.0998819546867382,0.0799663556367109,0.0755416172739825,0.0543535722651412,0.0495827588300368,0.0229587889859666,0.0393626805106486,0.0332037085249741,0.0351348179758003,0.0322610636492137,0.0295749612573399,0.030557612253641,0.0589516369591677,0.0404986383910217,0.465559534290423,0.0215698407139247,0.0597483380352532,0.0214398163721596,0.0346067151394548,0.376867930070627,0.0322162907822585,0.0320580443428955,0.0103272521720946,0.0447721037495392,0.0374591942338291,0.757542253067734,0.106641471815975,0.204164964975713,0.0227093034325699,2.20872781537909,0.0980972138560418,0.0654205197721124,0.0677254503089324,0.164563030675964,0.251037999991561,0.0816992567387383,0.027573551325958,0.020171812450368,0.00797816303255059,0.0205383772139771,0.0298138850641848,0.0400977352323098,0.0098728215863773,0.0624924656837015,0.0712520636336402,0.0324267133540459,0.0931543248406051,0.321783255399649,0.12832808462256,0.0288519790949023,0.0872363992857148,0.0246054417471084,0.0795397081928584,0.0696043042857372,0.0117796770855846,0.0230149441555765,0.0269006117873658,0.0921207196256415,0,0.0649379420535018,0.0242904444396551,0.037543747797172,0.025283070201207,0.0281007097143687,0.0433851368835102,0.05158117321278
"Kayumbo Centre (OSM)",0.0473823206360481,0.0279175393689026,0.046576909589904,0.041842412212379,0.0411166596558682,0.0403268847586529,0.0295733525283598,0.0314262412885246,0.0282140835562105,0.0283530163685605,0.0201562685356011,0.0649307974795609,0.0194254350077785,0.0368564134877105,0.0919327059743799,0.0667743879133309,0.126735876618969,0.0833557380461395,0.0883055222192691,0.0700849174803987,0.119846508798622,0.16290042179606,0.145005578311315,0.181041757383405,0.036880203566815,0.030152015896352,0.0403468401209656,0.0522112199154601,0.0443737938824904,0.0125286612046719,0.0266142373100485,0.0422659083603797,0.0576272760811888,0.0849418604723083,0.0420313120352345,0.204058586389932,0.0328810891712475,0.059808929802809,0.0495287279522573,0.0188700773235238,0.0109873800411167,0.0112376032877206,0.0107558437681816,0.0171590747381606,0.0117391408271944,0.0149266994420005,0.0283364740458022,0.0255304844639878,0.0236956076951945,0.848818462119258,0.0834376365142925,0.0559544971781395,0.0316031705787879,0.0337980562175671,0.0317389616635718,0.0295536572809374,0.0287756429721229,0.030623090956704,0.0325518226719121,0.0167630222958283,0.0312415468842133,0.0681347100235326,0.0278891760965479,0.0287242072872267,0.029734876017073,0.0329758425828336,0.0341875650301954,0.0267675115405655,0.0640286973502508,0.0189561568249896,0.0727830814292185,0.0151686105771281,0.0284701696997089,0.0449141570969968,0.0238009791197392,0.0400834617209933,0.0120995789816623,0.0377494333697634,0.0569816656361822,0.0496495066271392,0.0474703968589106,0.0404017257663653,0.0199437901091763,0.0649108746398144,0.0456605736686222,0.0476373099477435,0.0371436177245639,0.060558195183056,0.0425033717062539,0.0466581677680995,0.021422701851319,0.0166301522706084,0.00940370201609998,0.0388127743997193,0.0215528536269042,0.0287214909478756,0.0114008019422478,0.0359733742561663,0.0382366889676831,0.0442987194259004,0.0449191884292278,0.269178591278687,0.05286560647548,0.0245385124827097,0.0429045244253185,0.0187305872293328,0.0410339078052959,0.0377116032281187,0.0139528469928158,0.0283035215616637,0.0208614563858497,0.0457435583621815,0.0649649854158408,0,0.019547586488685,0.0267393813855777,0.0422572841367737,0.0185201880847259,0.0301365434797234,0.0391859220436341
"Kinigi (OSM)",0.0141767306141486,0.0149880745891582,0.0175962217403712,0.0162265176649784,0.0161605612779278,0.0200709686632612,0.0160712125349829,0.784153698686401,0.0978723112441073,0.0284234836143864,0.0199079764481496,0.0275216230928798,0.0164513548597533,0.0352039180040528,0.0298179419025982,0.0241494763598782,0.0240864476007867,0.0244401884499152,0.0242205941204585,0.0242572404908194,0.0180643441864103,0.0162095484394362,0.0157375835899263,0.0191662863179019,0.0133827008407246,0.0137980486868421,0.0190185566370504,0.021406912112537,0.0190449337282922,0.00994908257738175,0.0394481548579475,0.0244176389493341,0.0220129218594669,0.0258510352332795,0.0148171235279283,0.0773863813547615,0.0422501413839502,0.028696498594943,0.0181480252287623,0.0638748157993575,0.0400396264808756,0.0391074279633686,0.00826830687642731,0.0133110525395209,0.00944825080803626,0.011613541658428,0.0152077097767664,0.0153176745469242,0.0381330544713282,0.32834038641732,0.0272343535344436,0.0146212211650878,0.0143214368164279,0.0172969485788305,0.0167172147941832,0.0161893848989697,0.0159197001276914,0.0145561323676897,0.0141647069663397,0.0151424577602998,0.0201275362355766,0.019580765197298,0.0124922528687936,0.0120893180962065,0.0117683313306844,0.0122857476738913,0.0283768418657869,0.0269588599974033,0.0211969137340993,0.0544296597921353,0.0156900555987251,0.00853914796321344,0.0322530962584305,0.0199736120254183,0.012046719250581,0.019077379447062,0.00949320881899157,0.144088064342844,0.0209511484689898,0.0209277558853122,0.0273663511219967,0.0191861786500647,0.0197046305808075,0.0237137879517687,0.0281522924771544,0.0473552271571755,0.027524779124733,0.0287769011437381,0.0196878234967098,0.0255966025174713,0.140736658072265,0.109695503438911,0.00730914431589143,0.011653249015959,0.0189920829156603,0.0564704785036288,0.00922162023638033,0.0261031318672313,0.0271159761080717,0.0192127906651928,0.0285246384920983,0.0351549840261946,0.02902346768053,0.0432638462293075,0.0275098077829736,0.185468079491426,0.0267768961727401,0.0272772377245601,0.0108686496178497,0.0154838947287043,0.24903459014869,0.0315273904700534,0.0242820699479326,0.0195484240887534,0,0.0128277208849217,0.0164714959305499,0.0160469472778332,0.0646835788772545,0.0198689053628751
"Cyunuzi (OSM)",0.0135198984669145,0.147845092425132,0.0168147239393292,0.0157491175404946,0.0156446508808831,0.0726806426438677,0.085107337523458,0.0201721603962607,0.0163444984321818,0.0195871024407119,0.0124548994157416,0.0266771651925324,0.0346376296953596,0.0236641942252231,0.0331590101525037,0.030744667128479,0.0250384327333422,0.0242636770649944,0.0242681153807831,0.0327728558905126,0.0307428734414173,0.0302002665283352,0.0289588409816508,0.0356355140725239,0.133587615313579,0.989261748729276,0.0489788740721744,0.0394019119809312,0.0415920364654788,0.00822114912798407,0.0181393879653867,0.0204738152147094,0.0179930595359933,0.0250957171418857,0.0159369280124268,0.0807444488643527,0.0178219622633619,0.0260264093349513,0.0314073048692665,0.0137945666521562,0.00744181024428233,0.00739726745007227,0.00651047113728923,0.0107703889074714,0.00786851809499583,0.00927141465185614,0.0418900242592313,0.0560823011979369,0.0145098276602483,0.293939483890495,0.0250674718126036,0.0662097559713836,0.01392027641865,0.0676078926358837,0.0747663232760904,0.10018038725527,0.108503157973662,0.220518356635667,0.321549683634556,0.0225601921643038,0.0142757278871541,0.0189068073465812,2.73741998398849,0.605516854940772,0.276713824919291,0.211916582353317,0.0224098620600297,0.0188144275341113,0.0254448846277399,0.01194266943434,0.05142747045438,0.0494401365272758,0.0153017268814963,0.0441603022265626,0.647455965102305,0.0154708568560153,0.00751936079347392,0.0253810559183414,0.0177100370461399,0.0410994326893127,0.0251380159489317,0.0533128348736064,0.0123624448904212,0.0335685765570635,0.0245963568476823,0.0392239633289173,0.0217011699791995,0.0254940561624221,0.0508633961276013,0.021404326686146,0.0136652970853001,0.0114857476148865,0.00579173715024628,0.0126939912676632,0.0261242923880138,0.0164979072800857,0.00771291437372411,0.0218396512069707,0.0220937201090012,0.0161175021484577,0.0244181812324064,0.0483787975093747,0.0247115245141161,0.0140747731604439,0.0237059099868825,0.0108836452389301,0.0231062565145697,0.0219041824214323,0.00881813677398051,0.0132624375620881,0.0125945347114145,0.0229650415395399,0.037271751061055,0.0266296309563121,0.0128524122556426,0,0.0159071570936896,0.026352895117334,0.0169123143178663,0.289980731978963
"Rubona (OSM)",0.138460168432722,0.0163321828105,7.25326848778465,3.2066658826357,1.70398913611484,0.0203410437173119,0.0165570298087089,0.0262885655166549,0.0194572089447077,0.0186709820268618,0.0239966326573955,0.698835636434915,0.0135787336956644,0.0224881124531577,0.0308606116093702,0.0253894199810238,0.0280436402024819,0.0252421721518592,0.0250521398391982,0.025517294614374,0.0299505312844203,0.0334529066524817,0.0343480058827152,0.0369896045687872,0.0192014271010475,0.0172122665781193,0.0197159040420617,0.0223695574529835,0.0197519994471971,0.0178379251713422,0.0177839387753237,0.0494096851480123,0.106815810330799,0.0286617146766161,0.195493438884556,0.079946463809664,0.0216243786483838,0.0295401950626227,0.0207297447111514,0.0205378494145646,0.0116171689398717,0.0123400336919477,0.0151686682545392,0.0253550664638571,0.0162059453604512,0.021123638600762,0.0155745805233015,0.0152249946608085,0.022872842054731,0.342097266842636,0.0292455244758826,0.0237675819478447,0.110982572145643,0.0178772324383621,0.0172513829586486,0.0166129810592018,0.0163388812241064,0.0173056577726537,0.01794584301494,0.0126613818980255,0.0471627712520645,0.179615108968377,0.0163254759373457,0.016622939468878,0.016979722457685,0.0180576247486297,0.0210496171800319,0.0178533932478981,0.0217654526725047,0.0226375365455871,0.0267016203545586,0.00956844145967306,0.0378492532897959,0.0207913616426747,0.0147660545352175,0.0665763523649831,0.016381243229692,0.0401220733637414,0.10889673649453,0.0218405781459599,0.0257719765711626,0.0198219478438585,0.0237449796426301,0.0248324101546,0.025215875270426,0.0324385188224083,0.0221978641114573,0.0295620112154074,0.0203620962483362,0.0338270995159206,0.0158382093970176,0.0182329839452225,0.0128983947678803,0.0807180788847011,0.0152982273117031,0.0198876721024937,0.0156158349743825,0.0218496597957819,0.0226042496641795,0.0785613928569429,0.0250569578448813,0.0538929296145648,0.0275945268703537,0.0306425693675721,0.0242871819217448,0.013123138372348,0.0236785777621497,0.0224065933269385,0.0204254463712987,0.0440503093406011,0.0157599511385208,0.0255264930391203,0.0252219003004074,0.0419811697055611,0.0164760215457348,0.0159074186233521,0,0.0132944092736386,0.0203273631857345,0.0237671780730384
"Frontière Kagitumba (Ouganda)",0.00319543373052624,0.00568006498110412,0.00438008097830215,0.00406009870313856,0.0041417512285316,0.0065478629408407,0.00589674268431854,0.00689515651963731,0.00497349996143934,0.00562952664538539,0.00414924151104948,0.00722060027317573,0.00680851128887256,0.00632457840004622,0.00577279271835083,0.00507808949776908,0.0074624438420036,0.00850569430190556,0.00907653207942266,0.00513854488618511,0.00491924534929361,0.00829481559975476,0.00837043957693491,0.00475408624552862,0.00526760035665334,0.00557009427306542,0.00551682147687411,0.00529388766441686,0.00527998787327565,0.0031967487836619,0.00522051821468961,0.00487757923099095,0.00453148919157736,0.00497659349015352,0.00403875491944008,0.0274445943478284,0.00466656827042659,0.00526130289107188,0.00511333890142762,0.00545621288272724,0.00748959751493602,0.00747236009179244,0.0059458099893419,0.0040995877948916,0.00314449898968906,0.0037118846583096,0.00508277379599597,0.00615572799027572,0.00448117563496966,0.0572512739493307,0.004156003970426,0.00498283599115778,0.00389949075581006,0.00571333754955749,0.00579687551155776,0.00595342451753851,0.00588631618231994,0.00564112460080033,0.00557166782251501,0.00649837634355422,0.00362718397508705,0.00433301603138703,0.00519921069230966,0.00511296005995068,0.00502837698653825,0.00502623148791433,0.00560147872778894,0.00528148472659535,0.00940328663897801,0.00399864528062391,0.00484401373927142,0.0094342036341894,0.00431253310525228,0.0053940851267329,0.00508721363905784,0.00425784001440538,0.00559736641131067,0.0174784452908198,0.00436661440898836,0.00533172439740753,0.00526542113310847,0.00568008952751165,0.00413125835526142,0.00522337307148223,0.00533455166468946,0.0198413800519785,0.0055019451665212,0.0050634957684552,0.00564744417040734,0.00480800971535944,0.00447559649480767,0.00416252625627348,0.00616545462087903,0.00757208548112125,0.00628068633963898,0.00478134870571162,0.00310066868808101,0.00570837473929604,0.00546399991121964,0.00426644640226749,0.00547338392903974,0.0164539189706562,0.00536768315991164,0.00429385808255152,0.00538364807695231,0.00846078586948342,0.00550335497711458,0.00547433608392762,0.00342765911041309,0.00414181098085175,0.00686050705734939,0.00546780486226062,0.00555555973663978,0.00483174359628056,0.00454419262970203,0.00531019076410196,0.00416100666937556,0,0.00491820457390277,0.0142541234926454
"Base (OSM)",0.0180462596293241,0.021033407620209,0.0215185135738041,0.0201456553988368,0.0199450106730995,0.0294060355032131,0.0233351832460153,0.131612689960387,0.46418451941924,0.0598917953528003,0.0186096527388203,0.0334949436838951,0.0246835848388111,0.0856491899339065,0.0573411166091032,0.0451602670174869,0.0440932659995872,0.0489319754985338,0.05032234886856,0.0455979193819568,0.0271907853253373,0.0249573951471183,0.024030123087274,0.0297003371925906,0.0180046231045434,0.0183347531840916,0.029997025005946,0.0366968916774626,0.0301094839337058,0.0095710082927476,0.16257804941947,0.0442960301332548,0.0295112644802218,0.0494851413785927,0.0176929590974913,0.15436760344359,0.172374931978541,0.0616910219339756,0.0274301683319781,0.0384968589389506,0.022493425069269,0.0221439847236486,0.00765830397558737,0.0126661178872565,0.00908410378256937,0.0107995067562092,0.0219451177425512,0.0213773174115435,0.0867006362788604,0.694921383395154,0.0685837157547637,0.0203624332327342,0.0172430515372619,0.0260448016775003,0.0247378475615879,0.0232216520079721,0.022730595295876,0.0200231351159156,0.0192619075197929,0.02181951456298,0.0278756786029397,0.0254944481272697,0.0163529651893511,0.0156545008856398,0.0150937114934228,0.015952455778853,0.0656891577238874,0.0590222956873157,0.0400157076542034,0.0334357853554231,0.0225302806947443,0.0105645061637639,0.0288877319682295,0.0326793054646001,0.0156313771972833,0.0248343297196899,0.00871685925340748,0.0796625047775828,0.0281623659765394,0.0353141355427973,0.0580232260134749,0.0299384570828294,0.0184471315619306,0.0430792673845595,0.0610076735672306,0.0790933681018672,0.0615389633213917,0.0642866776732225,0.0311632283918433,0.0503255195726499,0.105074413419302,0.0451864612474911,0.00677514022561198,0.0136954349778453,0.0308331855497294,0.234489142616486,0.00888330094911578,0.052464709395717,0.0597010074048712,0.0250668534814123,0.0609877376018691,0.0556291477046131,0.0628417828585432,0.0326739198153117,0.0582219394713944,0.0922732432989511,0.0560050719890481,0.06051333127812,0.0103473969823364,0.0186876040433231,0.0899348291355636,0.0704870638799493,0.0429137210965698,0.0299274940072515,0.0638468435391403,0.0169005833905,0.020296728711968,0.0207965363750688,0,0.0246787245511368
"Frontière Rusumo (Tanzanie)",0.00303661241077197,0.00537929322843047,0.0041926441953242,0.00399096307338548,0.00403410653603489,0.00550485888262612,0.00518039685356914,0.00584587094299345,0.00412353690455736,0.00434143578692564,0.00381687284944388,0.00709757222752192,0.00468653870687137,0.00468395141940695,0.00498655150787166,0.00461144377588297,0.00570843150259591,0.00618139229423225,0.00643702068479884,0.00465690988968988,0.00466529045403844,0.00648516186988343,0.00651677939596278,0.00478602855817345,0.00533775267102242,0.00579350425797428,0.00492904860412579,0.00477527316133816,0.00482419887778709,0.00323205532973963,0.00413794616376878,0.00433281366118172,0.00418780524967155,0.00451039896271262,0.00406530938001803,0.0197180938988863,0.00411804943420515,0.00451979417821141,0.00467692653725581,0.00485320948655502,0.0054127170342928,0.0054051704930823,0.00493895624540955,0.00407369803398451,0.00318569692367588,0.00358891908991511,0.00448687172249561,0.00507877393731335,0.00393313219472616,0.0488431512016773,0.00323410268103428,0.00506966138876214,0.0038582149393602,0.00507959501834886,0.00512582481862012,0.00530566335741201,0.00532173046213636,0.0055143376533829,0.00558944140789842,0.00434133895312107,0.00329518496853514,0.00420250798674589,0.00573730527507153,0.0056364375168504,0.00553323216574255,0.00548744316115838,0.00434035437573353,0.00417123271877519,0.00658150392621388,0.00368530743338515,0.00493829363086825,0.00716912198065481,0.0039605157690041,0.00484831584351498,0.00596678619529253,0.00397216910766846,0.0047891069168139,0.0129841451831736,0.00411140672186459,0.0048028818497441,0.00443589775573968,0.00502541452295278,0.00380481537239861,0.00470544512734613,0.00442949897273617,0.0122119204484453,0.00430951957856641,0.00445197075539322,0.00500104993566294,0.00430750539104911,0.00383781837328917,0.00364008867952804,0.0050808901679993,0.00600916655847822,0.00447634874247989,0.00409336089021293,0.00315198980129698,0.00438763974683071,0.00432366776948228,0.00401528550806069,0.00446307623354663,0.0121039594817837,0.00448258405335033,0.00392816695901806,0.00439581874839338,0.00581710383026791,0.0043970589285732,0.00431466465553096,0.00339708791401489,0.00388707655892797,0.00503917613391842,0.00451869630683705,0.00489536734553245,0.00463294616410017,0.00386315077130476,0.00583419324717809,0.00405084801068791,0.00776018050640691,0.00408742009342089,0
